filename,shape,path
-2-_jpg.rf.0RMFX4XgHwUIEhH5qQtN_72891.jpg,Pilote,forme/train/aviateur/-2-_jpg.rf.0RMFX4XgHwUIEhH5qQtN_72891.jpg
-in-her-hand-against-the-background-of-blurry-palms-travel-concept-748657975_jpg_11199.jpg,Pilote,forme/train/aviateur/-in-her-hand-against-the-background-of-blurry-palms-travel-concept-748657975_jpg_11199.jpg
101_jpg.rf.PZ2EJcIBCUt4Z3dH43gU_24505.jpg,Pilote,forme/train/aviateur/101_jpg.rf.PZ2EJcIBCUt4Z3dH43gU_24505.jpg
101_jpg.rf.QOTPAZDJ4hpEjrdJMao6_61757.jpg,Pilote,forme/train/aviateur/101_jpg.rf.QOTPAZDJ4hpEjrdJMao6_61757.jpg
102_jpg.rf.Bel0lVBAcG5IFmDikTBG_85700.jpg,Pilote,forme/train/aviateur/102_jpg.rf.Bel0lVBAcG5IFmDikTBG_85700.jpg
105-jpg_aug_png_jpg.rf.g64NZDOjcJOIsJ7yk1lo_32720.jpg,Pilote,forme/train/aviateur/105-jpg_aug_png_jpg.rf.g64NZDOjcJOIsJ7yk1lo_32720.jpg
105_jpg.rf.sDLl9iaaC419BhhVtAwG_88013.jpg,Pilote,forme/train/aviateur/105_jpg.rf.sDLl9iaaC419BhhVtAwG_88013.jpg
122c5518402c3bd4_jpg.rf.LWlJwL0qBZVnlWmXZFHT_34010.jpg,Pilote,forme/train/aviateur/122c5518402c3bd4_jpg.rf.LWlJwL0qBZVnlWmXZFHT_34010.jpg
129_jpg.rf.5B1M3yoDnFhEpWmbtehc_37245.jpg,Pilote,forme/train/aviateur/129_jpg.rf.5B1M3yoDnFhEpWmbtehc_37245.jpg
129_jpg.rf.5CTrZyauH2PvWkOjtTA3_89067.jpg,Pilote,forme/train/aviateur/129_jpg.rf.5CTrZyauH2PvWkOjtTA3_89067.jpg
129_jpg.rf.dAxhph3W6JrtseUiAMwy_62745.jpg,Pilote,forme/train/aviateur/129_jpg.rf.dAxhph3W6JrtseUiAMwy_62745.jpg
129_jpg.rf.YC9QsU0TCTPc4Zp5aptm_55617.jpg,Pilote,forme/train/aviateur/129_jpg.rf.YC9QsU0TCTPc4Zp5aptm_55617.jpg
14_jpg.rf.Ybl6X7SmxzR1NASw9pC2_96219.jpg,Pilote,forme/train/aviateur/14_jpg.rf.Ybl6X7SmxzR1NASw9pC2_96219.jpg
14_jpg.rf.YfjafrLKXBEsbrATlRHT_92014.jpg,Pilote,forme/train/aviateur/14_jpg.rf.YfjafrLKXBEsbrATlRHT_92014.jpg
1583c650c68bd9a05a757d92bd787230_jpg.rf.DMvIabwQC7kNv36KdgAp_48419.jpg,Pilote,forme/train/aviateur/1583c650c68bd9a05a757d92bd787230_jpg.rf.DMvIabwQC7kNv36KdgAp_48419.jpg
1583c650c68bd9a05a757d92bd787230_jpg.rf.E4e9XDKM7oCcekU71SPV_16888.jpg,Pilote,forme/train/aviateur/1583c650c68bd9a05a757d92bd787230_jpg.rf.E4e9XDKM7oCcekU71SPV_16888.jpg
1_jpg.rf.V0ZeVx9HyeQaxp5plWmE_50118.jpg,Pilote,forme/train/aviateur/1_jpg.rf.V0ZeVx9HyeQaxp5plWmE_50118.jpg
20230718_132328_aug1_jpg.rf.7kmSjNl1kix2GrsrXfFA_21147.jpg,Pilote,forme/train/aviateur/20230718_132328_aug1_jpg.rf.7kmSjNl1kix2GrsrXfFA_21147.jpg
20230718_132745_aug1_jpg.rf.HSY2jVE5FCOi1tXqc6lK_35857.jpg,Pilote,forme/train/aviateur/20230718_132745_aug1_jpg.rf.HSY2jVE5FCOi1tXqc6lK_35857.jpg
20230718_134448_aug1_jpg.rf.Gx6oaIiqap3GkGT61Rbs_63611.jpg,Pilote,forme/train/aviateur/20230718_134448_aug1_jpg.rf.Gx6oaIiqap3GkGT61Rbs_63611.jpg
20230718_135439_aug1_jpg.rf.WM37bmm9RZIPjDTIVZuZ_16941.jpg,Pilote,forme/train/aviateur/20230718_135439_aug1_jpg.rf.WM37bmm9RZIPjDTIVZuZ_16941.jpg
20230718_135709_aug1_jpg.rf.gkjSkJxVr74lMWwQn9RR_487.jpg,Pilote,forme/train/aviateur/20230718_135709_aug1_jpg.rf.gkjSkJxVr74lMWwQn9RR_487.jpg
20230718_135746_aug1_jpg.rf.ZEcEHwfrbV8TMSz4InLJ_19245.jpg,Pilote,forme/train/aviateur/20230718_135746_aug1_jpg.rf.ZEcEHwfrbV8TMSz4InLJ_19245.jpg
20230718_135824_aug1_jpg.rf.4mAo2HuI7mnrrRgdkWQ3_4663.jpg,Pilote,forme/train/aviateur/20230718_135824_aug1_jpg.rf.4mAo2HuI7mnrrRgdkWQ3_4663.jpg
22_jpg.rf.NBl5glCg5DEWej2YPp7I_47418.jpg,Pilote,forme/train/aviateur/22_jpg.rf.NBl5glCg5DEWej2YPp7I_47418.jpg
42_jpg.rf.uMZEaPvGDgCCKIkAGNDC_63962.jpg,Pilote,forme/train/aviateur/42_jpg.rf.uMZEaPvGDgCCKIkAGNDC_63962.jpg
4589711-05-2_jpg.rf.dT9tAlCIpfftSwoNSSKZ_72409.jpg,Pilote,forme/train/aviateur/4589711-05-2_jpg.rf.dT9tAlCIpfftSwoNSSKZ_72409.jpg
49-08_v_eye_luke_evans_cmyk_jpg.rf.5RZvBt7H3LhROeB9Pxmv_78081.jpg,Pilote,forme/train/aviateur/49-08_v_eye_luke_evans_cmyk_jpg.rf.5RZvBt7H3LhROeB9Pxmv_78081.jpg
4_jpg.rf.Q457mwZQVhHWDKhutgVo_15201.jpg,Pilote,forme/train/aviateur/4_jpg.rf.Q457mwZQVhHWDKhutgVo_15201.jpg
50_jpg.rf.9wpevZErZUjxSbmkix7n_93157.jpg,Pilote,forme/train/aviateur/50_jpg.rf.9wpevZErZUjxSbmkix7n_93157.jpg
53_jpg.rf.uTy8yaQBgv4oHW4JALNf_69093.jpg,Pilote,forme/train/aviateur/53_jpg.rf.uTy8yaQBgv4oHW4JALNf_69093.jpg
63_jpg.rf.Et6k44C1Opb2nQ61XkyT_88373.jpg,Pilote,forme/train/aviateur/63_jpg.rf.Et6k44C1Opb2nQ61XkyT_88373.jpg
68_jpg.rf.KRYPV1SA6ylDKABEFfdt_57221.jpg,Pilote,forme/train/aviateur/68_jpg.rf.KRYPV1SA6ylDKABEFfdt_57221.jpg
7bc5b3647966d97f_jpg.rf.Pibd94OsBiLf30hHS94F_17113.jpg,Pilote,forme/train/aviateur/7bc5b3647966d97f_jpg.rf.Pibd94OsBiLf30hHS94F_17113.jpg
7bc5b3647966d97f_jpg.rf.XBaTJx80X6It0T5VjXJ5_5481.jpg,Pilote,forme/train/aviateur/7bc5b3647966d97f_jpg.rf.XBaTJx80X6It0T5VjXJ5_5481.jpg
8-103-_jpg.rf.ycscC7YcSOSBH6ELDaR1_5705.jpg,Pilote,forme/train/aviateur/8-103-_jpg.rf.ycscC7YcSOSBH6ELDaR1_5705.jpg
8-108-_jpg.rf.EBbUu0xTg9PW6KynsNQc_89612.jpg,Pilote,forme/train/aviateur/8-108-_jpg.rf.EBbUu0xTg9PW6KynsNQc_89612.jpg
8-108-_jpg.rf.oFkLZwLP0ZPMAawT7T1H_49811.jpg,Pilote,forme/train/aviateur/8-108-_jpg.rf.oFkLZwLP0ZPMAawT7T1H_49811.jpg
8-109-_jpg.rf.ruoB6CegkgxdpTfd9DA8_21104.jpg,Pilote,forme/train/aviateur/8-109-_jpg.rf.ruoB6CegkgxdpTfd9DA8_21104.jpg
8-11-_jpg.rf.V6zq2KYNKSXhdKqthvH3_87323.jpg,Pilote,forme/train/aviateur/8-11-_jpg.rf.V6zq2KYNKSXhdKqthvH3_87323.jpg
8-110-_jpg.rf.EU6tfFoNLTpKVXJtWH3F_83007.jpg,Pilote,forme/train/aviateur/8-110-_jpg.rf.EU6tfFoNLTpKVXJtWH3F_83007.jpg
8-110-_jpg.rf.jyyYRwe2zAy6qtauEKnj_49664.jpg,Pilote,forme/train/aviateur/8-110-_jpg.rf.jyyYRwe2zAy6qtauEKnj_49664.jpg
8-112-_jpg.rf.2zQIHjSbly799QmsqQHL_18999.jpg,Pilote,forme/train/aviateur/8-112-_jpg.rf.2zQIHjSbly799QmsqQHL_18999.jpg
8-112-_jpg.rf.RFRstmHyR8CBCzVN80i4_77171.jpg,Pilote,forme/train/aviateur/8-112-_jpg.rf.RFRstmHyR8CBCzVN80i4_77171.jpg
8-12-_jpg.rf.rvb1QeoahyQv028Sma2d_39477.jpg,Pilote,forme/train/aviateur/8-12-_jpg.rf.rvb1QeoahyQv028Sma2d_39477.jpg
8-123-_jpg.rf.daaXDXim3ZGwvaXBoJgF_54119.jpg,Pilote,forme/train/aviateur/8-123-_jpg.rf.daaXDXim3ZGwvaXBoJgF_54119.jpg
8-124-_jpg.rf.gLnOz2bFtjE3OGGJr7iT_21411.jpg,Pilote,forme/train/aviateur/8-124-_jpg.rf.gLnOz2bFtjE3OGGJr7iT_21411.jpg
8-125-_jpg.rf.Yp8KJwDZI9pAnh70J2b4_86860.jpg,Pilote,forme/train/aviateur/8-125-_jpg.rf.Yp8KJwDZI9pAnh70J2b4_86860.jpg
8-127-_jpg.rf.bIhOcm59X6CoECzM99JU_64948.jpg,Pilote,forme/train/aviateur/8-127-_jpg.rf.bIhOcm59X6CoECzM99JU_64948.jpg
8-129-_jpg.rf.36jLsYMIYiWfGldwMP7W_14465.jpg,Pilote,forme/train/aviateur/8-129-_jpg.rf.36jLsYMIYiWfGldwMP7W_14465.jpg
8-13-_jpg.rf.QDntSPWDx1KRL1uLMRKW_96047.jpg,Pilote,forme/train/aviateur/8-13-_jpg.rf.QDntSPWDx1KRL1uLMRKW_96047.jpg
8-130-_jpg.rf.XQFDMFz09Bhk5IPrDSyD_7909.jpg,Pilote,forme/train/aviateur/8-130-_jpg.rf.XQFDMFz09Bhk5IPrDSyD_7909.jpg
8-131-_jpg.rf.b5NN2Iw4QwBrNkuNW7rU_60205.jpg,Pilote,forme/train/aviateur/8-131-_jpg.rf.b5NN2Iw4QwBrNkuNW7rU_60205.jpg
8-131-_jpg.rf.Jpks2kdAZmlPZJaootZN_96958.jpg,Pilote,forme/train/aviateur/8-131-_jpg.rf.Jpks2kdAZmlPZJaootZN_96958.jpg
8-132-_jpg.rf.I9ykmCxP7pBQa2YtRKHB_17391.jpg,Pilote,forme/train/aviateur/8-132-_jpg.rf.I9ykmCxP7pBQa2YtRKHB_17391.jpg
8-133-_jpg.rf.65VykX5CklVHg8wNrAcH_5564.jpg,Pilote,forme/train/aviateur/8-133-_jpg.rf.65VykX5CklVHg8wNrAcH_5564.jpg
8-133-_jpg.rf.9v2I1rzpzhXPrzHdYIDv_8206.jpg,Pilote,forme/train/aviateur/8-133-_jpg.rf.9v2I1rzpzhXPrzHdYIDv_8206.jpg
8-138-_jpg.rf.gK1vB1z44Arkr2Lm1Sdy_45586.jpg,Pilote,forme/train/aviateur/8-138-_jpg.rf.gK1vB1z44Arkr2Lm1Sdy_45586.jpg
8-139-_jpg.rf.zEDK1GPsXPgyxKMplAUy_82941.jpg,Pilote,forme/train/aviateur/8-139-_jpg.rf.zEDK1GPsXPgyxKMplAUy_82941.jpg
8-14-_jpg.rf.hri5ypP51kuAKAKDwqCY_34127.jpg,Pilote,forme/train/aviateur/8-14-_jpg.rf.hri5ypP51kuAKAKDwqCY_34127.jpg
8-140-_jpg.rf.bpQbnmoAPGuePA5X0cAk_96028.jpg,Pilote,forme/train/aviateur/8-140-_jpg.rf.bpQbnmoAPGuePA5X0cAk_96028.jpg
8-140-_jpg.rf.zlcpoIDUaTv2HfGLSIQU_36510.jpg,Pilote,forme/train/aviateur/8-140-_jpg.rf.zlcpoIDUaTv2HfGLSIQU_36510.jpg
8-141-_jpg.rf.FhDCtIAIGHqtPmgt1FLX_9866.jpg,Pilote,forme/train/aviateur/8-141-_jpg.rf.FhDCtIAIGHqtPmgt1FLX_9866.jpg
8-141-_jpg.rf.UkuTgQPZqFrxApyj9K6E_40416.jpg,Pilote,forme/train/aviateur/8-141-_jpg.rf.UkuTgQPZqFrxApyj9K6E_40416.jpg
8-142-_jpg.rf.3ifvc86G88c5BDZBudd6_16251.jpg,Pilote,forme/train/aviateur/8-142-_jpg.rf.3ifvc86G88c5BDZBudd6_16251.jpg
8-142-_jpg.rf.NSriINxybjQ38IZmpK9P_94819.jpg,Pilote,forme/train/aviateur/8-142-_jpg.rf.NSriINxybjQ38IZmpK9P_94819.jpg
8-142-_jpg.rf.Y07CcgoaTO3Hc0m0Hod0_79312.jpg,Pilote,forme/train/aviateur/8-142-_jpg.rf.Y07CcgoaTO3Hc0m0Hod0_79312.jpg
8-146-_jpg.rf.I6hg7VecFXeYWlyN8qV9_80817.jpg,Pilote,forme/train/aviateur/8-146-_jpg.rf.I6hg7VecFXeYWlyN8qV9_80817.jpg
8-148-_jpg.rf.KZw8WvMkmGugj4XHEAbV_82676.jpg,Pilote,forme/train/aviateur/8-148-_jpg.rf.KZw8WvMkmGugj4XHEAbV_82676.jpg
8-153-_jpg.rf.dI67Y9UwF4CuEkfVnNzp_82767.jpg,Pilote,forme/train/aviateur/8-153-_jpg.rf.dI67Y9UwF4CuEkfVnNzp_82767.jpg
8-153-_jpg.rf.iUPBn3PW5pouN3BMr7TM_55919.jpg,Pilote,forme/train/aviateur/8-153-_jpg.rf.iUPBn3PW5pouN3BMr7TM_55919.jpg
8-169-_jpg.rf.3Afb5IKKJdjnAErBHDgM_80246.jpg,Pilote,forme/train/aviateur/8-169-_jpg.rf.3Afb5IKKJdjnAErBHDgM_80246.jpg
8-169-_jpg.rf.Hfr3kpcVYSps2d70cOaR_89641.jpg,Pilote,forme/train/aviateur/8-169-_jpg.rf.Hfr3kpcVYSps2d70cOaR_89641.jpg
8-175-_jpg.rf.HPzZWarWHz3apQa3uv76_87170.jpg,Pilote,forme/train/aviateur/8-175-_jpg.rf.HPzZWarWHz3apQa3uv76_87170.jpg
8-176-_jpg.rf.D6ZgItKPjgaLMpz1aLAG_84185.jpg,Pilote,forme/train/aviateur/8-176-_jpg.rf.D6ZgItKPjgaLMpz1aLAG_84185.jpg
8-178-_jpg.rf.kkNFjt5EwQd4rG43nKyC_20747.jpg,Pilote,forme/train/aviateur/8-178-_jpg.rf.kkNFjt5EwQd4rG43nKyC_20747.jpg
8-178-_jpg.rf.TvqdRkKZVAHbOYy3CPIB_1037.jpg,Pilote,forme/train/aviateur/8-178-_jpg.rf.TvqdRkKZVAHbOYy3CPIB_1037.jpg
8-18-_jpg.rf.03Gk4vkhVelIYNa2lcse_76705.jpg,Pilote,forme/train/aviateur/8-18-_jpg.rf.03Gk4vkhVelIYNa2lcse_76705.jpg
8-18-_jpg.rf.IAmzwunvvuo9d9iS4ahe_15312.jpg,Pilote,forme/train/aviateur/8-18-_jpg.rf.IAmzwunvvuo9d9iS4ahe_15312.jpg
8-18-_jpg.rf.ZsthNx45P2eUnqinZTmG_86205.jpg,Pilote,forme/train/aviateur/8-18-_jpg.rf.ZsthNx45P2eUnqinZTmG_86205.jpg
8-181-_jpg.rf.OeJLTvSH444UO5FfY5J5_58511.jpg,Pilote,forme/train/aviateur/8-181-_jpg.rf.OeJLTvSH444UO5FfY5J5_58511.jpg
8-183-_jpg.rf.eRorajXFpBYIg9kMFEoP_60137.jpg,Pilote,forme/train/aviateur/8-183-_jpg.rf.eRorajXFpBYIg9kMFEoP_60137.jpg
8-183-_jpg.rf.gowXwLHGf1d32VzcUPKz_82809.jpg,Pilote,forme/train/aviateur/8-183-_jpg.rf.gowXwLHGf1d32VzcUPKz_82809.jpg
8-184-_jpg.rf.HSiMry7RMO11HQQXt0U9_88155.jpg,Pilote,forme/train/aviateur/8-184-_jpg.rf.HSiMry7RMO11HQQXt0U9_88155.jpg
8-187-_jpg.rf.Gv6dDUaYEBHoCgwp8625_8235.jpg,Pilote,forme/train/aviateur/8-187-_jpg.rf.Gv6dDUaYEBHoCgwp8625_8235.jpg
8-187-_jpg.rf.nKigg5ACvPPfIlluYa5q_80885.jpg,Pilote,forme/train/aviateur/8-187-_jpg.rf.nKigg5ACvPPfIlluYa5q_80885.jpg
8-188-_jpg.rf.TJLiRfOpehOsABLF3mcY_30983.jpg,Pilote,forme/train/aviateur/8-188-_jpg.rf.TJLiRfOpehOsABLF3mcY_30983.jpg
8-188-_jpg.rf.yB6W4IugzVKE56L332f6_39064.jpg,Pilote,forme/train/aviateur/8-188-_jpg.rf.yB6W4IugzVKE56L332f6_39064.jpg
8-189-_jpg.rf.fEZNupYJlCZJeMwzeI6E_5878.jpg,Pilote,forme/train/aviateur/8-189-_jpg.rf.fEZNupYJlCZJeMwzeI6E_5878.jpg
8-190-_jpg.rf.vwLcgolbDlFNmktnzLJO_13527.jpg,Pilote,forme/train/aviateur/8-190-_jpg.rf.vwLcgolbDlFNmktnzLJO_13527.jpg
8-192-_jpg.rf.RCByf4wF47HRSXQcO4J4_42973.jpg,Pilote,forme/train/aviateur/8-192-_jpg.rf.RCByf4wF47HRSXQcO4J4_42973.jpg
8-193-_jpg.rf.NUoOj9Dkm0tZSBLIY9dG_75414.jpg,Pilote,forme/train/aviateur/8-193-_jpg.rf.NUoOj9Dkm0tZSBLIY9dG_75414.jpg
8-195-_jpg.rf.ugUZxtoIHQra8rAYqMXq_87558.jpg,Pilote,forme/train/aviateur/8-195-_jpg.rf.ugUZxtoIHQra8rAYqMXq_87558.jpg
8-20-_jpg.rf.exdnkxKGJgckqLSJmskL_27360.jpg,Pilote,forme/train/aviateur/8-20-_jpg.rf.exdnkxKGJgckqLSJmskL_27360.jpg
8-20-_jpg.rf.HwLzf0PA7fggHsjiT1Oe_86001.jpg,Pilote,forme/train/aviateur/8-20-_jpg.rf.HwLzf0PA7fggHsjiT1Oe_86001.jpg
8-200-_jpg.rf.mXaq06S3MD4r8vLJaAV1_64495.jpg,Pilote,forme/train/aviateur/8-200-_jpg.rf.mXaq06S3MD4r8vLJaAV1_64495.jpg
8-23-_jpg.rf.cifFrqpEm5zh5tYD4LAk_88451.jpg,Pilote,forme/train/aviateur/8-23-_jpg.rf.cifFrqpEm5zh5tYD4LAk_88451.jpg
8-23-_jpg.rf.EGJlBTtbZPgzD9fOVnT4_45767.jpg,Pilote,forme/train/aviateur/8-23-_jpg.rf.EGJlBTtbZPgzD9fOVnT4_45767.jpg
8-25-_jpg.rf.ekaJuYMsFb0ZTVJDKtLG_31422.jpg,Pilote,forme/train/aviateur/8-25-_jpg.rf.ekaJuYMsFb0ZTVJDKtLG_31422.jpg
8-25-_jpg.rf.yA1iZFLrInwZuB9EVTO6_57981.jpg,Pilote,forme/train/aviateur/8-25-_jpg.rf.yA1iZFLrInwZuB9EVTO6_57981.jpg
8-28-_jpg.rf.mZdTssnzEFhFJHMX1r76_62862.jpg,Pilote,forme/train/aviateur/8-28-_jpg.rf.mZdTssnzEFhFJHMX1r76_62862.jpg
8-4-_jpg.rf.i8nihIfvgNdRHSEYmA30_21016.jpg,Pilote,forme/train/aviateur/8-4-_jpg.rf.i8nihIfvgNdRHSEYmA30_21016.jpg
8-4-_jpg.rf.J7Dn2jUc7Sb5RgnjH0i2_79905.jpg,Pilote,forme/train/aviateur/8-4-_jpg.rf.J7Dn2jUc7Sb5RgnjH0i2_79905.jpg
8-4-_jpg.rf.LSzYfELZlWTcXCsTSufW_8974.jpg,Pilote,forme/train/aviateur/8-4-_jpg.rf.LSzYfELZlWTcXCsTSufW_8974.jpg
8-4-_jpg.rf.Vf37pQ4CgzURBgbDauPV_99045.jpg,Pilote,forme/train/aviateur/8-4-_jpg.rf.Vf37pQ4CgzURBgbDauPV_99045.jpg
8-42-_jpg.rf.PaqlFufi0CSrZiiI73lH_24988.jpg,Pilote,forme/train/aviateur/8-42-_jpg.rf.PaqlFufi0CSrZiiI73lH_24988.jpg
8-45-_jpg.rf.9UxtwKYAuly1VUosodBm_84505.jpg,Pilote,forme/train/aviateur/8-45-_jpg.rf.9UxtwKYAuly1VUosodBm_84505.jpg
8-48-_jpg.rf.4nTvwlJXVsYsqTFgiuYx_44757.jpg,Pilote,forme/train/aviateur/8-48-_jpg.rf.4nTvwlJXVsYsqTFgiuYx_44757.jpg
8-5-_jpg.rf.a48kAoLmTMI5OK48n4RW_15457.jpg,Pilote,forme/train/aviateur/8-5-_jpg.rf.a48kAoLmTMI5OK48n4RW_15457.jpg
8-51-_jpg.rf.SrNNtaiSIU8Wtuv5ehSo_94320.jpg,Pilote,forme/train/aviateur/8-51-_jpg.rf.SrNNtaiSIU8Wtuv5ehSo_94320.jpg
8-53-_jpg.rf.8fwCJjPkGE7VB9ZnvxZj_57083.jpg,Pilote,forme/train/aviateur/8-53-_jpg.rf.8fwCJjPkGE7VB9ZnvxZj_57083.jpg
8-53-_jpg.rf.BkFEanAYlCb1W8Ch9936_51745.jpg,Pilote,forme/train/aviateur/8-53-_jpg.rf.BkFEanAYlCb1W8Ch9936_51745.jpg
8-53-_jpg.rf.lAFVMbLTVGIKnWEr3qfj_60278.jpg,Pilote,forme/train/aviateur/8-53-_jpg.rf.lAFVMbLTVGIKnWEr3qfj_60278.jpg
8-6-_jpg.rf.b8MFxsOTtz3nIxZjrbRj_49846.jpg,Pilote,forme/train/aviateur/8-6-_jpg.rf.b8MFxsOTtz3nIxZjrbRj_49846.jpg
8-6-_jpg.rf.nn72nvfiUTVWfRksONJk_47874.jpg,Pilote,forme/train/aviateur/8-6-_jpg.rf.nn72nvfiUTVWfRksONJk_47874.jpg
8-6-_jpg.rf.PufyNAo0CBVCsUT4tLK1_26601.jpg,Pilote,forme/train/aviateur/8-6-_jpg.rf.PufyNAo0CBVCsUT4tLK1_26601.jpg
8-66-_jpg.rf.CtpudGfUsblApmTuYfew_65019.jpg,Pilote,forme/train/aviateur/8-66-_jpg.rf.CtpudGfUsblApmTuYfew_65019.jpg
8-66-_jpg.rf.PQxnM0CdUi6JXwkQkIKt_95576.jpg,Pilote,forme/train/aviateur/8-66-_jpg.rf.PQxnM0CdUi6JXwkQkIKt_95576.jpg
8-67-_jpg.rf.yR0kxtIc81Mm1N1ns91m_28451.jpg,Pilote,forme/train/aviateur/8-67-_jpg.rf.yR0kxtIc81Mm1N1ns91m_28451.jpg
8-68-_jpg.rf.kEjyxNRMhEHq4NF0AC9l_84189.jpg,Pilote,forme/train/aviateur/8-68-_jpg.rf.kEjyxNRMhEHq4NF0AC9l_84189.jpg
8-68-_jpg.rf.oHy8pSWSIwSQv1UmaPjo_9954.jpg,Pilote,forme/train/aviateur/8-68-_jpg.rf.oHy8pSWSIwSQv1UmaPjo_9954.jpg
8-69-_jpg.rf.7iCJGtcMecrmgUUpOacR_23442.jpg,Pilote,forme/train/aviateur/8-69-_jpg.rf.7iCJGtcMecrmgUUpOacR_23442.jpg
8-69-_jpg.rf.iaMoio2OSLYYqbnqTOt0_7430.jpg,Pilote,forme/train/aviateur/8-69-_jpg.rf.iaMoio2OSLYYqbnqTOt0_7430.jpg
8-69-_jpg.rf.lKIgoyL7cOimyre3fPgl_26327.jpg,Pilote,forme/train/aviateur/8-69-_jpg.rf.lKIgoyL7cOimyre3fPgl_26327.jpg
8-70-_jpg.rf.1DWWhp2cC8jzx8XHxed3_99643.jpg,Pilote,forme/train/aviateur/8-70-_jpg.rf.1DWWhp2cC8jzx8XHxed3_99643.jpg
8-72-_jpg.rf.se90hc8NLmwB6bKzqd0z_63284.jpg,Pilote,forme/train/aviateur/8-72-_jpg.rf.se90hc8NLmwB6bKzqd0z_63284.jpg
8-72-_jpg.rf.uiknXDdjF0BsOWghE5jP_31964.jpg,Pilote,forme/train/aviateur/8-72-_jpg.rf.uiknXDdjF0BsOWghE5jP_31964.jpg
8-78-_jpg.rf.F9Nu4gaUIyi4g7mLRdUD_67866.jpg,Pilote,forme/train/aviateur/8-78-_jpg.rf.F9Nu4gaUIyi4g7mLRdUD_67866.jpg
8-79-_jpg.rf.HzM6n3Jwp2yApeTN4xFS_89499.jpg,Pilote,forme/train/aviateur/8-79-_jpg.rf.HzM6n3Jwp2yApeTN4xFS_89499.jpg
8-79-_jpg.rf.iVaV7ze59CYy9I65s4Fk_85778.jpg,Pilote,forme/train/aviateur/8-79-_jpg.rf.iVaV7ze59CYy9I65s4Fk_85778.jpg
8-8-_jpg.rf.T7d6Qjh4wCg8qlIA1mSR_34028.jpg,Pilote,forme/train/aviateur/8-8-_jpg.rf.T7d6Qjh4wCg8qlIA1mSR_34028.jpg
8-83-_jpg.rf.mO7bAEaDljUpx0YQJPGr_76732.jpg,Pilote,forme/train/aviateur/8-83-_jpg.rf.mO7bAEaDljUpx0YQJPGr_76732.jpg
8-85-_jpg.rf.YMGqUbkWccWSdO8S3EQF_96210.jpg,Pilote,forme/train/aviateur/8-85-_jpg.rf.YMGqUbkWccWSdO8S3EQF_96210.jpg
8-86-_jpg.rf.ihh8iy0aPTjGcCU5p4Uz_4579.jpg,Pilote,forme/train/aviateur/8-86-_jpg.rf.ihh8iy0aPTjGcCU5p4Uz_4579.jpg
8-88-_jpg.rf.o9izNoeDN0Al4SmqvL3u_99618.jpg,Pilote,forme/train/aviateur/8-88-_jpg.rf.o9izNoeDN0Al4SmqvL3u_99618.jpg
8-91-_jpg.rf.AhnRQVdQxSAaDOiC56kQ_46676.jpg,Pilote,forme/train/aviateur/8-91-_jpg.rf.AhnRQVdQxSAaDOiC56kQ_46676.jpg
8-91-_jpg.rf.oO3vCD7eW99Hw1eptDJy_25481.jpg,Pilote,forme/train/aviateur/8-91-_jpg.rf.oO3vCD7eW99Hw1eptDJy_25481.jpg
8-91-_jpg.rf.rbP2bSdJAsIWdVkN1vWU_59052.jpg,Pilote,forme/train/aviateur/8-91-_jpg.rf.rbP2bSdJAsIWdVkN1vWU_59052.jpg
8-91-_jpg.rf.Y2k3pxkZwrPnHmuJPnh0_29888.jpg,Pilote,forme/train/aviateur/8-91-_jpg.rf.Y2k3pxkZwrPnHmuJPnh0_29888.jpg
8-92-_jpg.rf.X7BAWdOS1YI1H0Mqpwzw_51353.jpg,Pilote,forme/train/aviateur/8-92-_jpg.rf.X7BAWdOS1YI1H0Mqpwzw_51353.jpg
8-95-_jpg.rf.G2fZjxhTnlD13JVYH00e_88795.jpg,Pilote,forme/train/aviateur/8-95-_jpg.rf.G2fZjxhTnlD13JVYH00e_88795.jpg
8-95-_jpg.rf.iUeGtc4uBVMTF2O4HJ0b_20370.jpg,Pilote,forme/train/aviateur/8-95-_jpg.rf.iUeGtc4uBVMTF2O4HJ0b_20370.jpg
8-97-_jpg.rf.ZIQuazg5xYsrWm5alwKx_31263.jpg,Pilote,forme/train/aviateur/8-97-_jpg.rf.ZIQuazg5xYsrWm5alwKx_31263.jpg
8-98-_jpg.rf.JFDHvCz3pqmoVSok1jsi_72999.jpg,Pilote,forme/train/aviateur/8-98-_jpg.rf.JFDHvCz3pqmoVSok1jsi_72999.jpg
8-98-_jpg.rf.NXVFMpu0zO5K9Yd9y8BJ_78371.jpg,Pilote,forme/train/aviateur/8-98-_jpg.rf.NXVFMpu0zO5K9Yd9y8BJ_78371.jpg
8-99-_jpg.rf.EJIDkI6qJjKTjKKJsWXQ_73519.jpg,Pilote,forme/train/aviateur/8-99-_jpg.rf.EJIDkI6qJjKTjKKJsWXQ_73519.jpg
8-99-_jpg.rf.VMZzIZP1zsak7ZuNcn7r_70828.jpg,Pilote,forme/train/aviateur/8-99-_jpg.rf.VMZzIZP1zsak7ZuNcn7r_70828.jpg
88_jpg.rf.YuF3X5QK6aB3f3F3aKjt_91361.jpg,Pilote,forme/train/aviateur/88_jpg.rf.YuF3X5QK6aB3f3F3aKjt_91361.jpg
adult-hiking-sunglasses-mh100-category-3_jpg.rf.jZpfS8fRBBXoAZI8FugE_72360.jpg,Pilote,forme/train/aviateur/adult-hiking-sunglasses-mh100-category-3_jpg.rf.jZpfS8fRBBXoAZI8FugE_72360.jpg
adult-hiking-sunglasses-mh100-category-3_jpg.rf.kKi918ljAWDDsKaNowfW_74823.jpg,Pilote,forme/train/aviateur/adult-hiking-sunglasses-mh100-category-3_jpg.rf.kKi918ljAWDDsKaNowfW_74823.jpg
adult-hiking-sunglasses-mh100-category-3_jpg.rf.n3HCUvsU91AKSD1OqYdA_30246.jpg,Pilote,forme/train/aviateur/adult-hiking-sunglasses-mh100-category-3_jpg.rf.n3HCUvsU91AKSD1OqYdA_30246.jpg
e84_jpg.rf.nedFsBVHHMucII0jDX22_31056.jpg,Pilote,forme/train/aviateur/e84_jpg.rf.nedFsBVHHMucII0jDX22_31056.jpg
glasses140_png_jpg.rf.OdkSNfhjb9igb8qAkWx9_41548.jpg,Pilote,forme/train/aviateur/glasses140_png_jpg.rf.OdkSNfhjb9igb8qAkWx9_41548.jpg
image4_jpeg_jpg.rf.qgMyDo5rH9UUvzdZWzkR_43653.jpg,Pilote,forme/train/aviateur/image4_jpeg_jpg.rf.qgMyDo5rH9UUvzdZWzkR_43653.jpg
images-1-_png_jpg.rf.uIbswCtIaPsNXyDfKQIh_88471.jpg,Pilote,forme/train/aviateur/images-1-_png_jpg.rf.uIbswCtIaPsNXyDfKQIh_88471.jpg
images-11_png_jpg.rf.In3Ocvuwh6IzYwyKvYEb_16946.jpg,Pilote,forme/train/aviateur/images-11_png_jpg.rf.In3Ocvuwh6IzYwyKvYEb_16946.jpg
images-17_png_jpg.rf.ZWFVwIQ7heiX7l4pbPhm_27374.jpg,Pilote,forme/train/aviateur/images-17_png_jpg.rf.ZWFVwIQ7heiX7l4pbPhm_27374.jpg
images-20-_jpg.rf.1rzF3RM7jo1JGjybPcAT_92950.jpg,Pilote,forme/train/aviateur/images-20-_jpg.rf.1rzF3RM7jo1JGjybPcAT_92950.jpg
images-20-_jpg.rf.q2yK6aCcORlO1hkwXaye_32276.jpg,Pilote,forme/train/aviateur/images-20-_jpg.rf.q2yK6aCcORlO1hkwXaye_32276.jpg
images-9-_jpg.rf.B3XWHRBViTqlACns0Hdv_34761.jpg,Pilote,forme/train/aviateur/images-9-_jpg.rf.B3XWHRBViTqlACns0Hdv_34761.jpg
images-9-_jpg.rf.zJO2nISnkFWSxbAoxYf6_41983.jpg,Pilote,forme/train/aviateur/images-9-_jpg.rf.zJO2nISnkFWSxbAoxYf6_41983.jpg
images10_jpg.rf.fMutX4z3KGXd1xCONska_21496.jpg,Pilote,forme/train/aviateur/images10_jpg.rf.fMutX4z3KGXd1xCONska_21496.jpg
images12_jpg.rf.66iYsFvsXTh9MzEgQDKR_94918.jpg,Pilote,forme/train/aviateur/images12_jpg.rf.66iYsFvsXTh9MzEgQDKR_94918.jpg
images18_jpg.rf.u9NAZpLHyY9Etm6LBcEo_23429.jpg,Pilote,forme/train/aviateur/images18_jpg.rf.u9NAZpLHyY9Etm6LBcEo_23429.jpg
images19-jpg_flip_aug_png_jpg.rf.CY3ORAdPgkKK5CPDgd3i_92528.jpg,Pilote,forme/train/aviateur/images19-jpg_flip_aug_png_jpg.rf.CY3ORAdPgkKK5CPDgd3i_92528.jpg
images19_jpg.rf.qAxGJFcLuK9d2ZfMWWeE_74368.jpg,Pilote,forme/train/aviateur/images19_jpg.rf.qAxGJFcLuK9d2ZfMWWeE_74368.jpg
images19_jpg.rf.qQG1vh059VYXKSvgDat9_59617.jpg,Pilote,forme/train/aviateur/images19_jpg.rf.qQG1vh059VYXKSvgDat9_59617.jpg
images25-jpg_cloud_affine_aug_png_jpg.rf.t5lburLeCuXP4wSbmicr_69172.jpg,Pilote,forme/train/aviateur/images25-jpg_cloud_affine_aug_png_jpg.rf.t5lburLeCuXP4wSbmicr_69172.jpg
images25-jpg_shear_aug_png_jpg.rf.0cIbrohHelZjJV4kybxI_84608.jpg,Pilote,forme/train/aviateur/images25-jpg_shear_aug_png_jpg.rf.0cIbrohHelZjJV4kybxI_84608.jpg
images40_jpg.rf.Ob7c0PygHTdJiKLecTIo_44084.jpg,Pilote,forme/train/aviateur/images40_jpg.rf.Ob7c0PygHTdJiKLecTIo_44084.jpg
images59-jpg_aug_png_jpg.rf.SHxxM92MiriPG19KVoya_20488.jpg,Pilote,forme/train/aviateur/images59-jpg_aug_png_jpg.rf.SHxxM92MiriPG19KVoya_20488.jpg
images59_jpg.rf.C1gkNptnRR0V6xkQVF6b_13089.jpg,Pilote,forme/train/aviateur/images59_jpg.rf.C1gkNptnRR0V6xkQVF6b_13089.jpg
images75_jpg.rf.rCo0qFk4Ej2ojP1YrZBs_34059.jpg,Pilote,forme/train/aviateur/images75_jpg.rf.rCo0qFk4Ej2ojP1YrZBs_34059.jpg
Install-2-generic-nosepads-1_jpg.rf.lAYuGBEOkdHoV0xJQcGF_41085.jpg,Pilote,forme/train/aviateur/Install-2-generic-nosepads-1_jpg.rf.lAYuGBEOkdHoV0xJQcGF_41085.jpg
istockphoto-825337010-612x612_jpg.rf.kOm4sDoF1nwHhO1TqtEt_77028.jpg,Pilote,forme/train/aviateur/istockphoto-825337010-612x612_jpg.rf.kOm4sDoF1nwHhO1TqtEt_77028.jpg
rBVaVFzmRjiAbr6jAAKObGwyV0E072_jpg.rf.LeoFMCfHFxWGiDxm7YCp_3706.jpg,Pilote,forme/train/aviateur/rBVaVFzmRjiAbr6jAAKObGwyV0E072_jpg.rf.LeoFMCfHFxWGiDxm7YCp_3706.jpg
s-l1600_jpg.rf.J6WSH4UOed3jpMuKgTSG_19985.jpg,Pilote,forme/train/aviateur/s-l1600_jpg.rf.J6WSH4UOed3jpMuKgTSG_19985.jpg
s-l3002_jpg.rf.jWunggSkEWSPoEGTCAk1_54300.jpg,Pilote,forme/train/aviateur/s-l3002_jpg.rf.jWunggSkEWSPoEGTCAk1_54300.jpg
s-l3004_jpg.rf.7xOoJBC1EgrRlGZa6wCA_20110.jpg,Pilote,forme/train/aviateur/s-l3004_jpg.rf.7xOoJBC1EgrRlGZa6wCA_20110.jpg
s-l4002_jpg.rf.LKKLlUsjrFL6EO5LyktN_23710.jpg,Pilote,forme/train/aviateur/s-l4002_jpg.rf.LKKLlUsjrFL6EO5LyktN_23710.jpg
s-l4005_jpg.rf.jxGpgHHiOPsppAzS5yia_89492.jpg,Pilote,forme/train/aviateur/s-l4005_jpg.rf.jxGpgHHiOPsppAzS5yia_89492.jpg
s-l5004_jpg.rf.qfIO1mLGByUvWLLIBtAS_74886.jpg,Pilote,forme/train/aviateur/s-l5004_jpg.rf.qfIO1mLGByUvWLLIBtAS_74886.jpg
s-l5004_jpg.rf.uw2kRr4dboiBRJD9ltkR_63286.jpg,Pilote,forme/train/aviateur/s-l5004_jpg.rf.uw2kRr4dboiBRJD9ltkR_63286.jpg
sunglasses-on-a-table-2HAJF28_jpg.rf.MCi16HQG91W433q5d6fy_99254.jpg,Pilote,forme/train/aviateur/sunglasses-on-a-table-2HAJF28_jpg.rf.MCi16HQG91W433q5d6fy_99254.jpg
s_5a931f678af1c53c07c3b9a0_jpg.rf.YUGaeMA2OFux0WsDF7ld_47512.jpg,Pilote,forme/train/aviateur/s_5a931f678af1c53c07c3b9a0_jpg.rf.YUGaeMA2OFux0WsDF7ld_47512.jpg
THE-OBSERVER-II-CHG-WI-Z57_front-e1522922536334_jpg.rf.Vi14tMBtx3YpEujMmy8k_81434.jpg,Pilote,forme/train/aviateur/THE-OBSERVER-II-CHG-WI-Z57_front-e1522922536334_jpg.rf.Vi14tMBtx3YpEujMmy8k_81434.jpg
women-with-glass_54_jpg.rf.pgTmILafIA0cXhYl9K3D_32589.jpg,Pilote,forme/train/aviateur/women-with-glass_54_jpg.rf.pgTmILafIA0cXhYl9K3D_32589.jpg
women-with-glass_54_jpg.rf.zzkmwmxrLJNIvaz94Xls_74256.jpg,Pilote,forme/train/aviateur/women-with-glass_54_jpg.rf.zzkmwmxrLJNIvaz94Xls_74256.jpg
women-with-glass_65_jpg.rf.AuaF6DrEiJz3vNukrARI_37302.jpg,Pilote,forme/train/aviateur/women-with-glass_65_jpg.rf.AuaF6DrEiJz3vNukrARI_37302.jpg
women-with-glass_65_jpg.rf.QdnBVTKhBeS9Gr59YFub_47004.jpg,Pilote,forme/train/aviateur/women-with-glass_65_jpg.rf.QdnBVTKhBeS9Gr59YFub_47004.jpg
women-with-glass_67_jpg.rf.V8T9FQ7p1vqQRVGkvGwB_74481.jpg,Pilote,forme/train/aviateur/women-with-glass_67_jpg.rf.V8T9FQ7p1vqQRVGkvGwB_74481.jpg
women-with-glass_67_jpg.rf.wK6WYPoXERPnGBr5GoW5_24679.jpg,Pilote,forme/train/aviateur/women-with-glass_67_jpg.rf.wK6WYPoXERPnGBr5GoW5_24679.jpg
women-with-glass_67_jpg.rf.xHPRYmzNVgQmtHmgfXyP_4518.jpg,Pilote,forme/train/aviateur/women-with-glass_67_jpg.rf.xHPRYmzNVgQmtHmgfXyP_4518.jpg
women-with-glass_7_jpg.rf.25Z2pskKG89ZtOgSzQ1D_53712.jpg,Pilote,forme/train/aviateur/women-with-glass_7_jpg.rf.25Z2pskKG89ZtOgSzQ1D_53712.jpg
women-with-glass_7_jpg.rf.flJb5V7yRtRVs1A6HfN1_22196.jpg,Pilote,forme/train/aviateur/women-with-glass_7_jpg.rf.flJb5V7yRtRVs1A6HfN1_22196.jpg
women-with-glass_7_jpg.rf.VGHzp2LrlCAamznC67Ou_78833.jpg,Pilote,forme/train/aviateur/women-with-glass_7_jpg.rf.VGHzp2LrlCAamznC67Ou_78833.jpg
women-with-glass_88_jpg.rf.UGeswAuaElfuFEloBHAe_92933.jpg,Pilote,forme/train/aviateur/women-with-glass_88_jpg.rf.UGeswAuaElfuFEloBHAe_92933.jpg
women-with-glass_99_jpg.rf.dv17CtbWm7dfEemMUxGN_96722.jpg,Pilote,forme/train/aviateur/women-with-glass_99_jpg.rf.dv17CtbWm7dfEemMUxGN_96722.jpg
women-with-glass_99_jpg.rf.KhDRpRZJ110A6hRx2w97_54769.jpg,Pilote,forme/train/aviateur/women-with-glass_99_jpg.rf.KhDRpRZJ110A6hRx2w97_54769.jpg
women-with-glass_99_jpg.rf.lkjZhKpTEHQOEWGI6jtw_40841.jpg,Pilote,forme/train/aviateur/women-with-glass_99_jpg.rf.lkjZhKpTEHQOEWGI6jtw_40841.jpg
carre_0001.png,Carrée,forme/train/carrée/carre_0001.png
carre_0002.png,Carrée,forme/train/carrée/carre_0002.png
carre_0003.png,Carrée,forme/train/carrée/carre_0003.png
carre_0004.png,Carrée,forme/train/carrée/carre_0004.png
carre_0005.png,Carrée,forme/train/carrée/carre_0005.png
carre_0006.png,Carrée,forme/train/carrée/carre_0006.png
carre_0007.png,Carrée,forme/train/carrée/carre_0007.png
carre_0008.png,Carrée,forme/train/carrée/carre_0008.png
carre_0009.png,Carrée,forme/train/carrée/carre_0009.png
carre_0010.png,Carrée,forme/train/carrée/carre_0010.png
carre_0011.png,Carrée,forme/train/carrée/carre_0011.png
carre_0012.png,Carrée,forme/train/carrée/carre_0012.png
carre_0013.png,Carrée,forme/train/carrée/carre_0013.png
carre_0014.png,Carrée,forme/train/carrée/carre_0014.png
carre_0015.png,Carrée,forme/train/carrée/carre_0015.png
carre_0016.png,Carrée,forme/train/carrée/carre_0016.png
carre_0017.png,Carrée,forme/train/carrée/carre_0017.png
carre_0018.png,Carrée,forme/train/carrée/carre_0018.png
carre_0019.png,Carrée,forme/train/carrée/carre_0019.png
carre_0020.png,Carrée,forme/train/carrée/carre_0020.png
carre_0021.png,Carrée,forme/train/carrée/carre_0021.png
carre_0022.png,Carrée,forme/train/carrée/carre_0022.png
carre_0023.png,Carrée,forme/train/carrée/carre_0023.png
carre_0024.png,Carrée,forme/train/carrée/carre_0024.png
carre_0025.png,Carrée,forme/train/carrée/carre_0025.png
carre_0026.png,Carrée,forme/train/carrée/carre_0026.png
carre_0027.png,Carrée,forme/train/carrée/carre_0027.png
carre_0028.png,Carrée,forme/train/carrée/carre_0028.png
carre_0029.png,Carrée,forme/train/carrée/carre_0029.png
carre_0030.png,Carrée,forme/train/carrée/carre_0030.png
carre_0031.png,Carrée,forme/train/carrée/carre_0031.png
carre_0032.png,Carrée,forme/train/carrée/carre_0032.png
carre_0033.png,Carrée,forme/train/carrée/carre_0033.png
carre_0034.png,Carrée,forme/train/carrée/carre_0034.png
carre_0035.png,Carrée,forme/train/carrée/carre_0035.png
carre_0036.png,Carrée,forme/train/carrée/carre_0036.png
carre_0037.png,Carrée,forme/train/carrée/carre_0037.png
carre_0038.png,Carrée,forme/train/carrée/carre_0038.png
carre_0039.jpg,Carrée,forme/train/carrée/carre_0039.jpg
-1-jpg_aug_png_jpg.rf.71ZXbxhhqbUGjDzaZ2Cg.jpg,Ovale,forme/train/ovale/-1-jpg_aug_png_jpg.rf.71ZXbxhhqbUGjDzaZ2Cg.jpg
-1-_jpg.rf.k44UYVNdNAHswJAAumLg.jpg,Ovale,forme/train/ovale/-1-_jpg.rf.k44UYVNdNAHswJAAumLg.jpg
-1-_jpg.rf.k6SaEVqpKW9Tfh1Cedvx.jpg,Ovale,forme/train/ovale/-1-_jpg.rf.k6SaEVqpKW9Tfh1Cedvx.jpg
-1-_jpg.rf.Og4txg6l8CEiuIb15gua.jpg,Ovale,forme/train/ovale/-1-_jpg.rf.Og4txg6l8CEiuIb15gua.jpg
-1-_jpg.rf.OMicUoM7hh38TOzRkJ1M.jpg,Ovale,forme/train/ovale/-1-_jpg.rf.OMicUoM7hh38TOzRkJ1M.jpg
-1-_jpg.rf.WemJtHwK5VNWWeEuSDoL.jpg,Ovale,forme/train/ovale/-1-_jpg.rf.WemJtHwK5VNWWeEuSDoL.jpg
-10-jpg_aug_png_jpg.rf.7tiFTBJC9NwrMazeunR2.jpg,Ovale,forme/train/ovale/-10-jpg_aug_png_jpg.rf.7tiFTBJC9NwrMazeunR2.jpg
-10-jpg_aug_png_jpg.rf.7tiFTBJC9NwrMazeunR2_69647.jpg,Ovale,forme/train/ovale/-10-jpg_aug_png_jpg.rf.7tiFTBJC9NwrMazeunR2_69647.jpg
-10-_jpg.rf.08Oxxy0wxOh1O6SFRrqA.jpg,Ovale,forme/train/ovale/-10-_jpg.rf.08Oxxy0wxOh1O6SFRrqA.jpg
-2-_jpg.rf.Pd34U0i5I38OQWuUQYM4.jpg,Ovale,forme/train/ovale/-2-_jpg.rf.Pd34U0i5I38OQWuUQYM4.jpg
-2-_jpg.rf.Pd34U0i5I38OQWuUQYM4_94856.jpg,Ovale,forme/train/ovale/-2-_jpg.rf.Pd34U0i5I38OQWuUQYM4_94856.jpg
-2-_jpg.rf.WOtbjBaGgR3HlDDIIobN.jpg,Ovale,forme/train/ovale/-2-_jpg.rf.WOtbjBaGgR3HlDDIIobN.jpg
-2-_jpg.rf.WOtbjBaGgR3HlDDIIobN_57253.jpg,Ovale,forme/train/ovale/-2-_jpg.rf.WOtbjBaGgR3HlDDIIobN_57253.jpg
-2-_jpg.rf.yL9b8WublMOAS1CiDovw_87534.jpg,Ovale,forme/train/ovale/-2-_jpg.rf.yL9b8WublMOAS1CiDovw_87534.jpg
-4-jpg_cloud_affine_aug_png_jpg.rf.Vt58VBkkocvYj7a4wKbB_80047.jpg,Ovale,forme/train/ovale/-4-jpg_cloud_affine_aug_png_jpg.rf.Vt58VBkkocvYj7a4wKbB_80047.jpg
-6-_jpg.rf.ioluVTPs2NtUQgh9Ocrz_74842.jpg,Ovale,forme/train/ovale/-6-_jpg.rf.ioluVTPs2NtUQgh9Ocrz_74842.jpg
-7-_jpg.rf.u5FHwJsR5pzUlvdK8pes_94344.jpg,Ovale,forme/train/ovale/-7-_jpg.rf.u5FHwJsR5pzUlvdK8pes_94344.jpg
-7-_jpg.rf.Y25gk4upc2y2wwSvnYAm_33972.jpg,Ovale,forme/train/ovale/-7-_jpg.rf.Y25gk4upc2y2wwSvnYAm_33972.jpg
118_jpg.rf.qLvB2h9syCAOJyna2EW2_4197.jpg,Ovale,forme/train/ovale/118_jpg.rf.qLvB2h9syCAOJyna2EW2_4197.jpg
121-jpg_cloud_affine_aug_png_jpg.rf.9ZhSODOcKRRqSy1xLXIU_99742.jpg,Ovale,forme/train/ovale/121-jpg_cloud_affine_aug_png_jpg.rf.9ZhSODOcKRRqSy1xLXIU_99742.jpg
12_jpg.rf.7Yb4Ynh62c3KDYk2i0ou_87017.jpg,Ovale,forme/train/ovale/12_jpg.rf.7Yb4Ynh62c3KDYk2i0ou_87017.jpg
132-jpg_dropout_aug_png_jpg.rf.jCrGJLoB4qKXFvav4S4B_81408.jpg,Ovale,forme/train/ovale/132-jpg_dropout_aug_png_jpg.rf.jCrGJLoB4qKXFvav4S4B_81408.jpg
132-jpg_flip_aug_png_jpg.rf.3OfhjDsUf0n1PrOywFVW_40547.jpg,Ovale,forme/train/ovale/132-jpg_flip_aug_png_jpg.rf.3OfhjDsUf0n1PrOywFVW_40547.jpg
132_jpg.rf.SBZiEiVMTfIJkPBDNlvA_50503.jpg,Ovale,forme/train/ovale/132_jpg.rf.SBZiEiVMTfIJkPBDNlvA_50503.jpg
133-jpg_dropout_aug_png_jpg.rf.05a6OstqeftVx8dSyb8R_59123.jpg,Ovale,forme/train/ovale/133-jpg_dropout_aug_png_jpg.rf.05a6OstqeftVx8dSyb8R_59123.jpg
133-jpg_shear_aug_png_jpg.rf.nBVXihNux66uFzbQ4lS0_34676.jpg,Ovale,forme/train/ovale/133-jpg_shear_aug_png_jpg.rf.nBVXihNux66uFzbQ4lS0_34676.jpg
1337-03_1_1_jpg.rf.N4nVgP7dWuhnVwNX3BYi_86930.jpg,Ovale,forme/train/ovale/1337-03_1_1_jpg.rf.N4nVgP7dWuhnVwNX3BYi_86930.jpg
143_jpg.rf.kInmHBZrEPCVqQTlNMrb_59281.jpg,Ovale,forme/train/ovale/143_jpg.rf.kInmHBZrEPCVqQTlNMrb_59281.jpg
143_jpg.rf.ZK2jGVdvhQU4tzvJJHjI_6136.jpg,Ovale,forme/train/ovale/143_jpg.rf.ZK2jGVdvhQU4tzvJJHjI_6136.jpg
15-photo-1567515004624-219c11d31f2e-jpg_flip_aug_png_jpg.rf.QNoltrRHqQ1H6K54IrnO_71641.jpg,Ovale,forme/train/ovale/15-photo-1567515004624-219c11d31f2e-jpg_flip_aug_png_jpg.rf.QNoltrRHqQ1H6K54IrnO_71641.jpg
16-close-up-attractive-young-black-man-with-picture_csp55045079-jpg_dropout_aug__87997.jpg,Ovale,forme/train/ovale/16-close-up-attractive-young-black-man-with-picture_csp55045079-jpg_dropout_aug__87997.jpg
16-close-up-attractive-young-black-man-with-picture_csp55045079-jpg_shear_aug_pn_30875.jpg,Ovale,forme/train/ovale/16-close-up-attractive-young-black-man-with-picture_csp55045079-jpg_shear_aug_pn_30875.jpg
16-close-up-attractive-young-black-man-with-picture_csp55045079_jpg.rf.9U7dRMUhH_65264.jpg,Ovale,forme/train/ovale/16-close-up-attractive-young-black-man-with-picture_csp55045079_jpg.rf.9U7dRMUhH_65264.jpg
16-close-up-attractive-young-black-man-with-picture_csp55045079_jpg.rf.Cx1XbvRRt_5815.jpg,Ovale,forme/train/ovale/16-close-up-attractive-young-black-man-with-picture_csp55045079_jpg.rf.Cx1XbvRRt_5815.jpg
20230718_132429_aug2_jpg.rf.noT0AjVDdShYjVNb3Ztp_62766.jpg,Ovale,forme/train/ovale/20230718_132429_aug2_jpg.rf.noT0AjVDdShYjVNb3Ztp_62766.jpg
20230718_132849_aug2_jpg.rf.fzGjUBkUoMlHzWzZYez4_82403.jpg,Ovale,forme/train/ovale/20230718_132849_aug2_jpg.rf.fzGjUBkUoMlHzWzZYez4_82403.jpg
20230718_133037_aug1_jpg.rf.qxARAiis1X0SRcPtyiOV_54368.jpg,Ovale,forme/train/ovale/20230718_133037_aug1_jpg.rf.qxARAiis1X0SRcPtyiOV_54368.jpg
20230718_133645_aug2_jpg.rf.MjYQdzTemjGL8LfWHPWD_72794.jpg,Ovale,forme/train/ovale/20230718_133645_aug2_jpg.rf.MjYQdzTemjGL8LfWHPWD_72794.jpg
20230718_133653_aug2_jpg.rf.zXOniT9twnMOA9VWRn2S_32634.jpg,Ovale,forme/train/ovale/20230718_133653_aug2_jpg.rf.zXOniT9twnMOA9VWRn2S_32634.jpg
20230718_133654_aug2_jpg.rf.BtnRCk3HVKfvc1PrTtog_12087.jpg,Ovale,forme/train/ovale/20230718_133654_aug2_jpg.rf.BtnRCk3HVKfvc1PrTtog_12087.jpg
20230718_134326_aug2_jpg.rf.EMwAmq3uI5H0C9xpxE4d_56512.jpg,Ovale,forme/train/ovale/20230718_134326_aug2_jpg.rf.EMwAmq3uI5H0C9xpxE4d_56512.jpg
20230718_134448_aug2_jpg.rf.vlKRcPeRHRrFKgGyVD5y_60351.jpg,Ovale,forme/train/ovale/20230718_134448_aug2_jpg.rf.vlKRcPeRHRrFKgGyVD5y_60351.jpg
20230718_134651_aug2_jpg.rf.dW2H7LAFfuOBAFa3uUeq_42281.jpg,Ovale,forme/train/ovale/20230718_134651_aug2_jpg.rf.dW2H7LAFfuOBAFa3uUeq_42281.jpg
20230718_135249_aug1_jpg.rf.n7xmyscnwAcR90z8PKZ7_67222.jpg,Ovale,forme/train/ovale/20230718_135249_aug1_jpg.rf.n7xmyscnwAcR90z8PKZ7_67222.jpg
20230718_135249_aug2_jpg.rf.8cWqPpZWI9q7eMWnrkpx_74400.jpg,Ovale,forme/train/ovale/20230718_135249_aug2_jpg.rf.8cWqPpZWI9q7eMWnrkpx_74400.jpg
20230718_135309_aug2_jpg.rf.fL3puAh2pBFXgWXI9SAE_89586.jpg,Ovale,forme/train/ovale/20230718_135309_aug2_jpg.rf.fL3puAh2pBFXgWXI9SAE_89586.jpg
20230718_135316_aug2_jpg.rf.zs93tGJ36jEFwwEQVbMT_77221.jpg,Ovale,forme/train/ovale/20230718_135316_aug2_jpg.rf.zs93tGJ36jEFwwEQVbMT_77221.jpg
20230718_135616_aug1_jpg.rf.2dwHWqaTm47glI1yTpf9_85108.jpg,Ovale,forme/train/ovale/20230718_135616_aug1_jpg.rf.2dwHWqaTm47glI1yTpf9_85108.jpg
20230718_135636_aug1_jpg.rf.B7O8IvMlkmpHBkUaW2zz_19755.jpg,Ovale,forme/train/ovale/20230718_135636_aug1_jpg.rf.B7O8IvMlkmpHBkUaW2zz_19755.jpg
20230718_135714_aug2_jpg.rf.IZFuUlicwKk49vtdL4Wg_152.jpg,Ovale,forme/train/ovale/20230718_135714_aug2_jpg.rf.IZFuUlicwKk49vtdL4Wg_152.jpg
20230718_135717_aug2_jpg.rf.wJgMTzjn3RKZX1mx1YGj_7243.jpg,Ovale,forme/train/ovale/20230718_135717_aug2_jpg.rf.wJgMTzjn3RKZX1mx1YGj_7243.jpg
20230718_135852_aug2_jpg.rf.O7IpGy0I963LTmOnLcia_51036.jpg,Ovale,forme/train/ovale/20230718_135852_aug2_jpg.rf.O7IpGy0I963LTmOnLcia_51036.jpg
20230806_213503_aug2_jpg.rf.ZvsKCNc55ry3rGw3qlJu_99528.jpg,Ovale,forme/train/ovale/20230806_213503_aug2_jpg.rf.ZvsKCNc55ry3rGw3qlJu_99528.jpg
20230806_213518_aug2_jpg.rf.NSpcA03GWdHW3eR1JjjB_84592.jpg,Ovale,forme/train/ovale/20230806_213518_aug2_jpg.rf.NSpcA03GWdHW3eR1JjjB_84592.jpg
24-happy-smiling-man-working-on-laptop-picture-id1088355350_jpg.rf.ccuFxxKN2Xh4U_91256.jpg,Ovale,forme/train/ovale/24-happy-smiling-man-working-on-laptop-picture-id1088355350_jpg.rf.ccuFxxKN2Xh4U_91256.jpg
24-happy-smiling-man-working-on-laptop-picture-id1088355350_jpg.rf.GrUfHtj8CJBUe_70541.jpg,Ovale,forme/train/ovale/24-happy-smiling-man-working-on-laptop-picture-id1088355350_jpg.rf.GrUfHtj8CJBUe_70541.jpg
24-happy-smiling-man-working-on-laptop-picture-id1088355350_jpg.rf.ubxz0evfBOUmL_66476.jpg,Ovale,forme/train/ovale/24-happy-smiling-man-working-on-laptop-picture-id1088355350_jpg.rf.ubxz0evfBOUmL_66476.jpg
36_jpg.rf.BKCqBq0hAlI4px556bNo_67612.jpg,Ovale,forme/train/ovale/36_jpg.rf.BKCqBq0hAlI4px556bNo_67612.jpg
37-barryjenkins-ta-645629730_jpg.rf.RxEiPDxuLMo5VeHknkuU_39619.jpg,Ovale,forme/train/ovale/37-barryjenkins-ta-645629730_jpg.rf.RxEiPDxuLMo5VeHknkuU_39619.jpg
37_jpg.rf.eUpTvfuQNAPxX1qEgdhu_51828.jpg,Ovale,forme/train/ovale/37_jpg.rf.eUpTvfuQNAPxX1qEgdhu_51828.jpg
38_jpg.rf.QvWfbr0L6174ftXM9o46_4893.jpg,Ovale,forme/train/ovale/38_jpg.rf.QvWfbr0L6174ftXM9o46_4893.jpg
39-handsome-guy-glasses-white-shirt-260nw-552011224_jpg.rf.086NTF35hq5aGewO0q9O_91957.jpg,Ovale,forme/train/ovale/39-handsome-guy-glasses-white-shirt-260nw-552011224_jpg.rf.086NTF35hq5aGewO0q9O_91957.jpg
39-handsome-guy-glasses-white-shirt-260nw-552011224_jpg.rf.BcT6TJ2ZKBgdZFYD1Ckb_22742.jpg,Ovale,forme/train/ovale/39-handsome-guy-glasses-white-shirt-260nw-552011224_jpg.rf.BcT6TJ2ZKBgdZFYD1Ckb_22742.jpg
3_jpg.rf.SMRJIVy5Zhjt1uhsY9m2_17814.jpg,Ovale,forme/train/ovale/3_jpg.rf.SMRJIVy5Zhjt1uhsY9m2_17814.jpg
3_jpg.rf.Vpkn0zppKOl0ZvDeqkvW_40869.jpg,Ovale,forme/train/ovale/3_jpg.rf.Vpkn0zppKOl0ZvDeqkvW_40869.jpg
46-shutterstock_1359025880-e1563827644941-scaled_jpg.rf.2Lsvei3MT5OLjD1TSyOt_53273.jpg,Ovale,forme/train/ovale/46-shutterstock_1359025880-e1563827644941-scaled_jpg.rf.2Lsvei3MT5OLjD1TSyOt_53273.jpg
46-shutterstock_1359025880-e1563827644941-scaled_jpg.rf.UZeXJtBz7piAdlrWxD7i_40769.jpg,Ovale,forme/train/ovale/46-shutterstock_1359025880-e1563827644941-scaled_jpg.rf.UZeXJtBz7piAdlrWxD7i_40769.jpg
46-shutterstock_1359025880-e1563827644941-scaled_jpg.rf.Zw9keaN8fgsV8VZb59y4_17267.jpg,Ovale,forme/train/ovale/46-shutterstock_1359025880-e1563827644941-scaled_jpg.rf.Zw9keaN8fgsV8VZb59y4_17267.jpg
48_jpg.rf.28t8zV9xlek1B4k99hrE_60337.jpg,Ovale,forme/train/ovale/48_jpg.rf.28t8zV9xlek1B4k99hrE_60337.jpg
48_jpg.rf.gjwrI1IdUim6ij9EnnVz_28789.jpg,Ovale,forme/train/ovale/48_jpg.rf.gjwrI1IdUim6ij9EnnVz_28789.jpg
48_jpg.rf.PvkEaqgkdMBumZMUDi2m_31779.jpg,Ovale,forme/train/ovale/48_jpg.rf.PvkEaqgkdMBumZMUDi2m_31779.jpg
48_jpg.rf.RHo25lrAzGXOgZxQc86P_28740.jpg,Ovale,forme/train/ovale/48_jpg.rf.RHo25lrAzGXOgZxQc86P_28740.jpg
48_jpg.rf.t1DDpcrTIJupRkYFuj71_87865.jpg,Ovale,forme/train/ovale/48_jpg.rf.t1DDpcrTIJupRkYFuj71_87865.jpg
48_jpg.rf.UQ3EnfvptRp3ofqS4viH_89340.jpg,Ovale,forme/train/ovale/48_jpg.rf.UQ3EnfvptRp3ofqS4viH_89340.jpg
48_jpg.rf.VxytyR1QN0raJDMfvDDm_81963.jpg,Ovale,forme/train/ovale/48_jpg.rf.VxytyR1QN0raJDMfvDDm_81963.jpg
49_jpg.rf.KYZ8lFIIoKjhsmbLpdFW_3925.jpg,Ovale,forme/train/ovale/49_jpg.rf.KYZ8lFIIoKjhsmbLpdFW_3925.jpg
4_jpg.rf.BfkySNldokBONIjWFkSh_23604.jpg,Ovale,forme/train/ovale/4_jpg.rf.BfkySNldokBONIjWFkSh_23604.jpg
4_jpg.rf.leIOVoyFYSgd1mYLCrkv_52450.jpg,Ovale,forme/train/ovale/4_jpg.rf.leIOVoyFYSgd1mYLCrkv_52450.jpg
51_jpg.rf.S58XqE52MK1Tp5GfMzTI_62603.jpg,Ovale,forme/train/ovale/51_jpg.rf.S58XqE52MK1Tp5GfMzTI_62603.jpg
550px-nowatermark-Adjust-Eye-Glasses-Step-7-Version-8_jpg.rf.H7SNzISabiwVrehnspG_89438.jpg,Ovale,forme/train/ovale/550px-nowatermark-Adjust-Eye-Glasses-Step-7-Version-8_jpg.rf.H7SNzISabiwVrehnspG_89438.jpg
550px-nowatermark-Adjust-Eye-Glasses-Step-7-Version-8_jpg.rf.ZU3mRCxFSoCBnoN2GMF_59330.jpg,Ovale,forme/train/ovale/550px-nowatermark-Adjust-Eye-Glasses-Step-7-Version-8_jpg.rf.ZU3mRCxFSoCBnoN2GMF_59330.jpg
57_jpg.rf.PiU6qh8Wg4SpmhSUiIiu_22546.jpg,Ovale,forme/train/ovale/57_jpg.rf.PiU6qh8Wg4SpmhSUiIiu_22546.jpg
58_jpg.rf.aLvp6WgO3vP8TYqpmKSs_30002.jpg,Ovale,forme/train/ovale/58_jpg.rf.aLvp6WgO3vP8TYqpmKSs_30002.jpg
60_jpg.rf.fKqUnivu7To1L3Jm5foP_96200.jpg,Ovale,forme/train/ovale/60_jpg.rf.fKqUnivu7To1L3Jm5foP_96200.jpg
65_jpg.rf.Z2TfXxJ9OogQxwiEvOHq_99778.jpg,Ovale,forme/train/ovale/65_jpg.rf.Z2TfXxJ9OogQxwiEvOHq_99778.jpg
8-102-_jpg.rf.h3qYR5o8PO7DCid7gmwl_5522.jpg,Ovale,forme/train/ovale/8-102-_jpg.rf.h3qYR5o8PO7DCid7gmwl_5522.jpg
8-114-_jpg.rf.85A6nkr8a0vCSiUtxArJ_89445.jpg,Ovale,forme/train/ovale/8-114-_jpg.rf.85A6nkr8a0vCSiUtxArJ_89445.jpg
8-114-_jpg.rf.H2Wm6PIIL9OPkBk647Kh_49333.jpg,Ovale,forme/train/ovale/8-114-_jpg.rf.H2Wm6PIIL9OPkBk647Kh_49333.jpg
8-114-_jpg.rf.tEcXGrdN6j2zmv8AOIZE_28844.jpg,Ovale,forme/train/ovale/8-114-_jpg.rf.tEcXGrdN6j2zmv8AOIZE_28844.jpg
8-114-_jpg.rf.UYcfsdlhqpvSl1eNVWoW_84239.jpg,Ovale,forme/train/ovale/8-114-_jpg.rf.UYcfsdlhqpvSl1eNVWoW_84239.jpg
8-134-_jpg.rf.9o6V4sMLPOs2Lu7zpWXY_51202.jpg,Ovale,forme/train/ovale/8-134-_jpg.rf.9o6V4sMLPOs2Lu7zpWXY_51202.jpg
8-139-_jpg.rf.OEsNV0llSLA7v9TWVA3q_60456.jpg,Ovale,forme/train/ovale/8-139-_jpg.rf.OEsNV0llSLA7v9TWVA3q_60456.jpg
8-14-_jpg.rf.fkzM6mR4rcX6qPZOz7lf_37752.jpg,Ovale,forme/train/ovale/8-14-_jpg.rf.fkzM6mR4rcX6qPZOz7lf_37752.jpg
8-143-_jpg.rf.jtqeyYrMFyBwhVoUKXkD_54756.jpg,Ovale,forme/train/ovale/8-143-_jpg.rf.jtqeyYrMFyBwhVoUKXkD_54756.jpg
8-144-_jpg.rf.SEgc0ptsx6ReIlv4h6PL_71345.jpg,Ovale,forme/train/ovale/8-144-_jpg.rf.SEgc0ptsx6ReIlv4h6PL_71345.jpg
8-144-_jpg.rf.zfcUdl8tDgiYhCott14o_41099.jpg,Ovale,forme/train/ovale/8-144-_jpg.rf.zfcUdl8tDgiYhCott14o_41099.jpg
8-150-_jpg.rf.IVGC3Dx86t0JFYFeUiPV_26676.jpg,Ovale,forme/train/ovale/8-150-_jpg.rf.IVGC3Dx86t0JFYFeUiPV_26676.jpg
8-151-_jpg.rf.h5Dg6gGnm8Taz4GcGayC_23964.jpg,Ovale,forme/train/ovale/8-151-_jpg.rf.h5Dg6gGnm8Taz4GcGayC_23964.jpg
8-154-_jpg.rf.n3jmuYmD14UFw0PyzHeV_97399.jpg,Ovale,forme/train/ovale/8-154-_jpg.rf.n3jmuYmD14UFw0PyzHeV_97399.jpg
8-157-_jpg.rf.6Y4146EFFEpCaQqhCW6Y_31233.jpg,Ovale,forme/train/ovale/8-157-_jpg.rf.6Y4146EFFEpCaQqhCW6Y_31233.jpg
8-165-_jpg.rf.2OouxPwjB7fWnRXm43QP_79949.jpg,Ovale,forme/train/ovale/8-165-_jpg.rf.2OouxPwjB7fWnRXm43QP_79949.jpg
8-172-_jpg.rf.RHUXHLR0k5y1mJieQSRH_62446.jpg,Ovale,forme/train/ovale/8-172-_jpg.rf.RHUXHLR0k5y1mJieQSRH_62446.jpg
8-172-_jpg.rf.Ydf7TX9cRHbgt2p8twrI_36619.jpg,Ovale,forme/train/ovale/8-172-_jpg.rf.Ydf7TX9cRHbgt2p8twrI_36619.jpg
8-178-_jpg.rf.ZBCk2sfZQ1fvnARIj6is_36051.jpg,Ovale,forme/train/ovale/8-178-_jpg.rf.ZBCk2sfZQ1fvnARIj6is_36051.jpg
8-180-_jpg.rf.bc60gIryocbyxnDfyIgf_87196.jpg,Ovale,forme/train/ovale/8-180-_jpg.rf.bc60gIryocbyxnDfyIgf_87196.jpg
8-19-_jpg.rf.cHrkRC3tpnrVVfhVn6aw_25251.jpg,Ovale,forme/train/ovale/8-19-_jpg.rf.cHrkRC3tpnrVVfhVn6aw_25251.jpg
8-195-_jpg.rf.7VC1WX4p0gXZLmeRib3t_53335.jpg,Ovale,forme/train/ovale/8-195-_jpg.rf.7VC1WX4p0gXZLmeRib3t_53335.jpg
8-24-_jpg.rf.QdifrFViHvz7GxZIQKJY_33591.jpg,Ovale,forme/train/ovale/8-24-_jpg.rf.QdifrFViHvz7GxZIQKJY_33591.jpg
8-24-_jpg.rf.Qo1LBhkFWlZe3MbEJTnW_39182.jpg,Ovale,forme/train/ovale/8-24-_jpg.rf.Qo1LBhkFWlZe3MbEJTnW_39182.jpg
8-27-_jpg.rf.RXR3XU50cg38pnaXNgBu_55898.jpg,Ovale,forme/train/ovale/8-27-_jpg.rf.RXR3XU50cg38pnaXNgBu_55898.jpg
8-32-_jpg.rf.dWtVMrpFqb9iU30G49Mk_87724.jpg,Ovale,forme/train/ovale/8-32-_jpg.rf.dWtVMrpFqb9iU30G49Mk_87724.jpg
8-36-_jpg.rf.mCJkfvGlZcUVneDoyU8n_62897.jpg,Ovale,forme/train/ovale/8-36-_jpg.rf.mCJkfvGlZcUVneDoyU8n_62897.jpg
8-36-_jpg.rf.vG6MvKffbZerz8lBcWeb_61067.jpg,Ovale,forme/train/ovale/8-36-_jpg.rf.vG6MvKffbZerz8lBcWeb_61067.jpg
8-38-_jpg.rf.LIHfOqnbPpnbYh7XuZ9K_81950.jpg,Ovale,forme/train/ovale/8-38-_jpg.rf.LIHfOqnbPpnbYh7XuZ9K_81950.jpg
8-40-_jpg.rf.4NxudHenxLxAOhmbK92e_13954.jpg,Ovale,forme/train/ovale/8-40-_jpg.rf.4NxudHenxLxAOhmbK92e_13954.jpg
8-40-_jpg.rf.zcDVwFiGn6tlyDRhyp2U_16078.jpg,Ovale,forme/train/ovale/8-40-_jpg.rf.zcDVwFiGn6tlyDRhyp2U_16078.jpg
8-49-_jpg.rf.sIVV4qZsFESvvGUL3ep8_93704.jpg,Ovale,forme/train/ovale/8-49-_jpg.rf.sIVV4qZsFESvvGUL3ep8_93704.jpg
8-54-_jpg.rf.oy5U6oMvc9VWCZHNgH5d_10890.jpg,Ovale,forme/train/ovale/8-54-_jpg.rf.oy5U6oMvc9VWCZHNgH5d_10890.jpg
8-54-_jpg.rf.uKA8t4JD36BptV2oAwuR_47126.jpg,Ovale,forme/train/ovale/8-54-_jpg.rf.uKA8t4JD36BptV2oAwuR_47126.jpg
8-54-_jpg.rf.vKapyPJIn3L44uXzwUrG_94271.jpg,Ovale,forme/train/ovale/8-54-_jpg.rf.vKapyPJIn3L44uXzwUrG_94271.jpg
8-62-_jpg.rf.UCEGvrmC7h1bio7d1bF8_84790.jpg,Ovale,forme/train/ovale/8-62-_jpg.rf.UCEGvrmC7h1bio7d1bF8_84790.jpg
8-75-_jpg.rf.lHUmuylKMPPyrYV6jR6Q_61990.jpg,Ovale,forme/train/ovale/8-75-_jpg.rf.lHUmuylKMPPyrYV6jR6Q_61990.jpg
8-77-_jpg.rf.NIWGv42oX5e8ALDhPyqT_11455.jpg,Ovale,forme/train/ovale/8-77-_jpg.rf.NIWGv42oX5e8ALDhPyqT_11455.jpg
8-77-_jpg.rf.zXsf49tTYEiZrPeCZQkE_21353.jpg,Ovale,forme/train/ovale/8-77-_jpg.rf.zXsf49tTYEiZrPeCZQkE_21353.jpg
8-9-_jpg.rf.59jRLmLSYJa7vJQlgruR_60154.jpg,Ovale,forme/train/ovale/8-9-_jpg.rf.59jRLmLSYJa7vJQlgruR_60154.jpg
8-9-_jpg.rf.N79RBdeQTD45OAPCqkTQ_32811.jpg,Ovale,forme/train/ovale/8-9-_jpg.rf.N79RBdeQTD45OAPCqkTQ_32811.jpg
8-93-_jpg.rf.frElxeWl5nIXhIR978lJ_33464.jpg,Ovale,forme/train/ovale/8-93-_jpg.rf.frElxeWl5nIXhIR978lJ_33464.jpg
86_jpg.rf.vyc6n4BNaP0d619BfjPR_38486.jpg,Ovale,forme/train/ovale/86_jpg.rf.vyc6n4BNaP0d619BfjPR_38486.jpg
eye-glass-shop_jpg.rf.DGZEZKFWDMqCohOzN7wr_26070.jpg,Ovale,forme/train/ovale/eye-glass-shop_jpg.rf.DGZEZKFWDMqCohOzN7wr_26070.jpg
eye-glasses-table_jpg.rf.09VCVApmWBVnOGI42D4F_28387.jpg,Ovale,forme/train/ovale/eye-glasses-table_jpg.rf.09VCVApmWBVnOGI42D4F_28387.jpg
eye-glasses-table_jpg.rf.yxuUK0p9Px5G9UXStRsn_93415.jpg,Ovale,forme/train/ovale/eye-glasses-table_jpg.rf.yxuUK0p9Px5G9UXStRsn_93415.jpg
eyeglasses-white-table_93675-22097_jpg.rf.8hhXvTYwp45gGzjKnHhM_33346.jpg,Ovale,forme/train/ovale/eyeglasses-white-table_93675-22097_jpg.rf.8hhXvTYwp45gGzjKnHhM_33346.jpg
glasses106_png-jpg_cloud_affine_aug_png_jpg.rf.bDmxmtAUPVw1XOx1gtkq_5166.jpg,Ovale,forme/train/ovale/glasses106_png-jpg_cloud_affine_aug_png_jpg.rf.bDmxmtAUPVw1XOx1gtkq_5166.jpg
glasses108_png-jpg_flip_aug_png_jpg.rf.SQq5WNa5AiZfHXPk5WlL_12291.jpg,Ovale,forme/train/ovale/glasses108_png-jpg_flip_aug_png_jpg.rf.SQq5WNa5AiZfHXPk5WlL_12291.jpg
glasses108_png_jpg.rf.czRPiMcT2r7214mIXTtf_85157.jpg,Ovale,forme/train/ovale/glasses108_png_jpg.rf.czRPiMcT2r7214mIXTtf_85157.jpg
glasses116_png_jpg.rf.7DP0CU1epQHaZ7b8UKCk_63886.jpg,Ovale,forme/train/ovale/glasses116_png_jpg.rf.7DP0CU1epQHaZ7b8UKCk_63886.jpg
glasses121_png_jpg.rf.CAu0NIji8uzeVl4yxn0c_39302.jpg,Ovale,forme/train/ovale/glasses121_png_jpg.rf.CAu0NIji8uzeVl4yxn0c_39302.jpg
glasses126_png_jpg.rf.KQLHdWvvN1Qtld0Z2iu4_41692.jpg,Ovale,forme/train/ovale/glasses126_png_jpg.rf.KQLHdWvvN1Qtld0Z2iu4_41692.jpg
glasses131_png_jpg.rf.9SwmyBZzpFKatpaDq8Av_12501.jpg,Ovale,forme/train/ovale/glasses131_png_jpg.rf.9SwmyBZzpFKatpaDq8Av_12501.jpg
glasses135_png_jpg.rf.n9MK2ORrJA5u5uhYqptC_28908.jpg,Ovale,forme/train/ovale/glasses135_png_jpg.rf.n9MK2ORrJA5u5uhYqptC_28908.jpg
glasses135_png_jpg.rf.rHqduGeDAHWOvNXVgIzt_27154.jpg,Ovale,forme/train/ovale/glasses135_png_jpg.rf.rHqduGeDAHWOvNXVgIzt_27154.jpg
glasses135_png_jpg.rf.WcEh2fXtwpl30x5b7XH5_3104.jpg,Ovale,forme/train/ovale/glasses135_png_jpg.rf.WcEh2fXtwpl30x5b7XH5_3104.jpg
glasses147_png-jpg_aug_png_jpg.rf.Ia76zJuyYK5PeL3Sv9nl_17443.jpg,Ovale,forme/train/ovale/glasses147_png-jpg_aug_png_jpg.rf.Ia76zJuyYK5PeL3Sv9nl_17443.jpg
glasses162_png-jpg_dropout_aug_png_jpg.rf.EpzchNuI85YGvOE3ssGr_79430.jpg,Ovale,forme/train/ovale/glasses162_png-jpg_dropout_aug_png_jpg.rf.EpzchNuI85YGvOE3ssGr_79430.jpg
glasses188_png-jpg_dropout_aug_png_jpg.rf.8kwKpewywiTWy7ihf0SD_38666.jpg,Ovale,forme/train/ovale/glasses188_png-jpg_dropout_aug_png_jpg.rf.8kwKpewywiTWy7ihf0SD_38666.jpg
glasses188_png-jpg_flip_aug_png_jpg.rf.grMxldBnn1oZ2lU9Zpii_4168.jpg,Ovale,forme/train/ovale/glasses188_png-jpg_flip_aug_png_jpg.rf.grMxldBnn1oZ2lU9Zpii_4168.jpg
glasses198_png_jpg.rf.5f2JsoBs2gciJdXRm0Qy_39204.jpg,Ovale,forme/train/ovale/glasses198_png_jpg.rf.5f2JsoBs2gciJdXRm0Qy_39204.jpg
glasses198_png_jpg.rf.oMAfNdMY8xG0T9pOBKpV_44498.jpg,Ovale,forme/train/ovale/glasses198_png_jpg.rf.oMAfNdMY8xG0T9pOBKpV_44498.jpg
glasses1_png_jpg.rf.UJnqvQQDH0niTWtZ0yac_46028.jpg,Ovale,forme/train/ovale/glasses1_png_jpg.rf.UJnqvQQDH0niTWtZ0yac_46028.jpg
glasses216_png_jpg.rf.zrqyULr0DWTHw6qYmJDk_30004.jpg,Ovale,forme/train/ovale/glasses216_png_jpg.rf.zrqyULr0DWTHw6qYmJDk_30004.jpg
glasses21_png_jpg.rf.HCZVBxMM7Kbh5777PkXm_1781.jpg,Ovale,forme/train/ovale/glasses21_png_jpg.rf.HCZVBxMM7Kbh5777PkXm_1781.jpg
glasses30_png_jpg.rf.jSgi6067wGuOFAWfNe2V_49564.jpg,Ovale,forme/train/ovale/glasses30_png_jpg.rf.jSgi6067wGuOFAWfNe2V_49564.jpg
glasses34_png-jpg_aug_png_jpg.rf.CzPA4SgElj0woEeFpWwM_52668.jpg,Ovale,forme/train/ovale/glasses34_png-jpg_aug_png_jpg.rf.CzPA4SgElj0woEeFpWwM_52668.jpg
glasses41_png-jpg_cloud_affine_aug_png_jpg.rf.YH4DzBKoRC7anz0OrCBt_96330.jpg,Ovale,forme/train/ovale/glasses41_png-jpg_cloud_affine_aug_png_jpg.rf.YH4DzBKoRC7anz0OrCBt_96330.jpg
glasses60_png_jpg.rf.iHWsqeMiVnzA6ARj86dy_43642.jpg,Ovale,forme/train/ovale/glasses60_png_jpg.rf.iHWsqeMiVnzA6ARj86dy_43642.jpg
glasses72_png_jpg.rf.J8kRRjspOk6BH7N0exi6_9170.jpg,Ovale,forme/train/ovale/glasses72_png_jpg.rf.J8kRRjspOk6BH7N0exi6_9170.jpg
glasses72_png_jpg.rf.KrrPqrwXsQ0HH7PQUVqR_75145.jpg,Ovale,forme/train/ovale/glasses72_png_jpg.rf.KrrPqrwXsQ0HH7PQUVqR_75145.jpg
glasses7_png-jpg_aug_png_jpg.rf.r6PlfsQvLUu9Ib1IUiay_1738.jpg,Ovale,forme/train/ovale/glasses7_png-jpg_aug_png_jpg.rf.r6PlfsQvLUu9Ib1IUiay_1738.jpg
GRL-PSOP-A33V11-1A-0_10_jpg.rf.e6qEKYD5ioCmsHJAAacB_98427.jpg,Ovale,forme/train/ovale/GRL-PSOP-A33V11-1A-0_10_jpg.rf.e6qEKYD5ioCmsHJAAacB_98427.jpg
Hero_Article_MensEyeglasses-Most-Durable-compressor_jpg.rf.NHPdtQlRvsoHHaig1Qwt_76081.jpg,Ovale,forme/train/ovale/Hero_Article_MensEyeglasses-Most-Durable-compressor_jpg.rf.NHPdtQlRvsoHHaig1Qwt_76081.jpg
How-to-Put-a-Lens-Back-in-Glasses-jpg_cloud_affine_aug_png_jpg.rf.xGxPt5H6hOGQqV_78104.jpg,Ovale,forme/train/ovale/How-to-Put-a-Lens-Back-in-Glasses-jpg_cloud_affine_aug_png_jpg.rf.xGxPt5H6hOGQqV_78104.jpg
image11_jpeg_jpg.rf.KcXOSKbXBGr5XhwLOKVf_62285.jpg,Ovale,forme/train/ovale/image11_jpeg_jpg.rf.KcXOSKbXBGr5XhwLOKVf_62285.jpg
images-1-_jpeg_jpg.rf.GRH7l1SiVUoMdB3nYUyR_10024.jpg,Ovale,forme/train/ovale/images-1-_jpeg_jpg.rf.GRH7l1SiVUoMdB3nYUyR_10024.jpg
images-1-_jpg.rf.qhhikWZ1l9kiFJ4sQQLL_77581.jpg,Ovale,forme/train/ovale/images-1-_jpg.rf.qhhikWZ1l9kiFJ4sQQLL_77581.jpg
images-12-jpg_aug_png_jpg.rf.x4ofgyaefhlZwhC1P6O0_63170.jpg,Ovale,forme/train/ovale/images-12-jpg_aug_png_jpg.rf.x4ofgyaefhlZwhC1P6O0_63170.jpg
images-15_png_jpg.rf.ph1KIl4pnFUsRlX65WOe_69945.jpg,Ovale,forme/train/ovale/images-15_png_jpg.rf.ph1KIl4pnFUsRlX65WOe_69945.jpg
images-17-jpg_shear_aug_png_jpg.rf.6eNmViQYPbflD6tTKld5_11949.jpg,Ovale,forme/train/ovale/images-17-jpg_shear_aug_png_jpg.rf.6eNmViQYPbflD6tTKld5_11949.jpg
images-18-jpg_aug_png_jpg.rf.RNYeVfjInJDtWbCv7yd1_40850.jpg,Ovale,forme/train/ovale/images-18-jpg_aug_png_jpg.rf.RNYeVfjInJDtWbCv7yd1_40850.jpg
images-2-_jpg.rf.nUkYTuK2o1HTWZdgfHgr_79860.jpg,Ovale,forme/train/ovale/images-2-_jpg.rf.nUkYTuK2o1HTWZdgfHgr_79860.jpg
images-3-_jpg.rf.c0gIIJKiJYvVZL6TQm4G_15076.jpg,Ovale,forme/train/ovale/images-3-_jpg.rf.c0gIIJKiJYvVZL6TQm4G_15076.jpg
images-5-_jpg.rf.D9KeuhIBSS9IP3g2K72J_66610.jpg,Ovale,forme/train/ovale/images-5-_jpg.rf.D9KeuhIBSS9IP3g2K72J_66610.jpg
images-6-_jpg.rf.gJVArrpAZAB07p8mkoZr_1917.jpg,Ovale,forme/train/ovale/images-6-_jpg.rf.gJVArrpAZAB07p8mkoZr_1917.jpg
images-9-_jpg.rf.cboDvccvrWsXKT238QtX_3188.jpg,Ovale,forme/train/ovale/images-9-_jpg.rf.cboDvccvrWsXKT238QtX_3188.jpg
images-9-_jpg.rf.t8Z869fQeA5rmTPyb6U2_12109.jpg,Ovale,forme/train/ovale/images-9-_jpg.rf.t8Z869fQeA5rmTPyb6U2_12109.jpg
images22-jpg_dropout_aug_png_jpg.rf.wWZIC68hCAwefajm0Thw_1816.jpg,Ovale,forme/train/ovale/images22-jpg_dropout_aug_png_jpg.rf.wWZIC68hCAwefajm0Thw_1816.jpg
images27_jpg.rf.MKGUxw1aohcXYZEZVrmg_3080.jpg,Ovale,forme/train/ovale/images27_jpg.rf.MKGUxw1aohcXYZEZVrmg_3080.jpg
images27_jpg.rf.rZIQ0jUmFFq5oPZUmafo_64374.jpg,Ovale,forme/train/ovale/images27_jpg.rf.rZIQ0jUmFFq5oPZUmafo_64374.jpg
images2_jpg.rf.h5KgSzuSDk9B80LYMVVU_23245.jpg,Ovale,forme/train/ovale/images2_jpg.rf.h5KgSzuSDk9B80LYMVVU_23245.jpg
images59-jpg_aug_png_jpg.rf.vgBgf8VR4Bmx3Bt33Q9H_53971.jpg,Ovale,forme/train/ovale/images59-jpg_aug_png_jpg.rf.vgBgf8VR4Bmx3Bt33Q9H_53971.jpg
images69_jpg.rf.5jPu0NxozIFbNK0SnXop_92044.jpg,Ovale,forme/train/ovale/images69_jpg.rf.5jPu0NxozIFbNK0SnXop_92044.jpg
images73_jpg.rf.E5znbLb5wdKLDE48McxR_77142.jpg,Ovale,forme/train/ovale/images73_jpg.rf.E5znbLb5wdKLDE48McxR_77142.jpg
images77_jpg.rf.yUqktcrSbBikIu44rl02_21762.jpg,Ovale,forme/train/ovale/images77_jpg.rf.yUqktcrSbBikIu44rl02_21762.jpg
istockphoto-1097322006-612x612_jpg.rf.uN8RrSlyKEAVkZQgblLT_77539.jpg,Ovale,forme/train/ovale/istockphoto-1097322006-612x612_jpg.rf.uN8RrSlyKEAVkZQgblLT_77539.jpg
istockphoto-1210948217-612x612_jpg.rf.vKVgtgngTuiz43JG2Ts5_72492.jpg,Ovale,forme/train/ovale/istockphoto-1210948217-612x612_jpg.rf.vKVgtgngTuiz43JG2Ts5_72492.jpg
istockphoto-842597194-170667a_jpg.rf.5LTU7GIB8wdI3veFRMNu_79901.jpg,Ovale,forme/train/ovale/istockphoto-842597194-170667a_jpg.rf.5LTU7GIB8wdI3veFRMNu_79901.jpg
iStock_42197314_LARGE_jpg.rf.nyUPk6KMVcMJh4Ko7IHE_8089.jpg,Ovale,forme/train/ovale/iStock_42197314_LARGE_jpg.rf.nyUPk6KMVcMJh4Ko7IHE_8089.jpg
maybach-replica-sunglasses-designers-village-783999_jpg.rf.BPto0877T0WsBCfp8haI_8489.jpg,Ovale,forme/train/ovale/maybach-replica-sunglasses-designers-village-783999_jpg.rf.BPto0877T0WsBCfp8haI_8489.jpg
maybach-replica-sunglasses-designers-village-783999_jpg.rf.Nqt1zAJXE4Q5BM9sZwL3_54748.jpg,Ovale,forme/train/ovale/maybach-replica-sunglasses-designers-village-783999_jpg.rf.Nqt1zAJXE4Q5BM9sZwL3_54748.jpg
minimal-office-desk-table-top-view-with-keyboard-computer-mouse-glasses-coffee-c_62766.jpg,Ovale,forme/train/ovale/minimal-office-desk-table-top-view-with-keyboard-computer-mouse-glasses-coffee-c_62766.jpg
reading-eyeglasses-book-eyewear_jpg.rf.FpDRlfoMPnkaWBqQBVer_6242.jpg,Ovale,forme/train/ovale/reading-eyeglasses-book-eyewear_jpg.rf.FpDRlfoMPnkaWBqQBVer_6242.jpg
reading-eyeglasses-book-eyewear_jpg.rf.ih5Jw6zeLbtz3TK3PN68_68244.jpg,Ovale,forme/train/ovale/reading-eyeglasses-book-eyewear_jpg.rf.ih5Jw6zeLbtz3TK3PN68_68244.jpg
reading-eyeglasses-book-eyewear_jpg.rf.wzgrtUaPykuorzKrNxKN_17384.jpg,Ovale,forme/train/ovale/reading-eyeglasses-book-eyewear_jpg.rf.wzgrtUaPykuorzKrNxKN_17384.jpg
reading-eyeglasses-book-eyewear_jpg.rf.ZfacEeXFghfEnBPp4SXk_70834.jpg,Ovale,forme/train/ovale/reading-eyeglasses-book-eyewear_jpg.rf.ZfacEeXFghfEnBPp4SXk_70834.jpg
s-l3003_jpg.rf.lSXVg6ohHBBLn7hXryih_49005.jpg,Ovale,forme/train/ovale/s-l3003_jpg.rf.lSXVg6ohHBBLn7hXryih_49005.jpg
s-l3003_jpg.rf.xuf40O55PvoJGjiHDGZv_27039.jpg,Ovale,forme/train/ovale/s-l3003_jpg.rf.xuf40O55PvoJGjiHDGZv_27039.jpg
s-l300_jpg.rf.A6nuDRWSOwCyZR5slIVr_77978.jpg,Ovale,forme/train/ovale/s-l300_jpg.rf.A6nuDRWSOwCyZR5slIVr_77978.jpg
s-l300_jpg.rf.eIBs1w4Pc8AwieTiUgjF_39164.jpg,Ovale,forme/train/ovale/s-l300_jpg.rf.eIBs1w4Pc8AwieTiUgjF_39164.jpg
s-l5004_jpg.rf.axpvWJORa06MFkIxiMov_45394.jpg,Ovale,forme/train/ovale/s-l5004_jpg.rf.axpvWJORa06MFkIxiMov_45394.jpg
s-l5004_jpg.rf.C66HQeQSpZ31yBs07HtS_79776.jpg,Ovale,forme/train/ovale/s-l5004_jpg.rf.C66HQeQSpZ31yBs07HtS_79776.jpg
sunglasses-2-1625071474_jpg.rf.WzR4f29upsyhuLOePJYR_78287.jpg,Ovale,forme/train/ovale/sunglasses-2-1625071474_jpg.rf.WzR4f29upsyhuLOePJYR_78287.jpg
the-most-common-problems-youll-encounter-as-a-glasses-wearer_jpg.rf.zaWpoiRmdHaS_40986.jpg,Ovale,forme/train/ovale/the-most-common-problems-youll-encounter-as-a-glasses-wearer_jpg.rf.zaWpoiRmdHaS_40986.jpg
top-luxury-k-gold-men-eyewear-car-brand-maybach2_jpg.rf.tB0DQpuRkUo9gBj1hL6x_50474.jpg,Ovale,forme/train/ovale/top-luxury-k-gold-men-eyewear-car-brand-maybach2_jpg.rf.tB0DQpuRkUo9gBj1hL6x_50474.jpg
top-luxury-k-gold-men-eyewear-car-brand-maybach_jpg.rf.9OupXGEfe7kJNl9HJWPL_65224.jpg,Ovale,forme/train/ovale/top-luxury-k-gold-men-eyewear-car-brand-maybach_jpg.rf.9OupXGEfe7kJNl9HJWPL_65224.jpg
top-luxury-k-gold-men-eyewear-car-brand-maybach_jpg.rf.odvZjYtLqiynYL2twfUb_45402.jpg,Ovale,forme/train/ovale/top-luxury-k-gold-men-eyewear-car-brand-maybach_jpg.rf.odvZjYtLqiynYL2twfUb_45402.jpg
woman-ophthalmologist-showing-camera-pair-eyeglasses_23-2148310022_jpg.rf.6p4L0k_49787.jpg,Ovale,forme/train/ovale/woman-ophthalmologist-showing-camera-pair-eyeglasses_23-2148310022_jpg.rf.6p4L0k_49787.jpg
woman-ophthalmologist-showing-camera-pair-eyeglasses_23-2148310022_jpg.rf.G0515n_1118.jpg,Ovale,forme/train/ovale/woman-ophthalmologist-showing-camera-pair-eyeglasses_23-2148310022_jpg.rf.G0515n_1118.jpg
women-with-glass_515_jpg.rf.qNPwywyLslKCy1NsqP1I_40919.jpg,Ovale,forme/train/ovale/women-with-glass_515_jpg.rf.qNPwywyLslKCy1NsqP1I_40919.jpg
women-with-glass_88_jpg.rf.1AAZCFYe5gGgSYvyiblO_24048.jpg,Ovale,forme/train/ovale/women-with-glass_88_jpg.rf.1AAZCFYe5gGgSYvyiblO_24048.jpg
women-with-glass_88_jpg.rf.iPXAnuVhIK8ygQts4B0Z_4981.jpg,Ovale,forme/train/ovale/women-with-glass_88_jpg.rf.iPXAnuVhIK8ygQts4B0Z_4981.jpg
women-with-glass_88_jpg.rf.xI6WtTkXyielWhGkxEuu_94372.jpg,Ovale,forme/train/ovale/women-with-glass_88_jpg.rf.xI6WtTkXyielWhGkxEuu_94372.jpg
114_jpg.rf.aStU5ifpsO0OC6c67Gb9.jpg,Papillon,forme/train/papillon/114_jpg.rf.aStU5ifpsO0OC6c67Gb9.jpg
114_jpg.rf.aStU5ifpsO0OC6c67Gb9_24863.jpg,Papillon,forme/train/papillon/114_jpg.rf.aStU5ifpsO0OC6c67Gb9_24863.jpg
1583c650c68bd9a05a757d92bd787230_jpg.rf.S8O2DtStnNyj7TaWyYHO.jpg,Papillon,forme/train/papillon/1583c650c68bd9a05a757d92bd787230_jpg.rf.S8O2DtStnNyj7TaWyYHO.jpg
1583c650c68bd9a05a757d92bd787230_jpg.rf.S8O2DtStnNyj7TaWyYHO_89564.jpg,Papillon,forme/train/papillon/1583c650c68bd9a05a757d92bd787230_jpg.rf.S8O2DtStnNyj7TaWyYHO_89564.jpg
1583c650c68bd9a05a757d92bd787230_jpg.rf.YKI2P9RPVqi6Uxtu74yp.jpg,Papillon,forme/train/papillon/1583c650c68bd9a05a757d92bd787230_jpg.rf.YKI2P9RPVqi6Uxtu74yp.jpg
1583c650c68bd9a05a757d92bd787230_jpg.rf.YKI2P9RPVqi6Uxtu74yp_16563.jpg,Papillon,forme/train/papillon/1583c650c68bd9a05a757d92bd787230_jpg.rf.YKI2P9RPVqi6Uxtu74yp_16563.jpg
1_jpg.rf.BbngRo3snK1tHDqjINNS.jpg,Papillon,forme/train/papillon/1_jpg.rf.BbngRo3snK1tHDqjINNS.jpg
1_jpg.rf.BbngRo3snK1tHDqjINNS_64269.jpg,Papillon,forme/train/papillon/1_jpg.rf.BbngRo3snK1tHDqjINNS_64269.jpg
2020-eyewear-eyeglass-frame-style-trends-david-kind-jpg_jpg.rf.JI16BVafwbJa5KdxoM4z.jpg,Papillon,forme/train/papillon/2020-eyewear-eyeglass-frame-style-trends-david-kind-jpg_jpg.rf.JI16BVafwbJa5KdxoM4z.jpg
2020-eyewear-eyeglass-frame-style-trends-david-kind-jpg_jpg.rf.JI16BVafwbJa5Kdxo_43576.jpg,Papillon,forme/train/papillon/2020-eyewear-eyeglass-frame-style-trends-david-kind-jpg_jpg.rf.JI16BVafwbJa5Kdxo_43576.jpg
2020-eyewear-eyeglass-frame-style-trends-david-kind-jpg_jpg.rf.VmP86HYnkSeEjkuSyCxC.jpg,Papillon,forme/train/papillon/2020-eyewear-eyeglass-frame-style-trends-david-kind-jpg_jpg.rf.VmP86HYnkSeEjkuSyCxC.jpg
2020-eyewear-eyeglass-frame-style-trends-david-kind-jpg_jpg.rf.VmP86HYnkSeEjkuSy_99545.jpg,Papillon,forme/train/papillon/2020-eyewear-eyeglass-frame-style-trends-david-kind-jpg_jpg.rf.VmP86HYnkSeEjkuSy_99545.jpg
20230718_120555_aug2_jpg.rf.sB0yCoI2p0C9oJF0EdRr_78410.jpg,Papillon,forme/train/papillon/20230718_120555_aug2_jpg.rf.sB0yCoI2p0C9oJF0EdRr_78410.jpg
20230718_120712_aug2_jpg.rf.SOrNeohutsKjeYB0pAz1.jpg,Papillon,forme/train/papillon/20230718_120712_aug2_jpg.rf.SOrNeohutsKjeYB0pAz1.jpg
20230718_120712_aug2_jpg.rf.SOrNeohutsKjeYB0pAz1_55876.jpg,Papillon,forme/train/papillon/20230718_120712_aug2_jpg.rf.SOrNeohutsKjeYB0pAz1_55876.jpg
20230718_132510_aug1_jpg.rf.lHDT80y1FdXSkbFqsaxc.jpg,Papillon,forme/train/papillon/20230718_132510_aug1_jpg.rf.lHDT80y1FdXSkbFqsaxc.jpg
20230718_132510_aug1_jpg.rf.lHDT80y1FdXSkbFqsaxc_21336.jpg,Papillon,forme/train/papillon/20230718_132510_aug1_jpg.rf.lHDT80y1FdXSkbFqsaxc_21336.jpg
20230718_132630_aug2_jpg.rf.d0znSLeSzIpGJAp94L4O.jpg,Papillon,forme/train/papillon/20230718_132630_aug2_jpg.rf.d0znSLeSzIpGJAp94L4O.jpg
20230718_132630_aug2_jpg.rf.d0znSLeSzIpGJAp94L4O_54666.jpg,Papillon,forme/train/papillon/20230718_132630_aug2_jpg.rf.d0znSLeSzIpGJAp94L4O_54666.jpg
20230718_132745_aug2_jpg.rf.86gpV2pGMP20tkX3l4vZ.jpg,Papillon,forme/train/papillon/20230718_132745_aug2_jpg.rf.86gpV2pGMP20tkX3l4vZ.jpg
20230718_132745_aug2_jpg.rf.86gpV2pGMP20tkX3l4vZ_81843.jpg,Papillon,forme/train/papillon/20230718_132745_aug2_jpg.rf.86gpV2pGMP20tkX3l4vZ_81843.jpg
20230718_132759_aug2_jpg.rf.g6o16wekyV2lwjzelhfL.jpg,Papillon,forme/train/papillon/20230718_132759_aug2_jpg.rf.g6o16wekyV2lwjzelhfL.jpg
20230718_132759_aug2_jpg.rf.g6o16wekyV2lwjzelhfL_20870.jpg,Papillon,forme/train/papillon/20230718_132759_aug2_jpg.rf.g6o16wekyV2lwjzelhfL_20870.jpg
20230718_132834_aug2_jpg.rf.Qjs2vF6if0HKfLwPi9ey_96421.jpg,Papillon,forme/train/papillon/20230718_132834_aug2_jpg.rf.Qjs2vF6if0HKfLwPi9ey_96421.jpg
20230718_133608_aug2_jpg.rf.rF4Rs2qfbjxGnujwQaqO.jpg,Papillon,forme/train/papillon/20230718_133608_aug2_jpg.rf.rF4Rs2qfbjxGnujwQaqO.jpg
20230718_133608_aug2_jpg.rf.rF4Rs2qfbjxGnujwQaqO_86730.jpg,Papillon,forme/train/papillon/20230718_133608_aug2_jpg.rf.rF4Rs2qfbjxGnujwQaqO_86730.jpg
20230718_133911_aug2_jpg.rf.SW0RbHjmJ7VXdM6F4640.jpg,Papillon,forme/train/papillon/20230718_133911_aug2_jpg.rf.SW0RbHjmJ7VXdM6F4640.jpg
20230718_133911_aug2_jpg.rf.SW0RbHjmJ7VXdM6F4640_9388.jpg,Papillon,forme/train/papillon/20230718_133911_aug2_jpg.rf.SW0RbHjmJ7VXdM6F4640_9388.jpg
20230718_133928_aug2_jpg.rf.8QQ4nz2pk7PjDzVCN8Ca_58459.jpg,Papillon,forme/train/papillon/20230718_133928_aug2_jpg.rf.8QQ4nz2pk7PjDzVCN8Ca_58459.jpg
20230718_134013_aug1_jpg.rf.4yl7gRUhrefnqSYhvhvX.jpg,Papillon,forme/train/papillon/20230718_134013_aug1_jpg.rf.4yl7gRUhrefnqSYhvhvX.jpg
20230718_134013_aug1_jpg.rf.4yl7gRUhrefnqSYhvhvX_18015.jpg,Papillon,forme/train/papillon/20230718_134013_aug1_jpg.rf.4yl7gRUhrefnqSYhvhvX_18015.jpg
20230718_134307_aug2_jpg.rf.DmLMaSHXMYiB4TsEVMvB.jpg,Papillon,forme/train/papillon/20230718_134307_aug2_jpg.rf.DmLMaSHXMYiB4TsEVMvB.jpg
20230718_134307_aug2_jpg.rf.DmLMaSHXMYiB4TsEVMvB_8395.jpg,Papillon,forme/train/papillon/20230718_134307_aug2_jpg.rf.DmLMaSHXMYiB4TsEVMvB_8395.jpg
20230718_134336_aug2_jpg.rf.ucJFgpAvtN8kEhlYyOrv.jpg,Papillon,forme/train/papillon/20230718_134336_aug2_jpg.rf.ucJFgpAvtN8kEhlYyOrv.jpg
20230718_134336_aug2_jpg.rf.ucJFgpAvtN8kEhlYyOrv_32445.jpg,Papillon,forme/train/papillon/20230718_134336_aug2_jpg.rf.ucJFgpAvtN8kEhlYyOrv_32445.jpg
20230718_134428_aug2_jpg.rf.k2V1FoI6V0xT0JGOdVFz_24621.jpg,Papillon,forme/train/papillon/20230718_134428_aug2_jpg.rf.k2V1FoI6V0xT0JGOdVFz_24621.jpg
20230718_135356_aug2_jpg.rf.GRuZg36ngauJURyz59TN_26662.jpg,Papillon,forme/train/papillon/20230718_135356_aug2_jpg.rf.GRuZg36ngauJURyz59TN_26662.jpg
20230718_135507_aug2_jpg.rf.UZfT1pQEeZKQoAg4LzHX_50730.jpg,Papillon,forme/train/papillon/20230718_135507_aug2_jpg.rf.UZfT1pQEeZKQoAg4LzHX_50730.jpg
20230718_135531_aug1_jpg.rf.S5ZXDxtsjmD8HavGfnIM.jpg,Papillon,forme/train/papillon/20230718_135531_aug1_jpg.rf.S5ZXDxtsjmD8HavGfnIM.jpg
20230718_135531_aug1_jpg.rf.S5ZXDxtsjmD8HavGfnIM_41637.jpg,Papillon,forme/train/papillon/20230718_135531_aug1_jpg.rf.S5ZXDxtsjmD8HavGfnIM_41637.jpg
20230718_135531_aug2_jpg.rf.xVvLve6aJNLYKOGE92kb_2944.jpg,Papillon,forme/train/papillon/20230718_135531_aug2_jpg.rf.xVvLve6aJNLYKOGE92kb_2944.jpg
20230718_135540_aug1_jpg.rf.ghSnOmoiwcFX0WTKXTvE_25855.jpg,Papillon,forme/train/papillon/20230718_135540_aug1_jpg.rf.ghSnOmoiwcFX0WTKXTvE_25855.jpg
20230718_135601_aug1_jpg.rf.QRmWoBUdqyoTFZrWavfw_52912.jpg,Papillon,forme/train/papillon/20230718_135601_aug1_jpg.rf.QRmWoBUdqyoTFZrWavfw_52912.jpg
20230718_135616_aug2_jpg.rf.s3toVSAgjVKLPWtYUjGc.jpg,Papillon,forme/train/papillon/20230718_135616_aug2_jpg.rf.s3toVSAgjVKLPWtYUjGc.jpg
20230718_135616_aug2_jpg.rf.s3toVSAgjVKLPWtYUjGc_47947.jpg,Papillon,forme/train/papillon/20230718_135616_aug2_jpg.rf.s3toVSAgjVKLPWtYUjGc_47947.jpg
20230718_135633_aug2_jpg.rf.8cGI5704mLlp5XsklSdt.jpg,Papillon,forme/train/papillon/20230718_135633_aug2_jpg.rf.8cGI5704mLlp5XsklSdt.jpg
20230718_135633_aug2_jpg.rf.8cGI5704mLlp5XsklSdt_6654.jpg,Papillon,forme/train/papillon/20230718_135633_aug2_jpg.rf.8cGI5704mLlp5XsklSdt_6654.jpg
20230718_135654_aug2_jpg.rf.iyQ00LwOIxfuwBYiQeoF_85140.jpg,Papillon,forme/train/papillon/20230718_135654_aug2_jpg.rf.iyQ00LwOIxfuwBYiQeoF_85140.jpg
20230806_212225_aug2_jpg.rf.B6l5yazQRNdqn98iUBkW_78344.jpg,Papillon,forme/train/papillon/20230806_212225_aug2_jpg.rf.B6l5yazQRNdqn98iUBkW_78344.jpg
20230806_213535_aug1_jpg.rf.JE7gdIdM7NBmBN5xxjik_16330.jpg,Papillon,forme/train/papillon/20230806_213535_aug1_jpg.rf.JE7gdIdM7NBmBN5xxjik_16330.jpg
20230806_214131_aug2_jpg.rf.aZ2irMk9VEEEFLXclXDo_17284.jpg,Papillon,forme/train/papillon/20230806_214131_aug2_jpg.rf.aZ2irMk9VEEEFLXclXDo_17284.jpg
20230806_214156_aug1_jpg.rf.padyoHRLHQXohvgnDVg0.jpg,Papillon,forme/train/papillon/20230806_214156_aug1_jpg.rf.padyoHRLHQXohvgnDVg0.jpg
20230806_214156_aug1_jpg.rf.padyoHRLHQXohvgnDVg0_70384.jpg,Papillon,forme/train/papillon/20230806_214156_aug1_jpg.rf.padyoHRLHQXohvgnDVg0_70384.jpg
20230806_214212_aug1_jpg.rf.OYQXGzYCAKipIVvyzu9f_17942.jpg,Papillon,forme/train/papillon/20230806_214212_aug1_jpg.rf.OYQXGzYCAKipIVvyzu9f_17942.jpg
22_jpg.rf.HKUzyVinlv76RGOPGo2O_64805.jpg,Papillon,forme/train/papillon/22_jpg.rf.HKUzyVinlv76RGOPGo2O_64805.jpg
26_jpg.rf.U48UrqStfRZS7ccSreTH.jpg,Papillon,forme/train/papillon/26_jpg.rf.U48UrqStfRZS7ccSreTH.jpg
26_jpg.rf.U48UrqStfRZS7ccSreTH_40623.jpg,Papillon,forme/train/papillon/26_jpg.rf.U48UrqStfRZS7ccSreTH_40623.jpg
320616_best_eyewear_0_jpg.rf.cAveDtAAd3F6gD9NyIBU_91889.jpg,Papillon,forme/train/papillon/320616_best_eyewear_0_jpg.rf.cAveDtAAd3F6gD9NyIBU_91889.jpg
320616_best_eyewear_0_jpg.rf.VtuAbkw9fImPJmTIA4Bn.jpg,Papillon,forme/train/papillon/320616_best_eyewear_0_jpg.rf.VtuAbkw9fImPJmTIA4Bn.jpg
320616_best_eyewear_0_jpg.rf.VtuAbkw9fImPJmTIA4Bn_27607.jpg,Papillon,forme/train/papillon/320616_best_eyewear_0_jpg.rf.VtuAbkw9fImPJmTIA4Bn_27607.jpg
48-jpg_aug_png_jpg.rf.yqiECHAH88x7XcLpLYOA.jpg,Papillon,forme/train/papillon/48-jpg_aug_png_jpg.rf.yqiECHAH88x7XcLpLYOA.jpg
48-jpg_aug_png_jpg.rf.yqiECHAH88x7XcLpLYOA_48948.jpg,Papillon,forme/train/papillon/48-jpg_aug_png_jpg.rf.yqiECHAH88x7XcLpLYOA_48948.jpg
5164FzCFafL-_AC_SL1500__jpg.rf.LPZjdfKk33hOKwbFRurO_96014.jpg,Papillon,forme/train/papillon/5164FzCFafL-_AC_SL1500__jpg.rf.LPZjdfKk33hOKwbFRurO_96014.jpg
52_jpg.rf.icOxQS7GvrfthvMUmtb2_78454.jpg,Papillon,forme/train/papillon/52_jpg.rf.icOxQS7GvrfthvMUmtb2_78454.jpg
5_jpg.rf.BloNQyxaDkDtsGoYS1jj_43928.jpg,Papillon,forme/train/papillon/5_jpg.rf.BloNQyxaDkDtsGoYS1jj_43928.jpg
73_jpg.rf.paaizegFA6JNtAsBGkaB_49147.jpg,Papillon,forme/train/papillon/73_jpg.rf.paaizegFA6JNtAsBGkaB_49147.jpg
8-1-_jpg.rf.ad0Z247clHivQEDVu07f.jpg,Papillon,forme/train/papillon/8-1-_jpg.rf.ad0Z247clHivQEDVu07f.jpg
8-1-_jpg.rf.ad0Z247clHivQEDVu07f_23638.jpg,Papillon,forme/train/papillon/8-1-_jpg.rf.ad0Z247clHivQEDVu07f_23638.jpg
8-1-_jpg.rf.bA6OufAcmMAKC914ELvm_12977.jpg,Papillon,forme/train/papillon/8-1-_jpg.rf.bA6OufAcmMAKC914ELvm_12977.jpg
8-1-_jpg.rf.qSPCziUgcNcGUKjUZ8mC.jpg,Papillon,forme/train/papillon/8-1-_jpg.rf.qSPCziUgcNcGUKjUZ8mC.jpg
8-1-_jpg.rf.qSPCziUgcNcGUKjUZ8mC_47132.jpg,Papillon,forme/train/papillon/8-1-_jpg.rf.qSPCziUgcNcGUKjUZ8mC_47132.jpg
8-10-_jpg.rf.KHbeWEm2yQCeAo4tG1uL.jpg,Papillon,forme/train/papillon/8-10-_jpg.rf.KHbeWEm2yQCeAo4tG1uL.jpg
8-10-_jpg.rf.KHbeWEm2yQCeAo4tG1uL_71539.jpg,Papillon,forme/train/papillon/8-10-_jpg.rf.KHbeWEm2yQCeAo4tG1uL_71539.jpg
8-106-_jpg.rf.gGaChmbtxqxWUzvF2j2G_36672.jpg,Papillon,forme/train/papillon/8-106-_jpg.rf.gGaChmbtxqxWUzvF2j2G_36672.jpg
8-106-_jpg.rf.jkJ18189EA6QTacedrnl_14167.jpg,Papillon,forme/train/papillon/8-106-_jpg.rf.jkJ18189EA6QTacedrnl_14167.jpg
8-107-_jpg.rf.qEZjAVTEZ7ZKe6EiDHbY.jpg,Papillon,forme/train/papillon/8-107-_jpg.rf.qEZjAVTEZ7ZKe6EiDHbY.jpg
8-107-_jpg.rf.qEZjAVTEZ7ZKe6EiDHbY_57434.jpg,Papillon,forme/train/papillon/8-107-_jpg.rf.qEZjAVTEZ7ZKe6EiDHbY_57434.jpg
8-109-_jpg.rf.WoYMt9ljvNjTbnQpudKm.jpg,Papillon,forme/train/papillon/8-109-_jpg.rf.WoYMt9ljvNjTbnQpudKm.jpg
8-109-_jpg.rf.WoYMt9ljvNjTbnQpudKm_13263.jpg,Papillon,forme/train/papillon/8-109-_jpg.rf.WoYMt9ljvNjTbnQpudKm_13263.jpg
8-11-_jpg.rf.LnZptkGIMuMaFXkWpvyr_51187.jpg,Papillon,forme/train/papillon/8-11-_jpg.rf.LnZptkGIMuMaFXkWpvyr_51187.jpg
8-110-_jpg.rf.4NfW8kc3IiHOAGaWCD4C_52358.jpg,Papillon,forme/train/papillon/8-110-_jpg.rf.4NfW8kc3IiHOAGaWCD4C_52358.jpg
8-112-_jpg.rf.A7dE4K8tGsapfc3JpHXZ.jpg,Papillon,forme/train/papillon/8-112-_jpg.rf.A7dE4K8tGsapfc3JpHXZ.jpg
8-112-_jpg.rf.A7dE4K8tGsapfc3JpHXZ_39575.jpg,Papillon,forme/train/papillon/8-112-_jpg.rf.A7dE4K8tGsapfc3JpHXZ_39575.jpg
8-112-_jpg.rf.oBhwn17vaqPjPbW6DN7f.jpg,Papillon,forme/train/papillon/8-112-_jpg.rf.oBhwn17vaqPjPbW6DN7f.jpg
8-112-_jpg.rf.oBhwn17vaqPjPbW6DN7f_8003.jpg,Papillon,forme/train/papillon/8-112-_jpg.rf.oBhwn17vaqPjPbW6DN7f_8003.jpg
8-121-_jpg.rf.CJij46efhtuw58Tb9i1a_39909.jpg,Papillon,forme/train/papillon/8-121-_jpg.rf.CJij46efhtuw58Tb9i1a_39909.jpg
8-126-_jpg.rf.3oNXjArFxAziDVegKAit_52243.jpg,Papillon,forme/train/papillon/8-126-_jpg.rf.3oNXjArFxAziDVegKAit_52243.jpg
8-126-_jpg.rf.FXV3ZNbznMPTsm5e9iev.jpg,Papillon,forme/train/papillon/8-126-_jpg.rf.FXV3ZNbznMPTsm5e9iev.jpg
8-126-_jpg.rf.FXV3ZNbznMPTsm5e9iev_22369.jpg,Papillon,forme/train/papillon/8-126-_jpg.rf.FXV3ZNbznMPTsm5e9iev_22369.jpg
8-128-_jpg.rf.YGCmXMDWkgIJReSCc1Aw_24085.jpg,Papillon,forme/train/papillon/8-128-_jpg.rf.YGCmXMDWkgIJReSCc1Aw_24085.jpg
8-129-_jpg.rf.JrMYTMD1OG2p4zUrPcgq.jpg,Papillon,forme/train/papillon/8-129-_jpg.rf.JrMYTMD1OG2p4zUrPcgq.jpg
8-129-_jpg.rf.JrMYTMD1OG2p4zUrPcgq_12596.jpg,Papillon,forme/train/papillon/8-129-_jpg.rf.JrMYTMD1OG2p4zUrPcgq_12596.jpg
8-13-_jpg.rf.brOHq7Ww62vAhXYGx7US_42238.jpg,Papillon,forme/train/papillon/8-13-_jpg.rf.brOHq7Ww62vAhXYGx7US_42238.jpg
8-130-_jpg.rf.LACHAO7lcNYMzQEWrBUM.jpg,Papillon,forme/train/papillon/8-130-_jpg.rf.LACHAO7lcNYMzQEWrBUM.jpg
8-130-_jpg.rf.LACHAO7lcNYMzQEWrBUM_2873.jpg,Papillon,forme/train/papillon/8-130-_jpg.rf.LACHAO7lcNYMzQEWrBUM_2873.jpg
8-131-_jpg.rf.DDr932JbpKMk9Z96u2hd.jpg,Papillon,forme/train/papillon/8-131-_jpg.rf.DDr932JbpKMk9Z96u2hd.jpg
8-131-_jpg.rf.DDr932JbpKMk9Z96u2hd_9825.jpg,Papillon,forme/train/papillon/8-131-_jpg.rf.DDr932JbpKMk9Z96u2hd_9825.jpg
8-137-_jpg.rf.1EK5OTLDXPv6urjWiaYl_86932.jpg,Papillon,forme/train/papillon/8-137-_jpg.rf.1EK5OTLDXPv6urjWiaYl_86932.jpg
8-137-_jpg.rf.71tz6CMQU3IfcssOHS4H.jpg,Papillon,forme/train/papillon/8-137-_jpg.rf.71tz6CMQU3IfcssOHS4H.jpg
8-137-_jpg.rf.71tz6CMQU3IfcssOHS4H_39483.jpg,Papillon,forme/train/papillon/8-137-_jpg.rf.71tz6CMQU3IfcssOHS4H_39483.jpg
8-138-_jpg.rf.1i6ncodIM2tu6GfjfkUE.jpg,Papillon,forme/train/papillon/8-138-_jpg.rf.1i6ncodIM2tu6GfjfkUE.jpg
8-138-_jpg.rf.1i6ncodIM2tu6GfjfkUE_44570.jpg,Papillon,forme/train/papillon/8-138-_jpg.rf.1i6ncodIM2tu6GfjfkUE_44570.jpg
8-138-_jpg.rf.4JU2dVskW66BVpfU9ZtJ.jpg,Papillon,forme/train/papillon/8-138-_jpg.rf.4JU2dVskW66BVpfU9ZtJ.jpg
8-138-_jpg.rf.4JU2dVskW66BVpfU9ZtJ_46012.jpg,Papillon,forme/train/papillon/8-138-_jpg.rf.4JU2dVskW66BVpfU9ZtJ_46012.jpg
8-140-_jpg.rf.snSuNUooZfxOq5DICnEm_72552.jpg,Papillon,forme/train/papillon/8-140-_jpg.rf.snSuNUooZfxOq5DICnEm_72552.jpg
8-149-_jpg.rf.lQbiU2ycSCMWpUSPu2Qc_36336.jpg,Papillon,forme/train/papillon/8-149-_jpg.rf.lQbiU2ycSCMWpUSPu2Qc_36336.jpg
8-152-_jpg.rf.KcAHUrDspZnMJ2rSIDsB.jpg,Papillon,forme/train/papillon/8-152-_jpg.rf.KcAHUrDspZnMJ2rSIDsB.jpg
8-152-_jpg.rf.KcAHUrDspZnMJ2rSIDsB_95137.jpg,Papillon,forme/train/papillon/8-152-_jpg.rf.KcAHUrDspZnMJ2rSIDsB_95137.jpg
8-153-_jpg.rf.34ATEe9ZLHfeyiIZdz67_43522.jpg,Papillon,forme/train/papillon/8-153-_jpg.rf.34ATEe9ZLHfeyiIZdz67_43522.jpg
8-154-_jpg.rf.dXLZpcOhWirEOSpuvllg_62337.jpg,Papillon,forme/train/papillon/8-154-_jpg.rf.dXLZpcOhWirEOSpuvllg_62337.jpg
8-154-_jpg.rf.vciSzBnPBgnLtnJQJKi8.jpg,Papillon,forme/train/papillon/8-154-_jpg.rf.vciSzBnPBgnLtnJQJKi8.jpg
8-154-_jpg.rf.vciSzBnPBgnLtnJQJKi8_75975.jpg,Papillon,forme/train/papillon/8-154-_jpg.rf.vciSzBnPBgnLtnJQJKi8_75975.jpg
8-156-_jpg.rf.DK0QlyqTFYMaGjGGXNGc_93693.jpg,Papillon,forme/train/papillon/8-156-_jpg.rf.DK0QlyqTFYMaGjGGXNGc_93693.jpg
8-157-_jpg.rf.bGaxqIlxNng5w8qOB0fb_35787.jpg,Papillon,forme/train/papillon/8-157-_jpg.rf.bGaxqIlxNng5w8qOB0fb_35787.jpg
8-157-_jpg.rf.TX0wfNfU6QCeP8AhMOZm.jpg,Papillon,forme/train/papillon/8-157-_jpg.rf.TX0wfNfU6QCeP8AhMOZm.jpg
8-157-_jpg.rf.TX0wfNfU6QCeP8AhMOZm_57213.jpg,Papillon,forme/train/papillon/8-157-_jpg.rf.TX0wfNfU6QCeP8AhMOZm_57213.jpg
8-159-_jpg.rf.s8J5414xHrmN3pxQEoat_57784.jpg,Papillon,forme/train/papillon/8-159-_jpg.rf.s8J5414xHrmN3pxQEoat_57784.jpg
8-163-_jpg.rf.7nbI9v32DmouqTDA16eT.jpg,Papillon,forme/train/papillon/8-163-_jpg.rf.7nbI9v32DmouqTDA16eT.jpg
8-163-_jpg.rf.7nbI9v32DmouqTDA16eT_18811.jpg,Papillon,forme/train/papillon/8-163-_jpg.rf.7nbI9v32DmouqTDA16eT_18811.jpg
8-163-_jpg.rf.cfkimWolPeaDX1FZuuGN_51104.jpg,Papillon,forme/train/papillon/8-163-_jpg.rf.cfkimWolPeaDX1FZuuGN_51104.jpg
8-163-_jpg.rf.jDeXSfoyJPfdZh7urzxN_18208.jpg,Papillon,forme/train/papillon/8-163-_jpg.rf.jDeXSfoyJPfdZh7urzxN_18208.jpg
8-165-_jpg.rf.W9sj1NmoQMMh5dvSTps7_56099.jpg,Papillon,forme/train/papillon/8-165-_jpg.rf.W9sj1NmoQMMh5dvSTps7_56099.jpg
8-177-_jpg.rf.bNby0TTJPUGWrGFv8OKn.jpg,Papillon,forme/train/papillon/8-177-_jpg.rf.bNby0TTJPUGWrGFv8OKn.jpg
8-177-_jpg.rf.bNby0TTJPUGWrGFv8OKn_86138.jpg,Papillon,forme/train/papillon/8-177-_jpg.rf.bNby0TTJPUGWrGFv8OKn_86138.jpg
8-18-_jpg.rf.h5pFR6XjZX4QZbFXZ13N.jpg,Papillon,forme/train/papillon/8-18-_jpg.rf.h5pFR6XjZX4QZbFXZ13N.jpg
8-18-_jpg.rf.h5pFR6XjZX4QZbFXZ13N_82829.jpg,Papillon,forme/train/papillon/8-18-_jpg.rf.h5pFR6XjZX4QZbFXZ13N_82829.jpg
8-18-_jpg.rf.xEOJpJLqgLkXbrSjWQLt.jpg,Papillon,forme/train/papillon/8-18-_jpg.rf.xEOJpJLqgLkXbrSjWQLt.jpg
8-18-_jpg.rf.xEOJpJLqgLkXbrSjWQLt_77964.jpg,Papillon,forme/train/papillon/8-18-_jpg.rf.xEOJpJLqgLkXbrSjWQLt_77964.jpg
8-181-_jpg.rf.I0piQwyyEphQg3SnhrdD_18793.jpg,Papillon,forme/train/papillon/8-181-_jpg.rf.I0piQwyyEphQg3SnhrdD_18793.jpg
8-186-_jpg.rf.BN6VYdqtQ2RIEt3kwo6c.jpg,Papillon,forme/train/papillon/8-186-_jpg.rf.BN6VYdqtQ2RIEt3kwo6c.jpg
8-186-_jpg.rf.BN6VYdqtQ2RIEt3kwo6c_71356.jpg,Papillon,forme/train/papillon/8-186-_jpg.rf.BN6VYdqtQ2RIEt3kwo6c_71356.jpg
8-187-_jpg.rf.bJi4lED8fGvgz83i9bi1_67842.jpg,Papillon,forme/train/papillon/8-187-_jpg.rf.bJi4lED8fGvgz83i9bi1_67842.jpg
8-188-_jpg.rf.t9OyGCbUxDbcJfKxDkOn.jpg,Papillon,forme/train/papillon/8-188-_jpg.rf.t9OyGCbUxDbcJfKxDkOn.jpg
8-188-_jpg.rf.t9OyGCbUxDbcJfKxDkOn_82685.jpg,Papillon,forme/train/papillon/8-188-_jpg.rf.t9OyGCbUxDbcJfKxDkOn_82685.jpg
8-189-_jpg.rf.l8WuORP7fRzz8tIRLmOW_85262.jpg,Papillon,forme/train/papillon/8-189-_jpg.rf.l8WuORP7fRzz8tIRLmOW_85262.jpg
8-191-_jpg.rf.7LGDleWim0OYQMKk5SrS.jpg,Papillon,forme/train/papillon/8-191-_jpg.rf.7LGDleWim0OYQMKk5SrS.jpg
8-191-_jpg.rf.7LGDleWim0OYQMKk5SrS_62251.jpg,Papillon,forme/train/papillon/8-191-_jpg.rf.7LGDleWim0OYQMKk5SrS_62251.jpg
8-191-_jpg.rf.dNnYZh0jbBTC7YMTXn2T_49272.jpg,Papillon,forme/train/papillon/8-191-_jpg.rf.dNnYZh0jbBTC7YMTXn2T_49272.jpg
8-192-_jpg.rf.SxMNjRwaZ3bLAjyumhSj.jpg,Papillon,forme/train/papillon/8-192-_jpg.rf.SxMNjRwaZ3bLAjyumhSj.jpg
8-192-_jpg.rf.SxMNjRwaZ3bLAjyumhSj_86653.jpg,Papillon,forme/train/papillon/8-192-_jpg.rf.SxMNjRwaZ3bLAjyumhSj_86653.jpg
8-194-_jpg.rf.h4k9xDVCKFrHhZDlfGsH.jpg,Papillon,forme/train/papillon/8-194-_jpg.rf.h4k9xDVCKFrHhZDlfGsH.jpg
8-194-_jpg.rf.h4k9xDVCKFrHhZDlfGsH_36961.jpg,Papillon,forme/train/papillon/8-194-_jpg.rf.h4k9xDVCKFrHhZDlfGsH_36961.jpg
8-194-_jpg.rf.yX1slpEvarq5n0mQaYlN_83024.jpg,Papillon,forme/train/papillon/8-194-_jpg.rf.yX1slpEvarq5n0mQaYlN_83024.jpg
8-196-_jpg.rf.x1Dtlao4rCDoYYDtoyQF.jpg,Papillon,forme/train/papillon/8-196-_jpg.rf.x1Dtlao4rCDoYYDtoyQF.jpg
8-196-_jpg.rf.x1Dtlao4rCDoYYDtoyQF_88269.jpg,Papillon,forme/train/papillon/8-196-_jpg.rf.x1Dtlao4rCDoYYDtoyQF_88269.jpg
8-197-_jpg.rf.ljmk4kb2bJdG6PzepGWX.jpg,Papillon,forme/train/papillon/8-197-_jpg.rf.ljmk4kb2bJdG6PzepGWX.jpg
8-197-_jpg.rf.ljmk4kb2bJdG6PzepGWX_82269.jpg,Papillon,forme/train/papillon/8-197-_jpg.rf.ljmk4kb2bJdG6PzepGWX_82269.jpg
8-197-_jpg.rf.nZqIrTskuYfApbGq1ENl.jpg,Papillon,forme/train/papillon/8-197-_jpg.rf.nZqIrTskuYfApbGq1ENl.jpg
8-197-_jpg.rf.nZqIrTskuYfApbGq1ENl_91888.jpg,Papillon,forme/train/papillon/8-197-_jpg.rf.nZqIrTskuYfApbGq1ENl_91888.jpg
8-199-_jpg.rf.PnnFa86A8iZDOUyjDPo1.jpg,Papillon,forme/train/papillon/8-199-_jpg.rf.PnnFa86A8iZDOUyjDPo1.jpg
8-199-_jpg.rf.PnnFa86A8iZDOUyjDPo1_10500.jpg,Papillon,forme/train/papillon/8-199-_jpg.rf.PnnFa86A8iZDOUyjDPo1_10500.jpg
8-2-_jpg.rf.kBLETNZ48Ap5vomvEWCD_31843.jpg,Papillon,forme/train/papillon/8-2-_jpg.rf.kBLETNZ48Ap5vomvEWCD_31843.jpg
8-22-_jpg.rf.NiJ2x7kKcNlJNRySEdtv.jpg,Papillon,forme/train/papillon/8-22-_jpg.rf.NiJ2x7kKcNlJNRySEdtv.jpg
8-22-_jpg.rf.NiJ2x7kKcNlJNRySEdtv_91981.jpg,Papillon,forme/train/papillon/8-22-_jpg.rf.NiJ2x7kKcNlJNRySEdtv_91981.jpg
8-22-_jpg.rf.UcgPS8zcuX5GPTv6X0bi.jpg,Papillon,forme/train/papillon/8-22-_jpg.rf.UcgPS8zcuX5GPTv6X0bi.jpg
8-22-_jpg.rf.UcgPS8zcuX5GPTv6X0bi_29473.jpg,Papillon,forme/train/papillon/8-22-_jpg.rf.UcgPS8zcuX5GPTv6X0bi_29473.jpg
8-23-_jpg.rf.CRubRXYoQA5O5asE1lFb.jpg,Papillon,forme/train/papillon/8-23-_jpg.rf.CRubRXYoQA5O5asE1lFb.jpg
8-23-_jpg.rf.CRubRXYoQA5O5asE1lFb_73993.jpg,Papillon,forme/train/papillon/8-23-_jpg.rf.CRubRXYoQA5O5asE1lFb_73993.jpg
8-28-_jpg.rf.L8Xt0FH0MqKjiaYPyEDr.jpg,Papillon,forme/train/papillon/8-28-_jpg.rf.L8Xt0FH0MqKjiaYPyEDr.jpg
8-28-_jpg.rf.L8Xt0FH0MqKjiaYPyEDr_9083.jpg,Papillon,forme/train/papillon/8-28-_jpg.rf.L8Xt0FH0MqKjiaYPyEDr_9083.jpg
8-3-_jpg.rf.6Q4FflIi6dDfzqgfwCE1_87628.jpg,Papillon,forme/train/papillon/8-3-_jpg.rf.6Q4FflIi6dDfzqgfwCE1_87628.jpg
8-3-_jpg.rf.WFCQBGcUe4s1zHcV9shU_80990.jpg,Papillon,forme/train/papillon/8-3-_jpg.rf.WFCQBGcUe4s1zHcV9shU_80990.jpg
8-30-_jpg.rf.ILZC68lTNE63NVpGI1IP_49350.jpg,Papillon,forme/train/papillon/8-30-_jpg.rf.ILZC68lTNE63NVpGI1IP_49350.jpg
8-33-_jpg.rf.aZqjtCc1f8L9Ve3OGEj9.jpg,Papillon,forme/train/papillon/8-33-_jpg.rf.aZqjtCc1f8L9Ve3OGEj9.jpg
8-33-_jpg.rf.aZqjtCc1f8L9Ve3OGEj9_65336.jpg,Papillon,forme/train/papillon/8-33-_jpg.rf.aZqjtCc1f8L9Ve3OGEj9_65336.jpg
8-34-_jpg.rf.gbw98E3ofDua37QRxtTc.jpg,Papillon,forme/train/papillon/8-34-_jpg.rf.gbw98E3ofDua37QRxtTc.jpg
8-34-_jpg.rf.gbw98E3ofDua37QRxtTc_79513.jpg,Papillon,forme/train/papillon/8-34-_jpg.rf.gbw98E3ofDua37QRxtTc_79513.jpg
8-34-_jpg.rf.pvadQjmyKYlSyh5CwK3P_24855.jpg,Papillon,forme/train/papillon/8-34-_jpg.rf.pvadQjmyKYlSyh5CwK3P_24855.jpg
8-37-_jpg.rf.D9FFgorhJvy9buqGOxNj_73578.jpg,Papillon,forme/train/papillon/8-37-_jpg.rf.D9FFgorhJvy9buqGOxNj_73578.jpg
8-37-_jpg.rf.gWZqHDKd4Dpx42dEZut9.jpg,Papillon,forme/train/papillon/8-37-_jpg.rf.gWZqHDKd4Dpx42dEZut9.jpg
8-37-_jpg.rf.gWZqHDKd4Dpx42dEZut9_1287.jpg,Papillon,forme/train/papillon/8-37-_jpg.rf.gWZqHDKd4Dpx42dEZut9_1287.jpg
8-37-_jpg.rf.I1fgJcJbD3ypW6T2N1zr_60020.jpg,Papillon,forme/train/papillon/8-37-_jpg.rf.I1fgJcJbD3ypW6T2N1zr_60020.jpg
8-37-_jpg.rf.Nt2zS4pZuqhYLde6xerI.jpg,Papillon,forme/train/papillon/8-37-_jpg.rf.Nt2zS4pZuqhYLde6xerI.jpg
8-37-_jpg.rf.Nt2zS4pZuqhYLde6xerI_53254.jpg,Papillon,forme/train/papillon/8-37-_jpg.rf.Nt2zS4pZuqhYLde6xerI_53254.jpg
8-47-_jpg.rf.i5PNCXVxi0mqr9PjFTjN_63817.jpg,Papillon,forme/train/papillon/8-47-_jpg.rf.i5PNCXVxi0mqr9PjFTjN_63817.jpg
8-50-_jpg.rf.Mxj6oZ4IUAhATWSKy8Z7.jpg,Papillon,forme/train/papillon/8-50-_jpg.rf.Mxj6oZ4IUAhATWSKy8Z7.jpg
8-50-_jpg.rf.Mxj6oZ4IUAhATWSKy8Z7_26488.jpg,Papillon,forme/train/papillon/8-50-_jpg.rf.Mxj6oZ4IUAhATWSKy8Z7_26488.jpg
8-55-_jpg.rf.umCWbDTk1P4LR3rqgx66_27142.jpg,Papillon,forme/train/papillon/8-55-_jpg.rf.umCWbDTk1P4LR3rqgx66_27142.jpg
8-56-_jpg.rf.fpxeFOfDO6IsyQenzccn.jpg,Papillon,forme/train/papillon/8-56-_jpg.rf.fpxeFOfDO6IsyQenzccn.jpg
8-56-_jpg.rf.fpxeFOfDO6IsyQenzccn_34357.jpg,Papillon,forme/train/papillon/8-56-_jpg.rf.fpxeFOfDO6IsyQenzccn_34357.jpg
8-56-_jpg.rf.StjiWnFbJDfy6uT0Nvaw.jpg,Papillon,forme/train/papillon/8-56-_jpg.rf.StjiWnFbJDfy6uT0Nvaw.jpg
8-56-_jpg.rf.StjiWnFbJDfy6uT0Nvaw_93554.jpg,Papillon,forme/train/papillon/8-56-_jpg.rf.StjiWnFbJDfy6uT0Nvaw_93554.jpg
8-59-_jpg.rf.QwmASLi2aTc8qjo0aLXC_74340.jpg,Papillon,forme/train/papillon/8-59-_jpg.rf.QwmASLi2aTc8qjo0aLXC_74340.jpg
8-6-_jpg.rf.mz7I5Tuw4aEB9DVENUNN_47458.jpg,Papillon,forme/train/papillon/8-6-_jpg.rf.mz7I5Tuw4aEB9DVENUNN_47458.jpg
8-60-_jpg.rf.3tipKvc2YFR0IbsESu5O_77034.jpg,Papillon,forme/train/papillon/8-60-_jpg.rf.3tipKvc2YFR0IbsESu5O_77034.jpg
8-60-_jpg.rf.zgTWfAE9L1ck55YRmElm.jpg,Papillon,forme/train/papillon/8-60-_jpg.rf.zgTWfAE9L1ck55YRmElm.jpg
8-60-_jpg.rf.zgTWfAE9L1ck55YRmElm_2930.jpg,Papillon,forme/train/papillon/8-60-_jpg.rf.zgTWfAE9L1ck55YRmElm_2930.jpg
8-61-_jpg.rf.6d80ngyB1EkubrHRcXqP.jpg,Papillon,forme/train/papillon/8-61-_jpg.rf.6d80ngyB1EkubrHRcXqP.jpg
8-61-_jpg.rf.6d80ngyB1EkubrHRcXqP_7069.jpg,Papillon,forme/train/papillon/8-61-_jpg.rf.6d80ngyB1EkubrHRcXqP_7069.jpg
8-61-_jpg.rf.bjjDhfrAjapVE153BLdJ_21719.jpg,Papillon,forme/train/papillon/8-61-_jpg.rf.bjjDhfrAjapVE153BLdJ_21719.jpg
8-63-_jpg.rf.pZtQBgfMrj0E9Ipic51Y_43936.jpg,Papillon,forme/train/papillon/8-63-_jpg.rf.pZtQBgfMrj0E9Ipic51Y_43936.jpg
8-63-_jpg.rf.svYVxQIcx168gOpR0JqD.jpg,Papillon,forme/train/papillon/8-63-_jpg.rf.svYVxQIcx168gOpR0JqD.jpg
8-63-_jpg.rf.svYVxQIcx168gOpR0JqD_72807.jpg,Papillon,forme/train/papillon/8-63-_jpg.rf.svYVxQIcx168gOpR0JqD_72807.jpg
8-66-_jpg.rf.f6GGqXpyMPFu66eOWU2Q_52718.jpg,Papillon,forme/train/papillon/8-66-_jpg.rf.f6GGqXpyMPFu66eOWU2Q_52718.jpg
8-66-_jpg.rf.NIlPTsURQWpizqhFgR4m.jpg,Papillon,forme/train/papillon/8-66-_jpg.rf.NIlPTsURQWpizqhFgR4m.jpg
8-66-_jpg.rf.NIlPTsURQWpizqhFgR4m_4228.jpg,Papillon,forme/train/papillon/8-66-_jpg.rf.NIlPTsURQWpizqhFgR4m_4228.jpg
8-67-_jpg.rf.7QBqbuCeIH2zrLC4sx7Z.jpg,Papillon,forme/train/papillon/8-67-_jpg.rf.7QBqbuCeIH2zrLC4sx7Z.jpg
8-67-_jpg.rf.7QBqbuCeIH2zrLC4sx7Z_57565.jpg,Papillon,forme/train/papillon/8-67-_jpg.rf.7QBqbuCeIH2zrLC4sx7Z_57565.jpg
8-68-_jpg.rf.QXbWuWK8HKEczdJhWyn8_25019.jpg,Papillon,forme/train/papillon/8-68-_jpg.rf.QXbWuWK8HKEczdJhWyn8_25019.jpg
8-7-_jpg.rf.EEuyQdwanUXzax1gWbUu_84232.jpg,Papillon,forme/train/papillon/8-7-_jpg.rf.EEuyQdwanUXzax1gWbUu_84232.jpg
8-71-_jpg.rf.cWibmv5CELQDJCAxWY1z_61285.jpg,Papillon,forme/train/papillon/8-71-_jpg.rf.cWibmv5CELQDJCAxWY1z_61285.jpg
8-74-_jpg.rf.ec0pBPs91uIZRuuzg4rI_19453.jpg,Papillon,forme/train/papillon/8-74-_jpg.rf.ec0pBPs91uIZRuuzg4rI_19453.jpg
8-76-_jpg.rf.BxLPbAt5kQZo2FWvzxUD.jpg,Papillon,forme/train/papillon/8-76-_jpg.rf.BxLPbAt5kQZo2FWvzxUD.jpg
8-76-_jpg.rf.BxLPbAt5kQZo2FWvzxUD_68061.jpg,Papillon,forme/train/papillon/8-76-_jpg.rf.BxLPbAt5kQZo2FWvzxUD_68061.jpg
8-76-_jpg.rf.vRFT3IvTfHdj5GuAJELA.jpg,Papillon,forme/train/papillon/8-76-_jpg.rf.vRFT3IvTfHdj5GuAJELA.jpg
8-76-_jpg.rf.vRFT3IvTfHdj5GuAJELA_50138.jpg,Papillon,forme/train/papillon/8-76-_jpg.rf.vRFT3IvTfHdj5GuAJELA_50138.jpg
8-79-_jpg.rf.EeyfsJRLZ5C19ABBDJEO_97873.jpg,Papillon,forme/train/papillon/8-79-_jpg.rf.EeyfsJRLZ5C19ABBDJEO_97873.jpg
8-87-_jpg.rf.YghRBsZkZcrLK2II8pHg.jpg,Papillon,forme/train/papillon/8-87-_jpg.rf.YghRBsZkZcrLK2II8pHg.jpg
8-87-_jpg.rf.YghRBsZkZcrLK2II8pHg_98580.jpg,Papillon,forme/train/papillon/8-87-_jpg.rf.YghRBsZkZcrLK2II8pHg_98580.jpg
8-93-_jpg.rf.6LJUM6h31WC4HcrtJh66.jpg,Papillon,forme/train/papillon/8-93-_jpg.rf.6LJUM6h31WC4HcrtJh66.jpg
8-93-_jpg.rf.6LJUM6h31WC4HcrtJh66_80021.jpg,Papillon,forme/train/papillon/8-93-_jpg.rf.6LJUM6h31WC4HcrtJh66_80021.jpg
8-94-_jpg.rf.KC57sgFvAru4D9JjDWpo_80442.jpg,Papillon,forme/train/papillon/8-94-_jpg.rf.KC57sgFvAru4D9JjDWpo_80442.jpg
8-94-_jpg.rf.Pd6VKuMgDbqw1CiMlnfB.jpg,Papillon,forme/train/papillon/8-94-_jpg.rf.Pd6VKuMgDbqw1CiMlnfB.jpg
8-94-_jpg.rf.Pd6VKuMgDbqw1CiMlnfB_85192.jpg,Papillon,forme/train/papillon/8-94-_jpg.rf.Pd6VKuMgDbqw1CiMlnfB_85192.jpg
8-96-_jpg.rf.8SKHjqkdPmHmBXF0uBwj.jpg,Papillon,forme/train/papillon/8-96-_jpg.rf.8SKHjqkdPmHmBXF0uBwj.jpg
8-96-_jpg.rf.8SKHjqkdPmHmBXF0uBwj_60945.jpg,Papillon,forme/train/papillon/8-96-_jpg.rf.8SKHjqkdPmHmBXF0uBwj_60945.jpg
acetate-optical-frame-500x500_jpg.rf.NlthQ33E9iWWf9AgOtq9.jpg,Papillon,forme/train/papillon/acetate-optical-frame-500x500_jpg.rf.NlthQ33E9iWWf9AgOtq9.jpg
acetate-optical-frame-500x500_jpg.rf.NlthQ33E9iWWf9AgOtq9_89916.jpg,Papillon,forme/train/papillon/acetate-optical-frame-500x500_jpg.rf.NlthQ33E9iWWf9AgOtq9_89916.jpg
best-eyeglass-frames-for-women-over-50_jpg.rf.aXEzjbIMeJNWTbjqqL57_490.jpg,Papillon,forme/train/papillon/best-eyeglass-frames-for-women-over-50_jpg.rf.aXEzjbIMeJNWTbjqqL57_490.jpg
best-eyeglass-frames-for-women-over-50_jpg.rf.nrSdRki0Nc6YDxUMdspU.jpg,Papillon,forme/train/papillon/best-eyeglass-frames-for-women-over-50_jpg.rf.nrSdRki0Nc6YDxUMdspU.jpg
best-eyeglass-frames-for-women-over-50_jpg.rf.nrSdRki0Nc6YDxUMdspU_37103.jpg,Papillon,forme/train/papillon/best-eyeglass-frames-for-women-over-50_jpg.rf.nrSdRki0Nc6YDxUMdspU_37103.jpg
business-books-glasses-table_jpg.rf.9t1Jp79rsU3DY1ZUft1f_91750.jpg,Papillon,forme/train/papillon/business-books-glasses-table_jpg.rf.9t1Jp79rsU3DY1ZUft1f_91750.jpg
content_round-frames-02_jpg.rf.jLW5w3YPu1sN1VsgmauL_79230.jpg,Papillon,forme/train/papillon/content_round-frames-02_jpg.rf.jLW5w3YPu1sN1VsgmauL_79230.jpg
download_jpeg_jpg.rf.tsw21aEpcZPH4SoUMFRz_45308.jpg,Papillon,forme/train/papillon/download_jpeg_jpg.rf.tsw21aEpcZPH4SoUMFRz_45308.jpg
e12470229ee44e49_jpg.rf.oq5IEslrsMmZPTTc4CYw_56481.jpg,Papillon,forme/train/papillon/e12470229ee44e49_jpg.rf.oq5IEslrsMmZPTTc4CYw_56481.jpg
eye-glass-shop_jpg.rf.1pW7RlbZnXKD1LKWowsz.jpg,Papillon,forme/train/papillon/eye-glass-shop_jpg.rf.1pW7RlbZnXKD1LKWowsz.jpg
eye-glass-shop_jpg.rf.1pW7RlbZnXKD1LKWowsz_23580.jpg,Papillon,forme/train/papillon/eye-glass-shop_jpg.rf.1pW7RlbZnXKD1LKWowsz_23580.jpg
eyeglasses-on-marble_jpg.rf.3r7FHcVqmZA6dWWMBRcZ_84808.jpg,Papillon,forme/train/papillon/eyeglasses-on-marble_jpg.rf.3r7FHcVqmZA6dWWMBRcZ_84808.jpg
eyeglasses-on-marble_jpg.rf.xTWyl9dG0XNEkSkjATDP.jpg,Papillon,forme/train/papillon/eyeglasses-on-marble_jpg.rf.xTWyl9dG0XNEkSkjATDP.jpg
eyeglasses-on-marble_jpg.rf.xTWyl9dG0XNEkSkjATDP_48870.jpg,Papillon,forme/train/papillon/eyeglasses-on-marble_jpg.rf.xTWyl9dG0XNEkSkjATDP_48870.jpg
glasses0_png_jpg.rf.IsUbx8mAACdspMFgJcAf.jpg,Papillon,forme/train/papillon/glasses0_png_jpg.rf.IsUbx8mAACdspMFgJcAf.jpg
glasses0_png_jpg.rf.IsUbx8mAACdspMFgJcAf_23486.jpg,Papillon,forme/train/papillon/glasses0_png_jpg.rf.IsUbx8mAACdspMFgJcAf_23486.jpg
glasses11_png_jpg.rf.fAYit6mmYZlImysrkEXo.jpg,Papillon,forme/train/papillon/glasses11_png_jpg.rf.fAYit6mmYZlImysrkEXo.jpg
glasses11_png_jpg.rf.fAYit6mmYZlImysrkEXo_6712.jpg,Papillon,forme/train/papillon/glasses11_png_jpg.rf.fAYit6mmYZlImysrkEXo_6712.jpg
glasses11_png_jpg.rf.HKpQrRaPgGSq9Mb6IUcW.jpg,Papillon,forme/train/papillon/glasses11_png_jpg.rf.HKpQrRaPgGSq9Mb6IUcW.jpg
glasses11_png_jpg.rf.HKpQrRaPgGSq9Mb6IUcW_32841.jpg,Papillon,forme/train/papillon/glasses11_png_jpg.rf.HKpQrRaPgGSq9Mb6IUcW_32841.jpg
glasses12_png_jpg.rf.nnVehYTYTFx1ncO5P36L_24090.jpg,Papillon,forme/train/papillon/glasses12_png_jpg.rf.nnVehYTYTFx1ncO5P36L_24090.jpg
glasses12_png_jpg.rf.TdqNLUSobKoDopryCDTF_3111.jpg,Papillon,forme/train/papillon/glasses12_png_jpg.rf.TdqNLUSobKoDopryCDTF_3111.jpg
glasses147_png_jpg.rf.cuGbnta1XZlpc5JnOuJY_27331.jpg,Papillon,forme/train/papillon/glasses147_png_jpg.rf.cuGbnta1XZlpc5JnOuJY_27331.jpg
glasses147_png_jpg.rf.M5RXD8u9siDCj5wtP0gO_25604.jpg,Papillon,forme/train/papillon/glasses147_png_jpg.rf.M5RXD8u9siDCj5wtP0gO_25604.jpg
glasses14_png-jpg_aug_png_jpg.rf.0KVLqL73o4nDfX3TLxi9_27156.jpg,Papillon,forme/train/papillon/glasses14_png-jpg_aug_png_jpg.rf.0KVLqL73o4nDfX3TLxi9_27156.jpg
glasses14_png_jpg.rf.XoWW56fB2Bew2T9s8fCF.jpg,Papillon,forme/train/papillon/glasses14_png_jpg.rf.XoWW56fB2Bew2T9s8fCF.jpg
glasses14_png_jpg.rf.XoWW56fB2Bew2T9s8fCF_53430.jpg,Papillon,forme/train/papillon/glasses14_png_jpg.rf.XoWW56fB2Bew2T9s8fCF_53430.jpg
glasses16_png-jpg_aug_png_jpg.rf.G7sGi5nVqgJRkk6z42ay.jpg,Papillon,forme/train/papillon/glasses16_png-jpg_aug_png_jpg.rf.G7sGi5nVqgJRkk6z42ay.jpg
glasses16_png-jpg_aug_png_jpg.rf.G7sGi5nVqgJRkk6z42ay_3543.jpg,Papillon,forme/train/papillon/glasses16_png-jpg_aug_png_jpg.rf.G7sGi5nVqgJRkk6z42ay_3543.jpg
glasses173_png-jpg_dropout_aug_png_jpg.rf.K5gztFvBzcH4r9hiAhHl.jpg,Papillon,forme/train/papillon/glasses173_png-jpg_dropout_aug_png_jpg.rf.K5gztFvBzcH4r9hiAhHl.jpg
glasses173_png-jpg_dropout_aug_png_jpg.rf.K5gztFvBzcH4r9hiAhHl_42650.jpg,Papillon,forme/train/papillon/glasses173_png-jpg_dropout_aug_png_jpg.rf.K5gztFvBzcH4r9hiAhHl_42650.jpg
glasses17_png_jpg.rf.HyaZoP3ApnBFDSF5jZzB.jpg,Papillon,forme/train/papillon/glasses17_png_jpg.rf.HyaZoP3ApnBFDSF5jZzB.jpg
glasses17_png_jpg.rf.HyaZoP3ApnBFDSF5jZzB_85561.jpg,Papillon,forme/train/papillon/glasses17_png_jpg.rf.HyaZoP3ApnBFDSF5jZzB_85561.jpg
glasses19_png_jpg.rf.FpMfkrFwtSPPZJJQtFYa.jpg,Papillon,forme/train/papillon/glasses19_png_jpg.rf.FpMfkrFwtSPPZJJQtFYa.jpg
glasses19_png_jpg.rf.FpMfkrFwtSPPZJJQtFYa_46077.jpg,Papillon,forme/train/papillon/glasses19_png_jpg.rf.FpMfkrFwtSPPZJJQtFYa_46077.jpg
glasses200_png_jpg.rf.pRmi0Yuf11vnwdyHg2ag.jpg,Papillon,forme/train/papillon/glasses200_png_jpg.rf.pRmi0Yuf11vnwdyHg2ag.jpg
glasses200_png_jpg.rf.pRmi0Yuf11vnwdyHg2ag_70672.jpg,Papillon,forme/train/papillon/glasses200_png_jpg.rf.pRmi0Yuf11vnwdyHg2ag_70672.jpg
glasses200_png_jpg.rf.xsTWKJdluRfydqW2f6aX.jpg,Papillon,forme/train/papillon/glasses200_png_jpg.rf.xsTWKJdluRfydqW2f6aX.jpg
glasses200_png_jpg.rf.xsTWKJdluRfydqW2f6aX_95700.jpg,Papillon,forme/train/papillon/glasses200_png_jpg.rf.xsTWKJdluRfydqW2f6aX_95700.jpg
glasses23_png_jpg.rf.Xcc635a8VjdsxwoNjTWU.jpg,Papillon,forme/train/papillon/glasses23_png_jpg.rf.Xcc635a8VjdsxwoNjTWU.jpg
glasses23_png_jpg.rf.Xcc635a8VjdsxwoNjTWU_82590.jpg,Papillon,forme/train/papillon/glasses23_png_jpg.rf.Xcc635a8VjdsxwoNjTWU_82590.jpg
glasses31_png_jpg.rf.6WFoglXqllYvaIGaXIiP_6504.jpg,Papillon,forme/train/papillon/glasses31_png_jpg.rf.6WFoglXqllYvaIGaXIiP_6504.jpg
glasses31_png_jpg.rf.WQlMlsz0H2BmPw2865gz_93651.jpg,Papillon,forme/train/papillon/glasses31_png_jpg.rf.WQlMlsz0H2BmPw2865gz_93651.jpg
glasses32_png_jpg.rf.Z6unC0eIdRa3eafPJxXQ_111.jpg,Papillon,forme/train/papillon/glasses32_png_jpg.rf.Z6unC0eIdRa3eafPJxXQ_111.jpg
glasses33_png_jpg.rf.Grd1KbTJDuYlwE7tqil3_70751.jpg,Papillon,forme/train/papillon/glasses33_png_jpg.rf.Grd1KbTJDuYlwE7tqil3_70751.jpg
glasses33_png_jpg.rf.WNHQ2d1RuuF7TCx40eM4_20043.jpg,Papillon,forme/train/papillon/glasses33_png_jpg.rf.WNHQ2d1RuuF7TCx40eM4_20043.jpg
glasses33_png_jpg.rf.WrdwagiadCIv4tobifeW_23278.jpg,Papillon,forme/train/papillon/glasses33_png_jpg.rf.WrdwagiadCIv4tobifeW_23278.jpg
glasses36_png_jpg.rf.hQxULOZrpC796irvmWc3.jpg,Papillon,forme/train/papillon/glasses36_png_jpg.rf.hQxULOZrpC796irvmWc3.jpg
glasses36_png_jpg.rf.hQxULOZrpC796irvmWc3_75129.jpg,Papillon,forme/train/papillon/glasses36_png_jpg.rf.hQxULOZrpC796irvmWc3_75129.jpg
glasses45_png-jpg_aug_png_jpg.rf.ngX2IIWNheeb70FTBBDj_42291.jpg,Papillon,forme/train/papillon/glasses45_png-jpg_aug_png_jpg.rf.ngX2IIWNheeb70FTBBDj_42291.jpg
glasses4_png_jpg.rf.oHfZTwGHLAqaOcs1IjID_53469.jpg,Papillon,forme/train/papillon/glasses4_png_jpg.rf.oHfZTwGHLAqaOcs1IjID_53469.jpg
GRL-PSOP-A33V11-1A-0_10_jpg.rf.F3051nFRX4EBonuJ4dhI.jpg,Papillon,forme/train/papillon/GRL-PSOP-A33V11-1A-0_10_jpg.rf.F3051nFRX4EBonuJ4dhI.jpg
GRL-PSOP-A33V11-1A-0_10_jpg.rf.F3051nFRX4EBonuJ4dhI_51110.jpg,Papillon,forme/train/papillon/GRL-PSOP-A33V11-1A-0_10_jpg.rf.F3051nFRX4EBonuJ4dhI_51110.jpg
images-10-jpg_aug_png_jpg.rf.XzjOjbhcrGUikVFiggxj_52986.jpg,Papillon,forme/train/papillon/images-10-jpg_aug_png_jpg.rf.XzjOjbhcrGUikVFiggxj_52986.jpg
images-10-_jpg.rf.Uy0bPpSpLU82x3RtwkI0.jpg,Papillon,forme/train/papillon/images-10-_jpg.rf.Uy0bPpSpLU82x3RtwkI0.jpg
images-10-_jpg.rf.Uy0bPpSpLU82x3RtwkI0_38484.jpg,Papillon,forme/train/papillon/images-10-_jpg.rf.Uy0bPpSpLU82x3RtwkI0_38484.jpg
images-12-_jpg.rf.5SjhZzPufyiCje8mXUry.jpg,Papillon,forme/train/papillon/images-12-_jpg.rf.5SjhZzPufyiCje8mXUry.jpg
images-12-_jpg.rf.5SjhZzPufyiCje8mXUry_13958.jpg,Papillon,forme/train/papillon/images-12-_jpg.rf.5SjhZzPufyiCje8mXUry_13958.jpg
images-16-_jpg.rf.9PDnwAmWwJWl6jmzYpzF.jpg,Papillon,forme/train/papillon/images-16-_jpg.rf.9PDnwAmWwJWl6jmzYpzF.jpg
images-16-_jpg.rf.9PDnwAmWwJWl6jmzYpzF_54576.jpg,Papillon,forme/train/papillon/images-16-_jpg.rf.9PDnwAmWwJWl6jmzYpzF_54576.jpg
images-21_png_jpg.rf.n23HSVReC7MvBIkqVSeH_1695.jpg,Papillon,forme/train/papillon/images-21_png_jpg.rf.n23HSVReC7MvBIkqVSeH_1695.jpg
images-3-_jpg.rf.vfzQ2PUakgIlIx8olXTg.jpg,Papillon,forme/train/papillon/images-3-_jpg.rf.vfzQ2PUakgIlIx8olXTg.jpg
images-3-_jpg.rf.vfzQ2PUakgIlIx8olXTg_38190.jpg,Papillon,forme/train/papillon/images-3-_jpg.rf.vfzQ2PUakgIlIx8olXTg_38190.jpg
images-4-_jpg.rf.IbFFXtbmW4RfoLS3kY36.jpg,Papillon,forme/train/papillon/images-4-_jpg.rf.IbFFXtbmW4RfoLS3kY36.jpg
images-4-_jpg.rf.IbFFXtbmW4RfoLS3kY36_13056.jpg,Papillon,forme/train/papillon/images-4-_jpg.rf.IbFFXtbmW4RfoLS3kY36_13056.jpg
images-6-_jpg.rf.VHq9uIN8tDkiYfLN6Ada.jpg,Papillon,forme/train/papillon/images-6-_jpg.rf.VHq9uIN8tDkiYfLN6Ada.jpg
images-6-_jpg.rf.VHq9uIN8tDkiYfLN6Ada_18133.jpg,Papillon,forme/train/papillon/images-6-_jpg.rf.VHq9uIN8tDkiYfLN6Ada_18133.jpg
images-7-jpg_aug_png_jpg.rf.KUQNq0amgIZYeH96AQXA_56957.jpg,Papillon,forme/train/papillon/images-7-jpg_aug_png_jpg.rf.KUQNq0amgIZYeH96AQXA_56957.jpg
images-9-jpg_aug_png_jpg.rf.XOGBiCmUtOv35K05Ctlu.jpg,Papillon,forme/train/papillon/images-9-jpg_aug_png_jpg.rf.XOGBiCmUtOv35K05Ctlu.jpg
images-9-jpg_aug_png_jpg.rf.XOGBiCmUtOv35K05Ctlu_17590.jpg,Papillon,forme/train/papillon/images-9-jpg_aug_png_jpg.rf.XOGBiCmUtOv35K05Ctlu_17590.jpg
images12_jpg.rf.jDbbGQ6f2RfvjshTzDyY.jpg,Papillon,forme/train/papillon/images12_jpg.rf.jDbbGQ6f2RfvjshTzDyY.jpg
images12_jpg.rf.jDbbGQ6f2RfvjshTzDyY_59343.jpg,Papillon,forme/train/papillon/images12_jpg.rf.jDbbGQ6f2RfvjshTzDyY_59343.jpg
istockphoto-1097322006-612x612_jpg.rf.BfKARAMpIIhuXmqDx4WW_14672.jpg,Papillon,forme/train/papillon/istockphoto-1097322006-612x612_jpg.rf.BfKARAMpIIhuXmqDx4WW_14672.jpg
istockphoto-1097322006-612x612_jpg.rf.bVn11cOE6dHB7aDUrSiW_89608.jpg,Papillon,forme/train/papillon/istockphoto-1097322006-612x612_jpg.rf.bVn11cOE6dHB7aDUrSiW_89608.jpg
istockphoto-535407036-612x612_jpg.rf.deHNtwsSmUy4MeSF4Lz6_73158.jpg,Papillon,forme/train/papillon/istockphoto-535407036-612x612_jpg.rf.deHNtwsSmUy4MeSF4Lz6_73158.jpg
minimal-office-desk-table-top-view-with-keyboard-computer-mouse-glasses-coffee-c_69292.jpg,Papillon,forme/train/papillon/minimal-office-desk-table-top-view-with-keyboard-computer-mouse-glasses-coffee-c_69292.jpg
round-face-transparent-glasses-660x440-compressor_jpg.rf.WuJjB3lz5CpFH4eGyU4T_1965.jpg,Papillon,forme/train/papillon/round-face-transparent-glasses-660x440-compressor_jpg.rf.WuJjB3lz5CpFH4eGyU4T_1965.jpg
sunglasses-2-1625071474_jpg.rf.NmsiQpK3s6k9Sg0zBvxD_72321.jpg,Papillon,forme/train/papillon/sunglasses-2-1625071474_jpg.rf.NmsiQpK3s6k9Sg0zBvxD_72321.jpg
sunglasses-2-1625071474_jpg.rf.rUsjm7B2HnZHGQw5fThy_97914.jpg,Papillon,forme/train/papillon/sunglasses-2-1625071474_jpg.rf.rUsjm7B2HnZHGQw5fThy_97914.jpg
top-10-optical-shops-in-singapore_jpg.rf.1Ss9Vkwvn38WbNdjp5dV.jpg,Papillon,forme/train/papillon/top-10-optical-shops-in-singapore_jpg.rf.1Ss9Vkwvn38WbNdjp5dV.jpg
top-10-optical-shops-in-singapore_jpg.rf.1Ss9Vkwvn38WbNdjp5dV_82717.jpg,Papillon,forme/train/papillon/top-10-optical-shops-in-singapore_jpg.rf.1Ss9Vkwvn38WbNdjp5dV_82717.jpg
woman-ophthalmologist-showing-camera-pair-eyeglasses_23-2148310022_jpg.rf.c85gKR_29282.jpg,Papillon,forme/train/papillon/woman-ophthalmologist-showing-camera-pair-eyeglasses_23-2148310022_jpg.rf.c85gKR_29282.jpg
women-with-glass_54-jpg_aug_png_jpg.rf.N94pgaJz5kVUbdJU9WAu.jpg,Papillon,forme/train/papillon/women-with-glass_54-jpg_aug_png_jpg.rf.N94pgaJz5kVUbdJU9WAu.jpg
women-with-glass_54-jpg_aug_png_jpg.rf.N94pgaJz5kVUbdJU9WAu_77538.jpg,Papillon,forme/train/papillon/women-with-glass_54-jpg_aug_png_jpg.rf.N94pgaJz5kVUbdJU9WAu_77538.jpg
women-with-glass_97-jpg_aug_png_jpg.rf.avTBrzD2tH9JgX8b51iI.jpg,Papillon,forme/train/papillon/women-with-glass_97-jpg_aug_png_jpg.rf.avTBrzD2tH9JgX8b51iI.jpg
women-with-glass_97-jpg_aug_png_jpg.rf.avTBrzD2tH9JgX8b51iI_22070.jpg,Papillon,forme/train/papillon/women-with-glass_97-jpg_aug_png_jpg.rf.avTBrzD2tH9JgX8b51iI_22070.jpg
women-with-glass_97-jpg_aug_png_jpg.rf.v69DYq2BPwcE3iv3Kvnp_4450.jpg,Papillon,forme/train/papillon/women-with-glass_97-jpg_aug_png_jpg.rf.v69DYq2BPwcE3iv3Kvnp_4450.jpg
-1-jpg_aug_png_jpg.rf.Fkz8gMbI8uIqAC4RUlm4.jpg,Rectangulaire,forme/train/rectangulaire/-1-jpg_aug_png_jpg.rf.Fkz8gMbI8uIqAC4RUlm4.jpg
-1-jpg_aug_png_jpg.rf.lJag3tSFAWpQgfByQ1ck.jpg,Rectangulaire,forme/train/rectangulaire/-1-jpg_aug_png_jpg.rf.lJag3tSFAWpQgfByQ1ck.jpg
-1-_jpg.rf.2xskk8YhiWApOqEsCoJz.jpg,Rectangulaire,forme/train/rectangulaire/-1-_jpg.rf.2xskk8YhiWApOqEsCoJz.jpg
-1-_jpg.rf.3hQ5s67XcLvyctuX5kyF.jpg,Rectangulaire,forme/train/rectangulaire/-1-_jpg.rf.3hQ5s67XcLvyctuX5kyF.jpg
-1-_jpg.rf.JDpwxeYm6mUoATbvL8Uv.jpg,Rectangulaire,forme/train/rectangulaire/-1-_jpg.rf.JDpwxeYm6mUoATbvL8Uv.jpg
-1-_jpg.rf.K8oN4G44zF7v3s4cQsgy.jpg,Rectangulaire,forme/train/rectangulaire/-1-_jpg.rf.K8oN4G44zF7v3s4cQsgy.jpg
-1-_jpg.rf.YOvADcCHNmQGxFtibXRq.jpg,Rectangulaire,forme/train/rectangulaire/-1-_jpg.rf.YOvADcCHNmQGxFtibXRq.jpg
-1-_jpg.rf.ZYLAXcG9b9rlierk2NdS.jpg,Rectangulaire,forme/train/rectangulaire/-1-_jpg.rf.ZYLAXcG9b9rlierk2NdS.jpg
-4-jpg_flip_aug_png_jpg.rf.hupwk3IGPlNMkICsAQYf_16006.jpg,Rectangulaire,forme/train/rectangulaire/-4-jpg_flip_aug_png_jpg.rf.hupwk3IGPlNMkICsAQYf_16006.jpg
-6-_jpg.rf.CsOPZsixgF2fwVTSvfr5_77579.jpg,Rectangulaire,forme/train/rectangulaire/-6-_jpg.rf.CsOPZsixgF2fwVTSvfr5_77579.jpg
-8-_jpg.rf.rAcQbkRhrh0bcAC2W6UQ_23932.jpg,Rectangulaire,forme/train/rectangulaire/-8-_jpg.rf.rAcQbkRhrh0bcAC2W6UQ_23932.jpg
-8-_jpg.rf.YWxMmMMAE1WfWsJluBYG_55371.jpg,Rectangulaire,forme/train/rectangulaire/-8-_jpg.rf.YWxMmMMAE1WfWsJluBYG_55371.jpg
1-istock-617894388-man-glasses_jpg.rf.X21LGrw3ThQvKQTI0Kfd_59858.jpg,Rectangulaire,forme/train/rectangulaire/1-istock-617894388-man-glasses_jpg.rf.X21LGrw3ThQvKQTI0Kfd_59858.jpg
101_jpg.rf.RpRy1bncIqAAkJZpSAA9_18711.jpg,Rectangulaire,forme/train/rectangulaire/101_jpg.rf.RpRy1bncIqAAkJZpSAA9_18711.jpg
102_jpg.rf.hyq8QpVxGyfGOEMUFCgw_61074.jpg,Rectangulaire,forme/train/rectangulaire/102_jpg.rf.hyq8QpVxGyfGOEMUFCgw_61074.jpg
10_jpg.rf.Ui5WqTBaoZU3o5TvEN2D_88392.jpg,Rectangulaire,forme/train/rectangulaire/10_jpg.rf.Ui5WqTBaoZU3o5TvEN2D_88392.jpg
11-75181065-cms_jpg.rf.O7thGjVlVOnJVAO8mj3m_37433.jpg,Rectangulaire,forme/train/rectangulaire/11-75181065-cms_jpg.rf.O7thGjVlVOnJVAO8mj3m_37433.jpg
116-jpg_flip_aug_png_jpg.rf.ab1ZCOYBIyKO4unzgy8g_2602.jpg,Rectangulaire,forme/train/rectangulaire/116-jpg_flip_aug_png_jpg.rf.ab1ZCOYBIyKO4unzgy8g_2602.jpg
116_jpg.rf.c8u2KQKxHAiIOo5h0rgN_92515.jpg,Rectangulaire,forme/train/rectangulaire/116_jpg.rf.c8u2KQKxHAiIOo5h0rgN_92515.jpg
119_jpg.rf.LZVKkx4SPPxLVUduKOOg_31046.jpg,Rectangulaire,forme/train/rectangulaire/119_jpg.rf.LZVKkx4SPPxLVUduKOOg_31046.jpg
121-jpg_dropout_aug_png_jpg.rf.YGS3DPWLbAesqUuKl0zp_35557.jpg,Rectangulaire,forme/train/rectangulaire/121-jpg_dropout_aug_png_jpg.rf.YGS3DPWLbAesqUuKl0zp_35557.jpg
121-jpg_shear_aug_png_jpg.rf.KGcmQQuA6czFWUueRdIM_29269.jpg,Rectangulaire,forme/train/rectangulaire/121-jpg_shear_aug_png_jpg.rf.KGcmQQuA6czFWUueRdIM_29269.jpg
136_jpg.rf.k93bIU7BUTBdcCOjt5EG_20624.jpg,Rectangulaire,forme/train/rectangulaire/136_jpg.rf.k93bIU7BUTBdcCOjt5EG_20624.jpg
139_jpg.rf.sTqQzxLoED48llhBpeSc_28996.jpg,Rectangulaire,forme/train/rectangulaire/139_jpg.rf.sTqQzxLoED48llhBpeSc_28996.jpg
13_jpg.rf.zLyiE3RXhS6lfY1SOz2U_54060.jpg,Rectangulaire,forme/train/rectangulaire/13_jpg.rf.zLyiE3RXhS6lfY1SOz2U_54060.jpg
1583c650c68bd9a05a757d92bd787230_jpg.rf.igmIyb6qN8QxlbqBKQ9h_25445.jpg,Rectangulaire,forme/train/rectangulaire/1583c650c68bd9a05a757d92bd787230_jpg.rf.igmIyb6qN8QxlbqBKQ9h_25445.jpg
1583c650c68bd9a05a757d92bd787230_jpg.rf.RfoGTbkVXGh91Y4QuRIL_21507.jpg,Rectangulaire,forme/train/rectangulaire/1583c650c68bd9a05a757d92bd787230_jpg.rf.RfoGTbkVXGh91Y4QuRIL_21507.jpg
17_jpg.rf.6M6N3vz3loDGDdlponFK_17857.jpg,Rectangulaire,forme/train/rectangulaire/17_jpg.rf.6M6N3vz3loDGDdlponFK_17857.jpg
2-jpg_flip_aug_png_jpg.rf.Di6H5gbzNs1XcDD5uB9P_37981.jpg,Rectangulaire,forme/train/rectangulaire/2-jpg_flip_aug_png_jpg.rf.Di6H5gbzNs1XcDD5uB9P_37981.jpg
20230718_134132_aug1_jpg.rf.4KIomjcWcKnDQOCjThY4_54862.jpg,Rectangulaire,forme/train/rectangulaire/20230718_134132_aug1_jpg.rf.4KIomjcWcKnDQOCjThY4_54862.jpg
20230718_134428_aug1_jpg.rf.ZDVmATLQYJaROCSo09fx_44802.jpg,Rectangulaire,forme/train/rectangulaire/20230718_134428_aug1_jpg.rf.ZDVmATLQYJaROCSo09fx_44802.jpg
20230718_135422_aug1_jpg.rf.zzeEkyNyCwregPkocDyF_65986.jpg,Rectangulaire,forme/train/rectangulaire/20230718_135422_aug1_jpg.rf.zzeEkyNyCwregPkocDyF_65986.jpg
20_jpg.rf.YG0vkn9ngL3rQkRNs3Xs_22073.jpg,Rectangulaire,forme/train/rectangulaire/20_jpg.rf.YG0vkn9ngL3rQkRNs3Xs_22073.jpg
2_jpg.rf.1UVCnuwo1qzAwQfLSje8_75384.jpg,Rectangulaire,forme/train/rectangulaire/2_jpg.rf.1UVCnuwo1qzAwQfLSje8_75384.jpg
31-jpg_shear_aug_png_jpg.rf.YrgcHUnN6bqFpAGDz93g_44311.jpg,Rectangulaire,forme/train/rectangulaire/31-jpg_shear_aug_png_jpg.rf.YrgcHUnN6bqFpAGDz93g_44311.jpg
33-cheatereyeglasses-1305385414_770x533-jpg_cloud_affine_aug_png_jpg.rf.pbEEnEhW_85184.jpg,Rectangulaire,forme/train/rectangulaire/33-cheatereyeglasses-1305385414_770x533-jpg_cloud_affine_aug_png_jpg.rf.pbEEnEhW_85184.jpg
33-cheatereyeglasses-1305385414_770x533-jpg_flip_aug_png_jpg.rf.k5rRHRvA6mvVz0WO_48300.jpg,Rectangulaire,forme/train/rectangulaire/33-cheatereyeglasses-1305385414_770x533-jpg_flip_aug_png_jpg.rf.k5rRHRvA6mvVz0WO_48300.jpg
33-cheatereyeglasses-1305385414_770x533-jpg_shear_aug_png_jpg.rf.gOohGovAoRm4uFa_61897.jpg,Rectangulaire,forme/train/rectangulaire/33-cheatereyeglasses-1305385414_770x533-jpg_shear_aug_png_jpg.rf.gOohGovAoRm4uFa_61897.jpg
34_jpg.rf.X6BrWk0P7LWzdK0E2Rb5_4832.jpg,Rectangulaire,forme/train/rectangulaire/34_jpg.rf.X6BrWk0P7LWzdK0E2Rb5_4832.jpg
39-handsome-guy-glasses-white-shirt-260nw-552011224_jpg.rf.ZgIoBApM5AnmMg8LY9YX_39969.jpg,Rectangulaire,forme/train/rectangulaire/39-handsome-guy-glasses-white-shirt-260nw-552011224_jpg.rf.ZgIoBApM5AnmMg8LY9YX_39969.jpg
39_jpg.rf.EVIixB9WEx5rgDkoAxih_50041.jpg,Rectangulaire,forme/train/rectangulaire/39_jpg.rf.EVIixB9WEx5rgDkoAxih_50041.jpg
3_jpg.rf.fVc3BOyCKJbmBgCIkufO_20611.jpg,Rectangulaire,forme/train/rectangulaire/3_jpg.rf.fVc3BOyCKJbmBgCIkufO_20611.jpg
41-tumblr_m78m33018o1r7g3sdo1_1280_jpg.rf.89Ph9paXEyFqEQyG5tZB_22246.jpg,Rectangulaire,forme/train/rectangulaire/41-tumblr_m78m33018o1r7g3sdo1_1280_jpg.rf.89Ph9paXEyFqEQyG5tZB_22246.jpg
45_jpg.rf.prD42aI7BSjWUl2X8rUg_1213.jpg,Rectangulaire,forme/train/rectangulaire/45_jpg.rf.prD42aI7BSjWUl2X8rUg_1213.jpg
49-08_v_eye_luke_evans_cmyk_jpg.rf.pmeXVj4KCgc0k30p7cxf_22097.jpg,Rectangulaire,forme/train/rectangulaire/49-08_v_eye_luke_evans_cmyk_jpg.rf.pmeXVj4KCgc0k30p7cxf_22097.jpg
5164FzCFafL-_AC_SL1500__jpg.rf.Zo2SLzayneH9QbTTXQ5L_58580.jpg,Rectangulaire,forme/train/rectangulaire/5164FzCFafL-_AC_SL1500__jpg.rf.Zo2SLzayneH9QbTTXQ5L_58580.jpg
54_jpg.rf.8no8LQYLB71SMok2eWk7_82836.jpg,Rectangulaire,forme/train/rectangulaire/54_jpg.rf.8no8LQYLB71SMok2eWk7_82836.jpg
5e8cb3653404c8a95726c659f3f7e790_jpg.rf.PutT6QR9rBlA9WVZ363T_17361.jpg,Rectangulaire,forme/train/rectangulaire/5e8cb3653404c8a95726c659f3f7e790_jpg.rf.PutT6QR9rBlA9WVZ363T_17361.jpg
8-101-_jpg.rf.BF8yhIOovX9neZrCK9Gc_43682.jpg,Rectangulaire,forme/train/rectangulaire/8-101-_jpg.rf.BF8yhIOovX9neZrCK9Gc_43682.jpg
8-102-_jpg.rf.CQYNr3A16AOdwHOq9vWp_23986.jpg,Rectangulaire,forme/train/rectangulaire/8-102-_jpg.rf.CQYNr3A16AOdwHOq9vWp_23986.jpg
8-102-_jpg.rf.LTwKPS5Vy7n5VXTHrqk1_17202.jpg,Rectangulaire,forme/train/rectangulaire/8-102-_jpg.rf.LTwKPS5Vy7n5VXTHrqk1_17202.jpg
8-103-_jpg.rf.nuAlj9uHVSQsMEf0M3CU_37858.jpg,Rectangulaire,forme/train/rectangulaire/8-103-_jpg.rf.nuAlj9uHVSQsMEf0M3CU_37858.jpg
8-103-_jpg.rf.svZEUqqE66gmB3vT9Aqu_16997.jpg,Rectangulaire,forme/train/rectangulaire/8-103-_jpg.rf.svZEUqqE66gmB3vT9Aqu_16997.jpg
8-105-_jpg.rf.Vg9gSOJr2C1hOOpbnqjz_7924.jpg,Rectangulaire,forme/train/rectangulaire/8-105-_jpg.rf.Vg9gSOJr2C1hOOpbnqjz_7924.jpg
8-108-_jpg.rf.vj4DRUhrZMJ1AlJThFFo_40214.jpg,Rectangulaire,forme/train/rectangulaire/8-108-_jpg.rf.vj4DRUhrZMJ1AlJThFFo_40214.jpg
8-109-_jpg.rf.YYeMQY8p4xMcHH7cNrUJ_23969.jpg,Rectangulaire,forme/train/rectangulaire/8-109-_jpg.rf.YYeMQY8p4xMcHH7cNrUJ_23969.jpg
8-110-_jpg.rf.DQfzyx7zZoFiZQUW64ua_8708.jpg,Rectangulaire,forme/train/rectangulaire/8-110-_jpg.rf.DQfzyx7zZoFiZQUW64ua_8708.jpg
8-116-_jpg.rf.jIKmIDgQgGfEjO9HOXvk_4903.jpg,Rectangulaire,forme/train/rectangulaire/8-116-_jpg.rf.jIKmIDgQgGfEjO9HOXvk_4903.jpg
8-139-_jpg.rf.7QEd26OXaa1UTBR96URY_72534.jpg,Rectangulaire,forme/train/rectangulaire/8-139-_jpg.rf.7QEd26OXaa1UTBR96URY_72534.jpg
8-14-_jpg.rf.nsYjxYKgv2l0btRu5SS3_23518.jpg,Rectangulaire,forme/train/rectangulaire/8-14-_jpg.rf.nsYjxYKgv2l0btRu5SS3_23518.jpg
8-141-_jpg.rf.AjiZjOJddiY2aoZgyLtK_80047.jpg,Rectangulaire,forme/train/rectangulaire/8-141-_jpg.rf.AjiZjOJddiY2aoZgyLtK_80047.jpg
8-143-_jpg.rf.Om4zhvb85qd51vLKw09w_3031.jpg,Rectangulaire,forme/train/rectangulaire/8-143-_jpg.rf.Om4zhvb85qd51vLKw09w_3031.jpg
8-143-_jpg.rf.qLNyXR9Zy7kBTjPnZZfR_19367.jpg,Rectangulaire,forme/train/rectangulaire/8-143-_jpg.rf.qLNyXR9Zy7kBTjPnZZfR_19367.jpg
8-144-_jpg.rf.nvO6kXSTsaxvHKc0fL5w_59663.jpg,Rectangulaire,forme/train/rectangulaire/8-144-_jpg.rf.nvO6kXSTsaxvHKc0fL5w_59663.jpg
8-146-_jpg.rf.eSpl8f70ZtS7p13PAsAM_49971.jpg,Rectangulaire,forme/train/rectangulaire/8-146-_jpg.rf.eSpl8f70ZtS7p13PAsAM_49971.jpg
8-146-_jpg.rf.Wc5TiskCKhmC9uRsm06a_57386.jpg,Rectangulaire,forme/train/rectangulaire/8-146-_jpg.rf.Wc5TiskCKhmC9uRsm06a_57386.jpg
8-147-_jpg.rf.d0PLFIzPAqWZJVhPwVBM_13234.jpg,Rectangulaire,forme/train/rectangulaire/8-147-_jpg.rf.d0PLFIzPAqWZJVhPwVBM_13234.jpg
8-150-_jpg.rf.BBfxYGPxtvvvKxoz78cu_13248.jpg,Rectangulaire,forme/train/rectangulaire/8-150-_jpg.rf.BBfxYGPxtvvvKxoz78cu_13248.jpg
8-150-_jpg.rf.mBrW01AZEeVqZ69L9Ezg_78151.jpg,Rectangulaire,forme/train/rectangulaire/8-150-_jpg.rf.mBrW01AZEeVqZ69L9Ezg_78151.jpg
8-155-_jpg.rf.3jF4TjhTFeNg8i45N1J1_5831.jpg,Rectangulaire,forme/train/rectangulaire/8-155-_jpg.rf.3jF4TjhTFeNg8i45N1J1_5831.jpg
8-155-_jpg.rf.bXKLMQtXZ2gxnUHEwQ02_80758.jpg,Rectangulaire,forme/train/rectangulaire/8-155-_jpg.rf.bXKLMQtXZ2gxnUHEwQ02_80758.jpg
8-158-_jpg.rf.dHp9j9Q20lNmS0NTBRE9_96333.jpg,Rectangulaire,forme/train/rectangulaire/8-158-_jpg.rf.dHp9j9Q20lNmS0NTBRE9_96333.jpg
8-162-_jpg.rf.Ig3Hem06BXeLiJ7t916x_89045.jpg,Rectangulaire,forme/train/rectangulaire/8-162-_jpg.rf.Ig3Hem06BXeLiJ7t916x_89045.jpg
8-165-_jpg.rf.9RL8EyOyf8COWxLxZvTc_20990.jpg,Rectangulaire,forme/train/rectangulaire/8-165-_jpg.rf.9RL8EyOyf8COWxLxZvTc_20990.jpg
8-165-_jpg.rf.aMjdoamL1CSG5KNKZyt7_9740.jpg,Rectangulaire,forme/train/rectangulaire/8-165-_jpg.rf.aMjdoamL1CSG5KNKZyt7_9740.jpg
8-166-_jpg.rf.XYe80MVI7EqL5KNwF6qn_68317.jpg,Rectangulaire,forme/train/rectangulaire/8-166-_jpg.rf.XYe80MVI7EqL5KNwF6qn_68317.jpg
8-167-_jpg.rf.PcmT8WxNAfJtaRNXhZBT_65033.jpg,Rectangulaire,forme/train/rectangulaire/8-167-_jpg.rf.PcmT8WxNAfJtaRNXhZBT_65033.jpg
8-168-_jpg.rf.qvuT4P86vh0L9pTH8kRc_89081.jpg,Rectangulaire,forme/train/rectangulaire/8-168-_jpg.rf.qvuT4P86vh0L9pTH8kRc_89081.jpg
8-170-_jpg.rf.VVws3ZAXN5WEIgxDvguK_91996.jpg,Rectangulaire,forme/train/rectangulaire/8-170-_jpg.rf.VVws3ZAXN5WEIgxDvguK_91996.jpg
8-179-_jpg.rf.qzDsx0Y4FOM05GyizP6K_23344.jpg,Rectangulaire,forme/train/rectangulaire/8-179-_jpg.rf.qzDsx0Y4FOM05GyizP6K_23344.jpg
8-180-_jpg.rf.JzhgxbcVsruvEe1CtJyZ_71769.jpg,Rectangulaire,forme/train/rectangulaire/8-180-_jpg.rf.JzhgxbcVsruvEe1CtJyZ_71769.jpg
8-181-_jpg.rf.NifEAkUT1EvgjMsiF2ST_73454.jpg,Rectangulaire,forme/train/rectangulaire/8-181-_jpg.rf.NifEAkUT1EvgjMsiF2ST_73454.jpg
8-182-_jpg.rf.LlIzSUp9HsrBViON4SaX_98997.jpg,Rectangulaire,forme/train/rectangulaire/8-182-_jpg.rf.LlIzSUp9HsrBViON4SaX_98997.jpg
8-188-_jpg.rf.XSrlkF78DvvjKOfqYvtz_58719.jpg,Rectangulaire,forme/train/rectangulaire/8-188-_jpg.rf.XSrlkF78DvvjKOfqYvtz_58719.jpg
8-191-_jpg.rf.0jsLdCjXe8MThZmBZFkf_19257.jpg,Rectangulaire,forme/train/rectangulaire/8-191-_jpg.rf.0jsLdCjXe8MThZmBZFkf_19257.jpg
8-196-_jpg.rf.VCWw3GImmjyIRFxhRHSq_92916.jpg,Rectangulaire,forme/train/rectangulaire/8-196-_jpg.rf.VCWw3GImmjyIRFxhRHSq_92916.jpg
8-20-_jpg.rf.cbzCRQeqxTHKSBDGB8zz_37201.jpg,Rectangulaire,forme/train/rectangulaire/8-20-_jpg.rf.cbzCRQeqxTHKSBDGB8zz_37201.jpg
8-24-_jpg.rf.tlC289MxwilPbj7Xp4WH_38612.jpg,Rectangulaire,forme/train/rectangulaire/8-24-_jpg.rf.tlC289MxwilPbj7Xp4WH_38612.jpg
8-25-_jpg.rf.PPT71eFRIwuCWUJV5GLe_2712.jpg,Rectangulaire,forme/train/rectangulaire/8-25-_jpg.rf.PPT71eFRIwuCWUJV5GLe_2712.jpg
8-30-_jpg.rf.GDtZVZ8nO5nhz0mAhKHk_56573.jpg,Rectangulaire,forme/train/rectangulaire/8-30-_jpg.rf.GDtZVZ8nO5nhz0mAhKHk_56573.jpg
8-32-_jpg.rf.NN93Q7Xir4F4RntpFL9s_14666.jpg,Rectangulaire,forme/train/rectangulaire/8-32-_jpg.rf.NN93Q7Xir4F4RntpFL9s_14666.jpg
8-33-_jpg.rf.whwXmgT2lqsnQLv4ZSRF_74596.jpg,Rectangulaire,forme/train/rectangulaire/8-33-_jpg.rf.whwXmgT2lqsnQLv4ZSRF_74596.jpg
8-34-_jpg.rf.R87KV2YnWd8OOYHYOTYR_83026.jpg,Rectangulaire,forme/train/rectangulaire/8-34-_jpg.rf.R87KV2YnWd8OOYHYOTYR_83026.jpg
8-38-_jpg.rf.QSmXhQ7JdIuRb9tjflNA_51709.jpg,Rectangulaire,forme/train/rectangulaire/8-38-_jpg.rf.QSmXhQ7JdIuRb9tjflNA_51709.jpg
8-49-_jpg.rf.K9sBaiugEN7BGoTHf70p_41179.jpg,Rectangulaire,forme/train/rectangulaire/8-49-_jpg.rf.K9sBaiugEN7BGoTHf70p_41179.jpg
8-51-_jpg.rf.a8VIuzsmM9MTlZUb5wak_86060.jpg,Rectangulaire,forme/train/rectangulaire/8-51-_jpg.rf.a8VIuzsmM9MTlZUb5wak_86060.jpg
8-53-_jpg.rf.kSkaCOMYcZaF5z7dEKPb_57594.jpg,Rectangulaire,forme/train/rectangulaire/8-53-_jpg.rf.kSkaCOMYcZaF5z7dEKPb_57594.jpg
8-62-_jpg.rf.fLVbdtZG5sWjmRjH8ICh_91407.jpg,Rectangulaire,forme/train/rectangulaire/8-62-_jpg.rf.fLVbdtZG5sWjmRjH8ICh_91407.jpg
8-7-_jpg.rf.RI7m7vtTn6uAXIZovu1B_27850.jpg,Rectangulaire,forme/train/rectangulaire/8-7-_jpg.rf.RI7m7vtTn6uAXIZovu1B_27850.jpg
8-72-_jpg.rf.eRinpNF7SiwJ6T47PGPH_78962.jpg,Rectangulaire,forme/train/rectangulaire/8-72-_jpg.rf.eRinpNF7SiwJ6T47PGPH_78962.jpg
8-76-_jpg.rf.rYVbRobU3tJ8CwlmOmRo_55981.jpg,Rectangulaire,forme/train/rectangulaire/8-76-_jpg.rf.rYVbRobU3tJ8CwlmOmRo_55981.jpg
8-77-_jpg.rf.OY0IDGW7yg0e0CtiVvDC_3314.jpg,Rectangulaire,forme/train/rectangulaire/8-77-_jpg.rf.OY0IDGW7yg0e0CtiVvDC_3314.jpg
8-82-_jpg.rf.I9Z3RQTxR8PwR37FJkzn_39373.jpg,Rectangulaire,forme/train/rectangulaire/8-82-_jpg.rf.I9Z3RQTxR8PwR37FJkzn_39373.jpg
8-84-_jpg.rf.n9tXO7nqr72Rh7knt6z5_56878.jpg,Rectangulaire,forme/train/rectangulaire/8-84-_jpg.rf.n9tXO7nqr72Rh7knt6z5_56878.jpg
8-88-_jpg.rf.GpFu6Ne5EfFswuzaX4tN_19392.jpg,Rectangulaire,forme/train/rectangulaire/8-88-_jpg.rf.GpFu6Ne5EfFswuzaX4tN_19392.jpg
8-9-_jpg.rf.81S6HZwosuFfLB0sFffb_74142.jpg,Rectangulaire,forme/train/rectangulaire/8-9-_jpg.rf.81S6HZwosuFfLB0sFffb_74142.jpg
8-93-_jpg.rf.Fp7wxlBgbCUqA1ZXDP3k_96431.jpg,Rectangulaire,forme/train/rectangulaire/8-93-_jpg.rf.Fp7wxlBgbCUqA1ZXDP3k_96431.jpg
8-96-_jpg.rf.scAgiZh5sxKw84U3HMjf_38228.jpg,Rectangulaire,forme/train/rectangulaire/8-96-_jpg.rf.scAgiZh5sxKw84U3HMjf_38228.jpg
a-pair-of-aviator-sunglasses-sit-on-a-wooden-table-C46T8N_jpg.rf.aScCbpmcdkJz3o5_4324.jpg,Rectangulaire,forme/train/rectangulaire/a-pair-of-aviator-sunglasses-sit-on-a-wooden-table-C46T8N_jpg.rf.aScCbpmcdkJz3o5_4324.jpg
a-pair-of-aviator-sunglasses-sit-on-a-wooden-table-C46T8N_jpg.rf.RV2nOiyLhAlelaZ_77079.jpg,Rectangulaire,forme/train/rectangulaire/a-pair-of-aviator-sunglasses-sit-on-a-wooden-table-C46T8N_jpg.rf.RV2nOiyLhAlelaZ_77079.jpg
acetate-optical-frame-500x500_jpg.rf.zG8PNTMfO22aVha7CNj1_57395.jpg,Rectangulaire,forme/train/rectangulaire/acetate-optical-frame-500x500_jpg.rf.zG8PNTMfO22aVha7CNj1_57395.jpg
BLUE-LIGHT-GLASSES_jpg.rf.HH62A4o9sDazDih7OzBf_50007.jpg,Rectangulaire,forme/train/rectangulaire/BLUE-LIGHT-GLASSES_jpg.rf.HH62A4o9sDazDih7OzBf_50007.jpg
eyeglasses-on-marble_jpg.rf.3jURQ58wpXK6HrhMoPG6_84421.jpg,Rectangulaire,forme/train/rectangulaire/eyeglasses-on-marble_jpg.rf.3jURQ58wpXK6HrhMoPG6_84421.jpg
eyeglasses-on-marble_jpg.rf.I4fbaOcAfGXD1i4mF5DM_87219.jpg,Rectangulaire,forme/train/rectangulaire/eyeglasses-on-marble_jpg.rf.I4fbaOcAfGXD1i4mF5DM_87219.jpg
fb108a526282e3cedabd8655de63276b_jpg.rf.u1gEBuYv9jHoRaduGoG2_33090.jpg,Rectangulaire,forme/train/rectangulaire/fb108a526282e3cedabd8655de63276b_jpg.rf.u1gEBuYv9jHoRaduGoG2_33090.jpg
glasses-black-vintage-frame-wooden-background-table-view-above-close-up-eyeglass_93917.jpg,Rectangulaire,forme/train/rectangulaire/glasses-black-vintage-frame-wooden-background-table-view-above-close-up-eyeglass_93917.jpg
glasses108_png-jpg_cloud_affine_aug_png_jpg.rf.MyTLPmRd3M4HuFLwFsyI_79781.jpg,Rectangulaire,forme/train/rectangulaire/glasses108_png-jpg_cloud_affine_aug_png_jpg.rf.MyTLPmRd3M4HuFLwFsyI_79781.jpg
glasses117_png_jpg.rf.khh29GpTeao6nkJ2J5lI_76307.jpg,Rectangulaire,forme/train/rectangulaire/glasses117_png_jpg.rf.khh29GpTeao6nkJ2J5lI_76307.jpg
glasses133_png-jpg_dropout_aug_png_jpg.rf.qZvyswrC9TlGdo0BVz56_32937.jpg,Rectangulaire,forme/train/rectangulaire/glasses133_png-jpg_dropout_aug_png_jpg.rf.qZvyswrC9TlGdo0BVz56_32937.jpg
glasses133_png_jpg.rf.ODyxttMFQLPEVTxmGsWy_62371.jpg,Rectangulaire,forme/train/rectangulaire/glasses133_png_jpg.rf.ODyxttMFQLPEVTxmGsWy_62371.jpg
glasses157_png_jpg.rf.l7Bj1OAG83QubsjHatXw_34918.jpg,Rectangulaire,forme/train/rectangulaire/glasses157_png_jpg.rf.l7Bj1OAG83QubsjHatXw_34918.jpg
glasses168_png-jpg_shear_aug_png_jpg.rf.nzOiku94ZP2Zh7YiytLC_42633.jpg,Rectangulaire,forme/train/rectangulaire/glasses168_png-jpg_shear_aug_png_jpg.rf.nzOiku94ZP2Zh7YiytLC_42633.jpg
glasses181_png_jpg.rf.5pHXtOrIBFQ2yUNRUdhw_10609.jpg,Rectangulaire,forme/train/rectangulaire/glasses181_png_jpg.rf.5pHXtOrIBFQ2yUNRUdhw_10609.jpg
glasses183_png_jpg.rf.uBo1wDVaX0SIqzOmBttd_80924.jpg,Rectangulaire,forme/train/rectangulaire/glasses183_png_jpg.rf.uBo1wDVaX0SIqzOmBttd_80924.jpg
glasses194_png_jpg.rf.27QD6YC78zGLXBPJJvKO_28608.jpg,Rectangulaire,forme/train/rectangulaire/glasses194_png_jpg.rf.27QD6YC78zGLXBPJJvKO_28608.jpg
glasses195_png_jpg.rf.khn12SDwWeRKzo6OyvGu_34544.jpg,Rectangulaire,forme/train/rectangulaire/glasses195_png_jpg.rf.khn12SDwWeRKzo6OyvGu_34544.jpg
glasses195_png_jpg.rf.toaQGIyGRh1XOZXiOGac_8085.jpg,Rectangulaire,forme/train/rectangulaire/glasses195_png_jpg.rf.toaQGIyGRh1XOZXiOGac_8085.jpg
glasses226_png_jpg.rf.Yzi8TpmEXNYhKZYc2YF7_40066.jpg,Rectangulaire,forme/train/rectangulaire/glasses226_png_jpg.rf.Yzi8TpmEXNYhKZYc2YF7_40066.jpg
glasses24_png-jpg_aug_png_jpg.rf.P4gdNEqGXZrT3aZYfqra_8352.jpg,Rectangulaire,forme/train/rectangulaire/glasses24_png-jpg_aug_png_jpg.rf.P4gdNEqGXZrT3aZYfqra_8352.jpg
glasses3_png-jpg_aug_png_jpg.rf.AqLUM4F8r8nwHZ9k583P_24046.jpg,Rectangulaire,forme/train/rectangulaire/glasses3_png-jpg_aug_png_jpg.rf.AqLUM4F8r8nwHZ9k583P_24046.jpg
glasses59_png_jpg.rf.16aToC1yjyk24TqhFBE6_43095.jpg,Rectangulaire,forme/train/rectangulaire/glasses59_png_jpg.rf.16aToC1yjyk24TqhFBE6_43095.jpg
glasses60_png_jpg.rf.fB9kul52FPrRAde9lz8k_80201.jpg,Rectangulaire,forme/train/rectangulaire/glasses60_png_jpg.rf.fB9kul52FPrRAde9lz8k_80201.jpg
glasses70_png_jpg.rf.0RVD0Tc5GC4cAWkpiN7W_3600.jpg,Rectangulaire,forme/train/rectangulaire/glasses70_png_jpg.rf.0RVD0Tc5GC4cAWkpiN7W_3600.jpg
glasses73_png_jpg.rf.6LOxlKRylEIpRbdZnaIe_50862.jpg,Rectangulaire,forme/train/rectangulaire/glasses73_png_jpg.rf.6LOxlKRylEIpRbdZnaIe_50862.jpg
glasses86_png_jpg.rf.35JWsQKmGVu7dpigUfvU_49014.jpg,Rectangulaire,forme/train/rectangulaire/glasses86_png_jpg.rf.35JWsQKmGVu7dpigUfvU_49014.jpg
glasses86_png_jpg.rf.LyYn32nCioT6wbc935ab_71709.jpg,Rectangulaire,forme/train/rectangulaire/glasses86_png_jpg.rf.LyYn32nCioT6wbc935ab_71709.jpg
glasses89_png_jpg.rf.Gy59cJf6mrRykkzieTSu_81450.jpg,Rectangulaire,forme/train/rectangulaire/glasses89_png_jpg.rf.Gy59cJf6mrRykkzieTSu_81450.jpg
glasses90_png-jpg_shear_aug_png_jpg.rf.zRK5BeWjS8nE4WfHzQJa_5458.jpg,Rectangulaire,forme/train/rectangulaire/glasses90_png-jpg_shear_aug_png_jpg.rf.zRK5BeWjS8nE4WfHzQJa_5458.jpg
How-to-Put-a-Lens-Back-in-Glasses-jpg_flip_aug_png_jpg.rf.OVkWvRgg23K7EzrrSQhL_8440.jpg,Rectangulaire,forme/train/rectangulaire/How-to-Put-a-Lens-Back-in-Glasses-jpg_flip_aug_png_jpg.rf.OVkWvRgg23K7EzrrSQhL_8440.jpg
il_340x270-3150110949_70cr_jpg.rf.8lPMOSAnr9D8OlxIUFL5_19925.jpg,Rectangulaire,forme/train/rectangulaire/il_340x270-3150110949_70cr_jpg.rf.8lPMOSAnr9D8OlxIUFL5_19925.jpg
il_340x270-3150110949_70cr_jpg.rf.MHBDPccNRiPtZEoo9zpg_45658.jpg,Rectangulaire,forme/train/rectangulaire/il_340x270-3150110949_70cr_jpg.rf.MHBDPccNRiPtZEoo9zpg_45658.jpg
image15_jpeg_jpg.rf.Ds97BUXm3DY5Q3OgqIUS_30492.jpg,Rectangulaire,forme/train/rectangulaire/image15_jpeg_jpg.rf.Ds97BUXm3DY5Q3OgqIUS_30492.jpg
image16_jpeg-jpg_dropout_aug_png_jpg.rf.fG8ofYuxQYmGoUzIFw3q_70693.jpg,Rectangulaire,forme/train/rectangulaire/image16_jpeg-jpg_dropout_aug_png_jpg.rf.fG8ofYuxQYmGoUzIFw3q_70693.jpg
image18_jpeg_jpg.rf.wnLdH2yHPyzROl7Y1jwb_721.jpg,Rectangulaire,forme/train/rectangulaire/image18_jpeg_jpg.rf.wnLdH2yHPyzROl7Y1jwb_721.jpg
image7_jpeg_jpg.rf.kvSRat96KA3NPvcunpUe_66581.jpg,Rectangulaire,forme/train/rectangulaire/image7_jpeg_jpg.rf.kvSRat96KA3NPvcunpUe_66581.jpg
image7_jpeg_jpg.rf.xJLQqovuewA7gTvoMlMs_22465.jpg,Rectangulaire,forme/train/rectangulaire/image7_jpeg_jpg.rf.xJLQqovuewA7gTvoMlMs_22465.jpg
images-1-_jpg.rf.mLgw42Ac26buH2NsLnCN_27439.jpg,Rectangulaire,forme/train/rectangulaire/images-1-_jpg.rf.mLgw42Ac26buH2NsLnCN_27439.jpg
images-13_png_jpg.rf.LmuuvlCNkov23aG5TkLA_71019.jpg,Rectangulaire,forme/train/rectangulaire/images-13_png_jpg.rf.LmuuvlCNkov23aG5TkLA_71019.jpg
images-14_png_jpg.rf.jQLqV28KZCa9pYRDknDV_40896.jpg,Rectangulaire,forme/train/rectangulaire/images-14_png_jpg.rf.jQLqV28KZCa9pYRDknDV_40896.jpg
images-16-_jpg.rf.IYTPnSGS9XqNHqxySdED_3276.jpg,Rectangulaire,forme/train/rectangulaire/images-16-_jpg.rf.IYTPnSGS9XqNHqxySdED_3276.jpg
images-17-_jpg.rf.tSiDqY47aFlBBm75z23O_1633.jpg,Rectangulaire,forme/train/rectangulaire/images-17-_jpg.rf.tSiDqY47aFlBBm75z23O_1633.jpg
images-19-jpg_shear_aug_png_jpg.rf.VUyi0TW39AOsZbcxxzys_64860.jpg,Rectangulaire,forme/train/rectangulaire/images-19-jpg_shear_aug_png_jpg.rf.VUyi0TW39AOsZbcxxzys_64860.jpg
images-3-_jpg.rf.n3IdsriaYkL7HFTiXT9v_81551.jpg,Rectangulaire,forme/train/rectangulaire/images-3-_jpg.rf.n3IdsriaYkL7HFTiXT9v_81551.jpg
images-5-_jpg.rf.1m28cTV4G3iIO8cD36TZ_18575.jpg,Rectangulaire,forme/train/rectangulaire/images-5-_jpg.rf.1m28cTV4G3iIO8cD36TZ_18575.jpg
images-6-_jpg.rf.GHYl21Xck9lfrOmuO432_22433.jpg,Rectangulaire,forme/train/rectangulaire/images-6-_jpg.rf.GHYl21Xck9lfrOmuO432_22433.jpg
images-6-_jpg.rf.UhQqoKP7lySSbshHbbcK_42271.jpg,Rectangulaire,forme/train/rectangulaire/images-6-_jpg.rf.UhQqoKP7lySSbshHbbcK_42271.jpg
images-8-_jpg.rf.d9WyzHQIyL9PMpvS0WXh_91970.jpg,Rectangulaire,forme/train/rectangulaire/images-8-_jpg.rf.d9WyzHQIyL9PMpvS0WXh_91970.jpg
images-8-_jpg.rf.SXhpew7IN1zIsuSFELmd_13152.jpg,Rectangulaire,forme/train/rectangulaire/images-8-_jpg.rf.SXhpew7IN1zIsuSFELmd_13152.jpg
images-8_png_jpg.rf.eiUjL5UhQPM46J4kddLZ_51088.jpg,Rectangulaire,forme/train/rectangulaire/images-8_png_jpg.rf.eiUjL5UhQPM46J4kddLZ_51088.jpg
images-9-_jpg.rf.p7idbRjrZrC4DeXBQdvW_10095.jpg,Rectangulaire,forme/train/rectangulaire/images-9-_jpg.rf.p7idbRjrZrC4DeXBQdvW_10095.jpg
images13-jpg_flip_aug_png_jpg.rf.7QYe77xEskKleW9yGePh_82422.jpg,Rectangulaire,forme/train/rectangulaire/images13-jpg_flip_aug_png_jpg.rf.7QYe77xEskKleW9yGePh_82422.jpg
images13_jpg.rf.CpKN238H13Czy76f0fSk_81807.jpg,Rectangulaire,forme/train/rectangulaire/images13_jpg.rf.CpKN238H13Czy76f0fSk_81807.jpg
images19_jpg.rf.4qOcZYGdMlDfOfzelo0j_52445.jpg,Rectangulaire,forme/train/rectangulaire/images19_jpg.rf.4qOcZYGdMlDfOfzelo0j_52445.jpg
images19_jpg.rf.Dtjce4HzEVVqOTBYzZr1_34336.jpg,Rectangulaire,forme/train/rectangulaire/images19_jpg.rf.Dtjce4HzEVVqOTBYzZr1_34336.jpg
images22-jpg_shear_aug_png_jpg.rf.4CaoQWVOju6XL8ZwVXAh_42086.jpg,Rectangulaire,forme/train/rectangulaire/images22-jpg_shear_aug_png_jpg.rf.4CaoQWVOju6XL8ZwVXAh_42086.jpg
images25_jpg.rf.JZS6ScOuGFevMwSjA5qW_59638.jpg,Rectangulaire,forme/train/rectangulaire/images25_jpg.rf.JZS6ScOuGFevMwSjA5qW_59638.jpg
images28_jpg.rf.8xSPvNuyvaN5CA00Kx5S_46905.jpg,Rectangulaire,forme/train/rectangulaire/images28_jpg.rf.8xSPvNuyvaN5CA00Kx5S_46905.jpg
images31-jpg_flip_aug_png_jpg.rf.QhNtOK2Yt2dM1SoTnKaP_22092.jpg,Rectangulaire,forme/train/rectangulaire/images31-jpg_flip_aug_png_jpg.rf.QhNtOK2Yt2dM1SoTnKaP_22092.jpg
images36-jpg_shear_aug_png_jpg.rf.uwvuAxSBeOFTFI4r3QLi_65118.jpg,Rectangulaire,forme/train/rectangulaire/images36-jpg_shear_aug_png_jpg.rf.uwvuAxSBeOFTFI4r3QLi_65118.jpg
images38_jpg.rf.Kq3kSFOC6DzLSkcABL2J_20825.jpg,Rectangulaire,forme/train/rectangulaire/images38_jpg.rf.Kq3kSFOC6DzLSkcABL2J_20825.jpg
images4_jpg.rf.CjjOPGEsSShIkjnah3oH_13958.jpg,Rectangulaire,forme/train/rectangulaire/images4_jpg.rf.CjjOPGEsSShIkjnah3oH_13958.jpg
images4_jpg.rf.v2ZQTlfnuTPLS3fIeLUf_32029.jpg,Rectangulaire,forme/train/rectangulaire/images4_jpg.rf.v2ZQTlfnuTPLS3fIeLUf_32029.jpg
images55_jpg.rf.3E6XkFGordGRpvaDzlHg_65270.jpg,Rectangulaire,forme/train/rectangulaire/images55_jpg.rf.3E6XkFGordGRpvaDzlHg_65270.jpg
images59_jpg.rf.2ubnFfopPJ2YxBWMHh79_81501.jpg,Rectangulaire,forme/train/rectangulaire/images59_jpg.rf.2ubnFfopPJ2YxBWMHh79_81501.jpg
images62_jpg.rf.GLOUnL8fD1AQCGbkWjzS_70215.jpg,Rectangulaire,forme/train/rectangulaire/images62_jpg.rf.GLOUnL8fD1AQCGbkWjzS_70215.jpg
images62_jpg.rf.KTSOiG0r0MCBG4OBkbh9_49551.jpg,Rectangulaire,forme/train/rectangulaire/images62_jpg.rf.KTSOiG0r0MCBG4OBkbh9_49551.jpg
images65_jpg.rf.9oMsjClVRK1TmIAs5Fnr_66930.jpg,Rectangulaire,forme/train/rectangulaire/images65_jpg.rf.9oMsjClVRK1TmIAs5Fnr_66930.jpg
images68_jpg.rf.Gk6yPTqT044ayPEdqbHV_1335.jpg,Rectangulaire,forme/train/rectangulaire/images68_jpg.rf.Gk6yPTqT044ayPEdqbHV_1335.jpg
images71_jpg.rf.ZnawFngvR5en538SaZZd_60052.jpg,Rectangulaire,forme/train/rectangulaire/images71_jpg.rf.ZnawFngvR5en538SaZZd_60052.jpg
images75_jpg.rf.C0BHZb4freUr7EZW8E6y_58893.jpg,Rectangulaire,forme/train/rectangulaire/images75_jpg.rf.C0BHZb4freUr7EZW8E6y_58893.jpg
image_jpeg_jpg.rf.LGS9hMMOqpzvHyb6c1wG_20539.jpg,Rectangulaire,forme/train/rectangulaire/image_jpeg_jpg.rf.LGS9hMMOqpzvHyb6c1wG_20539.jpg
istockphoto-1097322006-612x612_jpg.rf.MJcD5lVdF7UOsIH8X9p7_94472.jpg,Rectangulaire,forme/train/rectangulaire/istockphoto-1097322006-612x612_jpg.rf.MJcD5lVdF7UOsIH8X9p7_94472.jpg
istockphoto-1097322006-612x612_jpg.rf.mNwut65K0ipfzzNDmWLv_70739.jpg,Rectangulaire,forme/train/rectangulaire/istockphoto-1097322006-612x612_jpg.rf.mNwut65K0ipfzzNDmWLv_70739.jpg
istockphoto-535407036-612x612_jpg.rf.HSXyjJ5jUgdVoBVrGISy_45058.jpg,Rectangulaire,forme/train/rectangulaire/istockphoto-535407036-612x612_jpg.rf.HSXyjJ5jUgdVoBVrGISy_45058.jpg
m_5cdb5a567f617f5b3ce3cf3d_jpg.rf.ote2BUQiEeoiaiXqReB8_94964.jpg,Rectangulaire,forme/train/rectangulaire/m_5cdb5a567f617f5b3ce3cf3d_jpg.rf.ote2BUQiEeoiaiXqReB8_94964.jpg
m_5cfaa3aaabe1ce90b73a030e_jpg.rf.XqYxA0thR3JbJyQDsWFC_7810.jpg,Rectangulaire,forme/train/rectangulaire/m_5cfaa3aaabe1ce90b73a030e_jpg.rf.XqYxA0thR3JbJyQDsWFC_7810.jpg
No-MOQ-Ready-Stock-Optical-Square-Glasses-Frames_jpg.rf.rCCgL2MlpfJ8lwZYM3G1_14827.jpg,Rectangulaire,forme/train/rectangulaire/No-MOQ-Ready-Stock-Optical-Square-Glasses-Frames_jpg.rf.rCCgL2MlpfJ8lwZYM3G1_14827.jpg
rBVaVVzmQsCAQqAaAAFS6j05jmQ952_jpg.rf.JfsiTIoad7bUhhpk7yZ6_28760.jpg,Rectangulaire,forme/train/rectangulaire/rBVaVVzmQsCAQqAaAAFS6j05jmQ952_jpg.rf.JfsiTIoad7bUhhpk7yZ6_28760.jpg
rBVaVVzmQsCAQqAaAAFS6j05jmQ952_jpg.rf.lLI37E4pSvZ8QeJ7jREf_59012.jpg,Rectangulaire,forme/train/rectangulaire/rBVaVVzmQsCAQqAaAAFS6j05jmQ952_jpg.rf.lLI37E4pSvZ8QeJ7jREf_59012.jpg
s-l16009_jpg.rf.7R2OtWZwmkIbCnnUxIMX_71977.jpg,Rectangulaire,forme/train/rectangulaire/s-l16009_jpg.rf.7R2OtWZwmkIbCnnUxIMX_71977.jpg
s-l1600_jpg.rf.yEM6pRysdNqnePeRGnyf_56459.jpg,Rectangulaire,forme/train/rectangulaire/s-l1600_jpg.rf.yEM6pRysdNqnePeRGnyf_56459.jpg
s-l3002_jpg.rf.4ko8WS22QwNF3sOGDzBE_22141.jpg,Rectangulaire,forme/train/rectangulaire/s-l3002_jpg.rf.4ko8WS22QwNF3sOGDzBE_22141.jpg
s-l5009_jpg.rf.SfhbYe7hxfXB9nMiQQyN_36686.jpg,Rectangulaire,forme/train/rectangulaire/s-l5009_jpg.rf.SfhbYe7hxfXB9nMiQQyN_36686.jpg
stephanie-hau-P4TPjOXKqY8-unsplash_jpg.rf.bwesRouQYlii23WbRJOG_89461.jpg,Rectangulaire,forme/train/rectangulaire/stephanie-hau-P4TPjOXKqY8-unsplash_jpg.rf.bwesRouQYlii23WbRJOG_89461.jpg
s_5fd52def633cfc9271f31f25_jpg.rf.F6L7CayWjBXFRZEsibKe_3619.jpg,Rectangulaire,forme/train/rectangulaire/s_5fd52def633cfc9271f31f25_jpg.rf.F6L7CayWjBXFRZEsibKe_3619.jpg
s_6140e55d67bd915ba9e82850_jpg.rf.WBbyXIRcbNtGIFTmwYL0_80882.jpg,Rectangulaire,forme/train/rectangulaire/s_6140e55d67bd915ba9e82850_jpg.rf.WBbyXIRcbNtGIFTmwYL0_80882.jpg
T492_jpg.rf.r3GZxyhOY4VVKdi2jdGY_4200.jpg,Rectangulaire,forme/train/rectangulaire/T492_jpg.rf.r3GZxyhOY4VVKdi2jdGY_4200.jpg
THE-OBSERVER-I-THE-OBSERVER-I-R-WI-Z22_front-scaled-e1607004875894_jpg.rf.O1VqAy_50250.jpg,Rectangulaire,forme/train/rectangulaire/THE-OBSERVER-I-THE-OBSERVER-I-R-WI-Z22_front-scaled-e1607004875894_jpg.rf.O1VqAy_50250.jpg
THE-OBSERVER-II-CHG-WI-Z57_front-scaled-e1589880174729-731x404_jpg.rf.uKt0nPFsS9_79359.jpg,Rectangulaire,forme/train/rectangulaire/THE-OBSERVER-II-CHG-WI-Z57_front-scaled-e1589880174729-731x404_jpg.rf.uKt0nPFsS9_79359.jpg
TheObserverIR-HAS-Z29GenfAutoShow_jpg.rf.Se1nNtfS1Butjwy1s0Qg_34185.jpg,Rectangulaire,forme/train/rectangulaire/TheObserverIR-HAS-Z29GenfAutoShow_jpg.rf.Se1nNtfS1Butjwy1s0Qg_34185.jpg
TheObserverIR-HAS-Z29GenfAutoShow_jpg.rf.TT3yRm3QRS92Jen9FYLA_95815.jpg,Rectangulaire,forme/train/rectangulaire/TheObserverIR-HAS-Z29GenfAutoShow_jpg.rf.TT3yRm3QRS92Jen9FYLA_95815.jpg
unnamed_jpg.rf.7NviATamzx8elD5GYP0z_73934.jpg,Rectangulaire,forme/train/rectangulaire/unnamed_jpg.rf.7NviATamzx8elD5GYP0z_73934.jpg
women-with-glass_507_jpg.rf.iLO6bLUAtFjMJVURg9wB_71264.jpg,Rectangulaire,forme/train/rectangulaire/women-with-glass_507_jpg.rf.iLO6bLUAtFjMJVURg9wB_71264.jpg
women-with-glass_509_jpg.rf.1FaYAfR7xMvQnHno1bFW_55264.jpg,Rectangulaire,forme/train/rectangulaire/women-with-glass_509_jpg.rf.1FaYAfR7xMvQnHno1bFW_55264.jpg
women-with-glass_509_jpg.rf.SATlQV7yUAOZKsAfiCI8_56462.jpg,Rectangulaire,forme/train/rectangulaire/women-with-glass_509_jpg.rf.SATlQV7yUAOZKsAfiCI8_56462.jpg
women-with-glass_521_jpg.rf.s5fBTw7YZM8DGwANI9QO_35554.jpg,Rectangulaire,forme/train/rectangulaire/women-with-glass_521_jpg.rf.s5fBTw7YZM8DGwANI9QO_35554.jpg
women-with-glass_52_jpg.rf.L4J1XXCjlfPZu9FeSjoc_14492.jpg,Rectangulaire,forme/train/rectangulaire/women-with-glass_52_jpg.rf.L4J1XXCjlfPZu9FeSjoc_14492.jpg
women-with-glass_69-jpg_aug_png_jpg.rf.Yfhaz3CmF2W362IhQU1p_50367.jpg,Rectangulaire,forme/train/rectangulaire/women-with-glass_69-jpg_aug_png_jpg.rf.Yfhaz3CmF2W362IhQU1p_50367.jpg
-1-jpg_aug_png_jpg.rf.9jWQUDLNrvxfE4wXfQRx.jpg,Ronde,forme/train/ronde/-1-jpg_aug_png_jpg.rf.9jWQUDLNrvxfE4wXfQRx.jpg
-1-jpg_aug_png_jpg.rf.RNle1PQmidx1AfJLybPF.jpg,Ronde,forme/train/ronde/-1-jpg_aug_png_jpg.rf.RNle1PQmidx1AfJLybPF.jpg
-1-jpg_aug_png_jpg.rf.Vagq781kH6J25xTCR4OS.jpg,Ronde,forme/train/ronde/-1-jpg_aug_png_jpg.rf.Vagq781kH6J25xTCR4OS.jpg
-1-_jpg.rf.573ce9O2a0nMzAigIwSO.jpg,Ronde,forme/train/ronde/-1-_jpg.rf.573ce9O2a0nMzAigIwSO.jpg
-1-_jpg.rf.6MxYjDn4C0hKVVlp3djy.jpg,Ronde,forme/train/ronde/-1-_jpg.rf.6MxYjDn4C0hKVVlp3djy.jpg
-1-_jpg.rf.7DHumgVdfsjNeaZGlYsm.jpg,Ronde,forme/train/ronde/-1-_jpg.rf.7DHumgVdfsjNeaZGlYsm.jpg
-1-_jpg.rf.FA66Au8W7Nv4r9foNE5I.jpg,Ronde,forme/train/ronde/-1-_jpg.rf.FA66Au8W7Nv4r9foNE5I.jpg
-1-_jpg.rf.PNs0D01zbX7c26MEzOjT.jpg,Ronde,forme/train/ronde/-1-_jpg.rf.PNs0D01zbX7c26MEzOjT.jpg
-1-_jpg.rf.tizHamsB0Hy0PsxZfRaQ.jpg,Ronde,forme/train/ronde/-1-_jpg.rf.tizHamsB0Hy0PsxZfRaQ.jpg
-1-_jpg.rf.X7GwmppsRW7RT4WCftKx.jpg,Ronde,forme/train/ronde/-1-_jpg.rf.X7GwmppsRW7RT4WCftKx.jpg
-2-jpg_aug_png_jpg.rf.7fiGASrSiL8P8EifiAvT.jpg,Ronde,forme/train/ronde/-2-jpg_aug_png_jpg.rf.7fiGASrSiL8P8EifiAvT.jpg
-2-jpg_aug_png_jpg.rf.7fiGASrSiL8P8EifiAvT_30660.jpg,Ronde,forme/train/ronde/-2-jpg_aug_png_jpg.rf.7fiGASrSiL8P8EifiAvT_30660.jpg
-2-_jpg.rf.VSgDjA4BHJ74ZskTmGVB.jpg,Ronde,forme/train/ronde/-2-_jpg.rf.VSgDjA4BHJ74ZskTmGVB.jpg
-2-_jpg.rf.VSgDjA4BHJ74ZskTmGVB_18764.jpg,Ronde,forme/train/ronde/-2-_jpg.rf.VSgDjA4BHJ74ZskTmGVB_18764.jpg
-3-jpg_cloud_affine_aug_png_jpg.rf.0ZDFUVs2oLB9vhNL71Fc.jpg,Ronde,forme/train/ronde/-3-jpg_cloud_affine_aug_png_jpg.rf.0ZDFUVs2oLB9vhNL71Fc.jpg
-3-jpg_cloud_affine_aug_png_jpg.rf.0ZDFUVs2oLB9vhNL71Fc_29036.jpg,Ronde,forme/train/ronde/-3-jpg_cloud_affine_aug_png_jpg.rf.0ZDFUVs2oLB9vhNL71Fc_29036.jpg
-3-jpg_dropout_aug_png_jpg.rf.hNvo7PCM7oUdyW5rX2jd.jpg,Ronde,forme/train/ronde/-3-jpg_dropout_aug_png_jpg.rf.hNvo7PCM7oUdyW5rX2jd.jpg
-3-jpg_dropout_aug_png_jpg.rf.hNvo7PCM7oUdyW5rX2jd_16704.jpg,Ronde,forme/train/ronde/-3-jpg_dropout_aug_png_jpg.rf.hNvo7PCM7oUdyW5rX2jd_16704.jpg
-5-jpg_flip_aug_png_jpg.rf.nDaFkVFIgybELg7JRjEL.jpg,Ronde,forme/train/ronde/-5-jpg_flip_aug_png_jpg.rf.nDaFkVFIgybELg7JRjEL.jpg
-5-jpg_flip_aug_png_jpg.rf.nDaFkVFIgybELg7JRjEL_53640.jpg,Ronde,forme/train/ronde/-5-jpg_flip_aug_png_jpg.rf.nDaFkVFIgybELg7JRjEL_53640.jpg
-6-jpg_aug_png_jpg.rf.5KV8V9ND4QKfVJIHw2WD.jpg,Ronde,forme/train/ronde/-6-jpg_aug_png_jpg.rf.5KV8V9ND4QKfVJIHw2WD.jpg
-6-jpg_aug_png_jpg.rf.5KV8V9ND4QKfVJIHw2WD_8510.jpg,Ronde,forme/train/ronde/-6-jpg_aug_png_jpg.rf.5KV8V9ND4QKfVJIHw2WD_8510.jpg
-8-jpg_aug_png_jpg.rf.ahtPLRqn3qQ5w8fhOgvC.jpg,Ronde,forme/train/ronde/-8-jpg_aug_png_jpg.rf.ahtPLRqn3qQ5w8fhOgvC.jpg
-8-jpg_aug_png_jpg.rf.ahtPLRqn3qQ5w8fhOgvC_23199.jpg,Ronde,forme/train/ronde/-8-jpg_aug_png_jpg.rf.ahtPLRqn3qQ5w8fhOgvC_23199.jpg
-8-_jpg.rf.ODEj1S1q3OONs0r5Dfnv.jpg,Ronde,forme/train/ronde/-8-_jpg.rf.ODEj1S1q3OONs0r5Dfnv.jpg
-8-_jpg.rf.ODEj1S1q3OONs0r5Dfnv_57152.jpg,Ronde,forme/train/ronde/-8-_jpg.rf.ODEj1S1q3OONs0r5Dfnv_57152.jpg
-9-_jpg.rf.vSZgm82sS0enjUstAaSO.jpg,Ronde,forme/train/ronde/-9-_jpg.rf.vSZgm82sS0enjUstAaSO.jpg
-9-_jpg.rf.vSZgm82sS0enjUstAaSO_68135.jpg,Ronde,forme/train/ronde/-9-_jpg.rf.vSZgm82sS0enjUstAaSO_68135.jpg
10_jpg.rf.HNDmvmE4OSRSkcrt6p50.jpg,Ronde,forme/train/ronde/10_jpg.rf.HNDmvmE4OSRSkcrt6p50.jpg
10_jpg.rf.HNDmvmE4OSRSkcrt6p50_85693.jpg,Ronde,forme/train/ronde/10_jpg.rf.HNDmvmE4OSRSkcrt6p50_85693.jpg
112_jpg.rf.yijJxahOjQLdtd93cxtk.jpg,Ronde,forme/train/ronde/112_jpg.rf.yijJxahOjQLdtd93cxtk.jpg
112_jpg.rf.yijJxahOjQLdtd93cxtk_65533.jpg,Ronde,forme/train/ronde/112_jpg.rf.yijJxahOjQLdtd93cxtk_65533.jpg
117_jpg.rf.At6hywDb7a6VdUg33g6A.jpg,Ronde,forme/train/ronde/117_jpg.rf.At6hywDb7a6VdUg33g6A.jpg
117_jpg.rf.At6hywDb7a6VdUg33g6A_82700.jpg,Ronde,forme/train/ronde/117_jpg.rf.At6hywDb7a6VdUg33g6A_82700.jpg
11_jpg.rf.I4rnvJmWk8sSwVGB1jTL.jpg,Ronde,forme/train/ronde/11_jpg.rf.I4rnvJmWk8sSwVGB1jTL.jpg
11_jpg.rf.I4rnvJmWk8sSwVGB1jTL_46560.jpg,Ronde,forme/train/ronde/11_jpg.rf.I4rnvJmWk8sSwVGB1jTL_46560.jpg
11_jpg.rf.oPuvnNBu3iXlRtLU5Wvp.jpg,Ronde,forme/train/ronde/11_jpg.rf.oPuvnNBu3iXlRtLU5Wvp.jpg
11_jpg.rf.oPuvnNBu3iXlRtLU5Wvp_8367.jpg,Ronde,forme/train/ronde/11_jpg.rf.oPuvnNBu3iXlRtLU5Wvp_8367.jpg
125-jpg_flip_aug_png_jpg.rf.yLDgAkVEKKU2YyP6vssw.jpg,Ronde,forme/train/ronde/125-jpg_flip_aug_png_jpg.rf.yLDgAkVEKKU2YyP6vssw.jpg
125-jpg_flip_aug_png_jpg.rf.yLDgAkVEKKU2YyP6vssw_46981.jpg,Ronde,forme/train/ronde/125-jpg_flip_aug_png_jpg.rf.yLDgAkVEKKU2YyP6vssw_46981.jpg
125_jpg.rf.EpMQuW7Rz5oPsYh34Aae.jpg,Ronde,forme/train/ronde/125_jpg.rf.EpMQuW7Rz5oPsYh34Aae.jpg
125_jpg.rf.EpMQuW7Rz5oPsYh34Aae_17531.jpg,Ronde,forme/train/ronde/125_jpg.rf.EpMQuW7Rz5oPsYh34Aae_17531.jpg
128_jpg.rf.L7LilLKpB8CxKBY7QqRj.jpg,Ronde,forme/train/ronde/128_jpg.rf.L7LilLKpB8CxKBY7QqRj.jpg
128_jpg.rf.L7LilLKpB8CxKBY7QqRj_59309.jpg,Ronde,forme/train/ronde/128_jpg.rf.L7LilLKpB8CxKBY7QqRj_59309.jpg
18-hero_article_enuk_vision-insurance_jpg.rf.YdkmOwn7zKuEFivXb5TA.jpg,Ronde,forme/train/ronde/18-hero_article_enuk_vision-insurance_jpg.rf.YdkmOwn7zKuEFivXb5TA.jpg
18-hero_article_enuk_vision-insurance_jpg.rf.YdkmOwn7zKuEFivXb5TA_90481.jpg,Ronde,forme/train/ronde/18-hero_article_enuk_vision-insurance_jpg.rf.YdkmOwn7zKuEFivXb5TA_90481.jpg
18-jpg_aug_png_jpg.rf.TH2cxVpF3Ec5WlE67ENl.jpg,Ronde,forme/train/ronde/18-jpg_aug_png_jpg.rf.TH2cxVpF3Ec5WlE67ENl.jpg
18-jpg_aug_png_jpg.rf.TH2cxVpF3Ec5WlE67ENl_42651.jpg,Ronde,forme/train/ronde/18-jpg_aug_png_jpg.rf.TH2cxVpF3Ec5WlE67ENl_42651.jpg
19_jpg.rf.zARmdGpcZR7fk63M6kPZ.jpg,Ronde,forme/train/ronde/19_jpg.rf.zARmdGpcZR7fk63M6kPZ.jpg
19_jpg.rf.zARmdGpcZR7fk63M6kPZ_9722.jpg,Ronde,forme/train/ronde/19_jpg.rf.zARmdGpcZR7fk63M6kPZ_9722.jpg
2-lady-wearing-glasses_blog_lg-ashx-jpg_cloud_affine_aug_png_jpg.rf.OHNRY88YumH9rk34g78E.jpg,Ronde,forme/train/ronde/2-lady-wearing-glasses_blog_lg-ashx-jpg_cloud_affine_aug_png_jpg.rf.OHNRY88YumH9rk34g78E.jpg
2-lady-wearing-glasses_blog_lg-ashx-jpg_cloud_affine_aug_png_jpg.rf.OHNRY88YumH9_27621.jpg,Ronde,forme/train/ronde/2-lady-wearing-glasses_blog_lg-ashx-jpg_cloud_affine_aug_png_jpg.rf.OHNRY88YumH9_27621.jpg
2-lady-wearing-glasses_blog_lg-ashx_jpg.rf.1tT9dXcGHighS3byKmk3.jpg,Ronde,forme/train/ronde/2-lady-wearing-glasses_blog_lg-ashx_jpg.rf.1tT9dXcGHighS3byKmk3.jpg
2-lady-wearing-glasses_blog_lg-ashx_jpg.rf.1tT9dXcGHighS3byKmk3_93724.jpg,Ronde,forme/train/ronde/2-lady-wearing-glasses_blog_lg-ashx_jpg.rf.1tT9dXcGHighS3byKmk3_93724.jpg
2-lady-wearing-glasses_blog_lg-ashx_jpg.rf.BIW91SgyYdw3lEh8BEmr.jpg,Ronde,forme/train/ronde/2-lady-wearing-glasses_blog_lg-ashx_jpg.rf.BIW91SgyYdw3lEh8BEmr.jpg
2-lady-wearing-glasses_blog_lg-ashx_jpg.rf.BIW91SgyYdw3lEh8BEmr_49592.jpg,Ronde,forme/train/ronde/2-lady-wearing-glasses_blog_lg-ashx_jpg.rf.BIW91SgyYdw3lEh8BEmr_49592.jpg
20-jpg_aug_png_jpg.rf.brrAFYJDwjvAcm7PJ0qq.jpg,Ronde,forme/train/ronde/20-jpg_aug_png_jpg.rf.brrAFYJDwjvAcm7PJ0qq.jpg
20-jpg_aug_png_jpg.rf.brrAFYJDwjvAcm7PJ0qq_82043.jpg,Ronde,forme/train/ronde/20-jpg_aug_png_jpg.rf.brrAFYJDwjvAcm7PJ0qq_82043.jpg
20230718_132137_aug1_jpg.rf.S7Z8ZH4mVmuJe9qmAloO.jpg,Ronde,forme/train/ronde/20230718_132137_aug1_jpg.rf.S7Z8ZH4mVmuJe9qmAloO.jpg
20230718_132137_aug1_jpg.rf.S7Z8ZH4mVmuJe9qmAloO_15907.jpg,Ronde,forme/train/ronde/20230718_132137_aug1_jpg.rf.S7Z8ZH4mVmuJe9qmAloO_15907.jpg
20230718_132347_aug2_jpg.rf.oYNvr5T4uqzOyYlD0W0O.jpg,Ronde,forme/train/ronde/20230718_132347_aug2_jpg.rf.oYNvr5T4uqzOyYlD0W0O.jpg
20230718_132347_aug2_jpg.rf.oYNvr5T4uqzOyYlD0W0O_41627.jpg,Ronde,forme/train/ronde/20230718_132347_aug2_jpg.rf.oYNvr5T4uqzOyYlD0W0O_41627.jpg
20230718_132440_aug1_jpg.rf.w8A5mOywI745sS9NzQnI.jpg,Ronde,forme/train/ronde/20230718_132440_aug1_jpg.rf.w8A5mOywI745sS9NzQnI.jpg
20230718_132440_aug1_jpg.rf.w8A5mOywI745sS9NzQnI_26147.jpg,Ronde,forme/train/ronde/20230718_132440_aug1_jpg.rf.w8A5mOywI745sS9NzQnI_26147.jpg
20230718_132450_aug2_jpg.rf.Y75UWDFgIlOnKFWDsd5r.jpg,Ronde,forme/train/ronde/20230718_132450_aug2_jpg.rf.Y75UWDFgIlOnKFWDsd5r.jpg
20230718_132450_aug2_jpg.rf.Y75UWDFgIlOnKFWDsd5r_12608.jpg,Ronde,forme/train/ronde/20230718_132450_aug2_jpg.rf.Y75UWDFgIlOnKFWDsd5r_12608.jpg
20230718_132459_aug2_jpg.rf.OFuUFFT81lDbDNkb1uli.jpg,Ronde,forme/train/ronde/20230718_132459_aug2_jpg.rf.OFuUFFT81lDbDNkb1uli.jpg
20230718_132459_aug2_jpg.rf.OFuUFFT81lDbDNkb1uli_38633.jpg,Ronde,forme/train/ronde/20230718_132459_aug2_jpg.rf.OFuUFFT81lDbDNkb1uli_38633.jpg
20230718_132558_aug1_jpg.rf.K8erabwgbdrbXjqq3QQe.jpg,Ronde,forme/train/ronde/20230718_132558_aug1_jpg.rf.K8erabwgbdrbXjqq3QQe.jpg
20230718_132558_aug1_jpg.rf.K8erabwgbdrbXjqq3QQe_66577.jpg,Ronde,forme/train/ronde/20230718_132558_aug1_jpg.rf.K8erabwgbdrbXjqq3QQe_66577.jpg
20230718_132641_aug1_jpg.rf.ePBKozu1Tsk22XYmEKKU.jpg,Ronde,forme/train/ronde/20230718_132641_aug1_jpg.rf.ePBKozu1Tsk22XYmEKKU.jpg
20230718_132641_aug1_jpg.rf.ePBKozu1Tsk22XYmEKKU_13167.jpg,Ronde,forme/train/ronde/20230718_132641_aug1_jpg.rf.ePBKozu1Tsk22XYmEKKU_13167.jpg
20230718_133142_aug1_jpg.rf.FVSqoK48wmP93Wgv8MZq.jpg,Ronde,forme/train/ronde/20230718_133142_aug1_jpg.rf.FVSqoK48wmP93Wgv8MZq.jpg
20230718_133142_aug1_jpg.rf.FVSqoK48wmP93Wgv8MZq_71033.jpg,Ronde,forme/train/ronde/20230718_133142_aug1_jpg.rf.FVSqoK48wmP93Wgv8MZq_71033.jpg
20230718_133349_aug1_jpg.rf.CtOdTgNZOTXSVgQ1NGgq.jpg,Ronde,forme/train/ronde/20230718_133349_aug1_jpg.rf.CtOdTgNZOTXSVgQ1NGgq.jpg
20230718_133349_aug1_jpg.rf.CtOdTgNZOTXSVgQ1NGgq_81503.jpg,Ronde,forme/train/ronde/20230718_133349_aug1_jpg.rf.CtOdTgNZOTXSVgQ1NGgq_81503.jpg
20230718_133415_aug1_jpg.rf.mRdtVFcvXEwts9x8jXYd.jpg,Ronde,forme/train/ronde/20230718_133415_aug1_jpg.rf.mRdtVFcvXEwts9x8jXYd.jpg
20230718_133415_aug1_jpg.rf.mRdtVFcvXEwts9x8jXYd_37143.jpg,Ronde,forme/train/ronde/20230718_133415_aug1_jpg.rf.mRdtVFcvXEwts9x8jXYd_37143.jpg
20230718_133417_aug1_jpg.rf.V1XPuSvifqSnd8UBJWhR.jpg,Ronde,forme/train/ronde/20230718_133417_aug1_jpg.rf.V1XPuSvifqSnd8UBJWhR.jpg
20230718_133417_aug1_jpg.rf.V1XPuSvifqSnd8UBJWhR_65955.jpg,Ronde,forme/train/ronde/20230718_133417_aug1_jpg.rf.V1XPuSvifqSnd8UBJWhR_65955.jpg
20230718_133551_aug2_jpg.rf.adPuDjxSFePDqgB057MJ.jpg,Ronde,forme/train/ronde/20230718_133551_aug2_jpg.rf.adPuDjxSFePDqgB057MJ.jpg
20230718_133551_aug2_jpg.rf.adPuDjxSFePDqgB057MJ_63995.jpg,Ronde,forme/train/ronde/20230718_133551_aug2_jpg.rf.adPuDjxSFePDqgB057MJ_63995.jpg
20230718_133626_aug1_jpg.rf.KgzC3kHtv46nd6DZTRDk.jpg,Ronde,forme/train/ronde/20230718_133626_aug1_jpg.rf.KgzC3kHtv46nd6DZTRDk.jpg
20230718_133626_aug1_jpg.rf.KgzC3kHtv46nd6DZTRDk_28268.jpg,Ronde,forme/train/ronde/20230718_133626_aug1_jpg.rf.KgzC3kHtv46nd6DZTRDk_28268.jpg
20230718_133925_aug1_jpg.rf.nyzC8IHpNd2qfZDr3a0G.jpg,Ronde,forme/train/ronde/20230718_133925_aug1_jpg.rf.nyzC8IHpNd2qfZDr3a0G.jpg
20230718_133925_aug1_jpg.rf.nyzC8IHpNd2qfZDr3a0G_52207.jpg,Ronde,forme/train/ronde/20230718_133925_aug1_jpg.rf.nyzC8IHpNd2qfZDr3a0G_52207.jpg
20230718_133956_aug1_jpg.rf.z6uapuDzmfVxVPzJHfP0.jpg,Ronde,forme/train/ronde/20230718_133956_aug1_jpg.rf.z6uapuDzmfVxVPzJHfP0.jpg
20230718_133956_aug1_jpg.rf.z6uapuDzmfVxVPzJHfP0_26747.jpg,Ronde,forme/train/ronde/20230718_133956_aug1_jpg.rf.z6uapuDzmfVxVPzJHfP0_26747.jpg
20230718_134358_aug1_jpg.rf.LOhUeFcxWT9Jm0yoXBHQ.jpg,Ronde,forme/train/ronde/20230718_134358_aug1_jpg.rf.LOhUeFcxWT9Jm0yoXBHQ.jpg
20230718_134358_aug1_jpg.rf.LOhUeFcxWT9Jm0yoXBHQ_21041.jpg,Ronde,forme/train/ronde/20230718_134358_aug1_jpg.rf.LOhUeFcxWT9Jm0yoXBHQ_21041.jpg
20230718_134548_aug1_jpg.rf.45bGp7rjfaWVHRtslj6J.jpg,Ronde,forme/train/ronde/20230718_134548_aug1_jpg.rf.45bGp7rjfaWVHRtslj6J.jpg
20230718_134548_aug1_jpg.rf.45bGp7rjfaWVHRtslj6J_24442.jpg,Ronde,forme/train/ronde/20230718_134548_aug1_jpg.rf.45bGp7rjfaWVHRtslj6J_24442.jpg
20230806_212334_aug1_jpg.rf.iH45yEzuYSgCaOVkMqSp.jpg,Ronde,forme/train/ronde/20230806_212334_aug1_jpg.rf.iH45yEzuYSgCaOVkMqSp.jpg
20230806_212334_aug1_jpg.rf.iH45yEzuYSgCaOVkMqSp_16965.jpg,Ronde,forme/train/ronde/20230806_212334_aug1_jpg.rf.iH45yEzuYSgCaOVkMqSp_16965.jpg
20230806_212721_aug1_jpg.rf.ZKwn8ww6SowtzvjWHnmP.jpg,Ronde,forme/train/ronde/20230806_212721_aug1_jpg.rf.ZKwn8ww6SowtzvjWHnmP.jpg
20230806_212721_aug1_jpg.rf.ZKwn8ww6SowtzvjWHnmP_66105.jpg,Ronde,forme/train/ronde/20230806_212721_aug1_jpg.rf.ZKwn8ww6SowtzvjWHnmP_66105.jpg
20230806_212834_aug2_jpg.rf.D4NhDGcYYRlh6JdNpbF1.jpg,Ronde,forme/train/ronde/20230806_212834_aug2_jpg.rf.D4NhDGcYYRlh6JdNpbF1.jpg
20230806_212834_aug2_jpg.rf.D4NhDGcYYRlh6JdNpbF1_97840.jpg,Ronde,forme/train/ronde/20230806_212834_aug2_jpg.rf.D4NhDGcYYRlh6JdNpbF1_97840.jpg
20230806_212836_aug2_jpg.rf.9HynIxbc8OviDqFW7gYY.jpg,Ronde,forme/train/ronde/20230806_212836_aug2_jpg.rf.9HynIxbc8OviDqFW7gYY.jpg
20230806_212836_aug2_jpg.rf.9HynIxbc8OviDqFW7gYY_22553.jpg,Ronde,forme/train/ronde/20230806_212836_aug2_jpg.rf.9HynIxbc8OviDqFW7gYY_22553.jpg
20230806_213004_aug1_jpg.rf.1ddOeGix9iYGKG66MktO.jpg,Ronde,forme/train/ronde/20230806_213004_aug1_jpg.rf.1ddOeGix9iYGKG66MktO.jpg
20230806_213004_aug1_jpg.rf.1ddOeGix9iYGKG66MktO_46461.jpg,Ronde,forme/train/ronde/20230806_213004_aug1_jpg.rf.1ddOeGix9iYGKG66MktO_46461.jpg
20230806_213004_aug2_jpg.rf.N6RKI8JtALwjcOePeuo7.jpg,Ronde,forme/train/ronde/20230806_213004_aug2_jpg.rf.N6RKI8JtALwjcOePeuo7.jpg
20230806_213004_aug2_jpg.rf.N6RKI8JtALwjcOePeuo7_36041.jpg,Ronde,forme/train/ronde/20230806_213004_aug2_jpg.rf.N6RKI8JtALwjcOePeuo7_36041.jpg
20230806_213353_aug1_jpg.rf.67NM5V8WYwHUBdc2Z6tC.jpg,Ronde,forme/train/ronde/20230806_213353_aug1_jpg.rf.67NM5V8WYwHUBdc2Z6tC.jpg
20230806_213353_aug1_jpg.rf.67NM5V8WYwHUBdc2Z6tC_91227.jpg,Ronde,forme/train/ronde/20230806_213353_aug1_jpg.rf.67NM5V8WYwHUBdc2Z6tC_91227.jpg
20230806_213514_aug2_jpg.rf.ku0HQsxjIp3aZ9F1v3cB.jpg,Ronde,forme/train/ronde/20230806_213514_aug2_jpg.rf.ku0HQsxjIp3aZ9F1v3cB.jpg
20230806_213514_aug2_jpg.rf.ku0HQsxjIp3aZ9F1v3cB_76655.jpg,Ronde,forme/train/ronde/20230806_213514_aug2_jpg.rf.ku0HQsxjIp3aZ9F1v3cB_76655.jpg
20230806_213727_aug1_jpg.rf.tEDh681FUy1m9XREAbbz.jpg,Ronde,forme/train/ronde/20230806_213727_aug1_jpg.rf.tEDh681FUy1m9XREAbbz.jpg
20230806_213727_aug1_jpg.rf.tEDh681FUy1m9XREAbbz_55829.jpg,Ronde,forme/train/ronde/20230806_213727_aug1_jpg.rf.tEDh681FUy1m9XREAbbz_55829.jpg
20230806_214001_aug1_jpg.rf.KOMUI520e5e9WDoZr3QD.jpg,Ronde,forme/train/ronde/20230806_214001_aug1_jpg.rf.KOMUI520e5e9WDoZr3QD.jpg
20230806_214001_aug1_jpg.rf.KOMUI520e5e9WDoZr3QD_10073.jpg,Ronde,forme/train/ronde/20230806_214001_aug1_jpg.rf.KOMUI520e5e9WDoZr3QD_10073.jpg
20230806_214028_aug1_jpg.rf.sPw7c2aTXMhi51UOXsRu.jpg,Ronde,forme/train/ronde/20230806_214028_aug1_jpg.rf.sPw7c2aTXMhi51UOXsRu.jpg
20230806_214028_aug1_jpg.rf.sPw7c2aTXMhi51UOXsRu_16904.jpg,Ronde,forme/train/ronde/20230806_214028_aug1_jpg.rf.sPw7c2aTXMhi51UOXsRu_16904.jpg
20230806_214033_aug2_jpg.rf.6rVcB4LdbCz30Nd1XCFI.jpg,Ronde,forme/train/ronde/20230806_214033_aug2_jpg.rf.6rVcB4LdbCz30Nd1XCFI.jpg
20230806_214033_aug2_jpg.rf.6rVcB4LdbCz30Nd1XCFI_21398.jpg,Ronde,forme/train/ronde/20230806_214033_aug2_jpg.rf.6rVcB4LdbCz30Nd1XCFI_21398.jpg
20230806_214148_aug2_jpg.rf.b44Fv7W56dLndVP0nBQd.jpg,Ronde,forme/train/ronde/20230806_214148_aug2_jpg.rf.b44Fv7W56dLndVP0nBQd.jpg
20230806_214148_aug2_jpg.rf.b44Fv7W56dLndVP0nBQd_83143.jpg,Ronde,forme/train/ronde/20230806_214148_aug2_jpg.rf.b44Fv7W56dLndVP0nBQd_83143.jpg
20230806_214212_aug2_jpg.rf.F4WNonV6ph77hqrDaxO2.jpg,Ronde,forme/train/ronde/20230806_214212_aug2_jpg.rf.F4WNonV6ph77hqrDaxO2.jpg
20230806_214212_aug2_jpg.rf.F4WNonV6ph77hqrDaxO2_26597.jpg,Ronde,forme/train/ronde/20230806_214212_aug2_jpg.rf.F4WNonV6ph77hqrDaxO2_26597.jpg
22-fashion-blogs-slaves-to-fashion-2012-08-20-0821lebron-james-glasses_fa-jpg_aug_png_jpg.rf.pNph7nAYfZYcJCuwUzB6.jpg,Ronde,forme/train/ronde/22-fashion-blogs-slaves-to-fashion-2012-08-20-0821lebron-james-glasses_fa-jpg_aug_png_jpg.rf.pNph7nAYfZYcJCuwUzB6.jpg
22-fashion-blogs-slaves-to-fashion-2012-08-20-0821lebron-james-glasses_fa-jpg_au_5727.jpg,Ronde,forme/train/ronde/22-fashion-blogs-slaves-to-fashion-2012-08-20-0821lebron-james-glasses_fa-jpg_au_5727.jpg
25-how_often_should_you_get_new_glasses_frames_header_jpg.rf.vShLS3UnlWiFya2QRtdo.jpg,Ronde,forme/train/ronde/25-how_often_should_you_get_new_glasses_frames_header_jpg.rf.vShLS3UnlWiFya2QRtdo.jpg
25-how_often_should_you_get_new_glasses_frames_header_jpg.rf.vShLS3UnlWiFya2QRtd_89153.jpg,Ronde,forme/train/ronde/25-how_often_should_you_get_new_glasses_frames_header_jpg.rf.vShLS3UnlWiFya2QRtd_89153.jpg
25_jpg.rf.Futh96BvlCH9gAxvC06g.jpg,Ronde,forme/train/ronde/25_jpg.rf.Futh96BvlCH9gAxvC06g.jpg
25_jpg.rf.Futh96BvlCH9gAxvC06g_42565.jpg,Ronde,forme/train/ronde/25_jpg.rf.Futh96BvlCH9gAxvC06g_42565.jpg
26-portrait-handsome-black-guy-glasses-talking-cellphone-touch-african-american-man-somebody-copy-space-162742201_jpg.rf.BjxuC7DvWNa4we0gXtXh.jpg,Ronde,forme/train/ronde/26-portrait-handsome-black-guy-glasses-talking-cellphone-touch-african-american-man-somebody-copy-space-162742201_jpg.rf.BjxuC7DvWNa4we0gXtXh.jpg
26-portrait-handsome-black-guy-glasses-talking-cellphone-touch-african-american-_99480.jpg,Ronde,forme/train/ronde/26-portrait-handsome-black-guy-glasses-talking-cellphone-touch-african-american-_99480.jpg
27-man-with-long-hair-glasses-and-a-beard-cn32ap-jpg_aug_png_jpg.rf.jOaVadQiNMvv0FoZZ1Ua.jpg,Ronde,forme/train/ronde/27-man-with-long-hair-glasses-and-a-beard-cn32ap-jpg_aug_png_jpg.rf.jOaVadQiNMvv0FoZZ1Ua.jpg
27-man-with-long-hair-glasses-and-a-beard-cn32ap-jpg_aug_png_jpg.rf.jOaVadQiNMvv_63950.jpg,Ronde,forme/train/ronde/27-man-with-long-hair-glasses-and-a-beard-cn32ap-jpg_aug_png_jpg.rf.jOaVadQiNMvv_63950.jpg
28-5cd4f5b6200000320096481b_jpeg_jpg.rf.yZX4nuxDt5ipyak8c2VP.jpg,Ronde,forme/train/ronde/28-5cd4f5b6200000320096481b_jpeg_jpg.rf.yZX4nuxDt5ipyak8c2VP.jpg
28-5cd4f5b6200000320096481b_jpeg_jpg.rf.yZX4nuxDt5ipyak8c2VP_27366.jpg,Ronde,forme/train/ronde/28-5cd4f5b6200000320096481b_jpeg_jpg.rf.yZX4nuxDt5ipyak8c2VP_27366.jpg
2_jpg.rf.dNCD34YjpQw06cc1v622.jpg,Ronde,forme/train/ronde/2_jpg.rf.dNCD34YjpQw06cc1v622.jpg
2_jpg.rf.dNCD34YjpQw06cc1v622_97660.jpg,Ronde,forme/train/ronde/2_jpg.rf.dNCD34YjpQw06cc1v622_97660.jpg
32-7360_jpg.rf.6dMagUZ9H4cf7uLeg7G2.jpg,Ronde,forme/train/ronde/32-7360_jpg.rf.6dMagUZ9H4cf7uLeg7G2.jpg
32-7360_jpg.rf.6dMagUZ9H4cf7uLeg7G2_85265.jpg,Ronde,forme/train/ronde/32-7360_jpg.rf.6dMagUZ9H4cf7uLeg7G2_85265.jpg
34_jpg.rf.T7fiiq7WExRamn8CrtKG.jpg,Ronde,forme/train/ronde/34_jpg.rf.T7fiiq7WExRamn8CrtKG.jpg
34_jpg.rf.T7fiiq7WExRamn8CrtKG_63016.jpg,Ronde,forme/train/ronde/34_jpg.rf.T7fiiq7WExRamn8CrtKG_63016.jpg
37-jpg_aug_png_jpg.rf.uiCHgKxNLyUJTUhfPTjQ.jpg,Ronde,forme/train/ronde/37-jpg_aug_png_jpg.rf.uiCHgKxNLyUJTUhfPTjQ.jpg
37-jpg_aug_png_jpg.rf.uiCHgKxNLyUJTUhfPTjQ_73714.jpg,Ronde,forme/train/ronde/37-jpg_aug_png_jpg.rf.uiCHgKxNLyUJTUhfPTjQ_73714.jpg
39-jpg_aug_png_jpg.rf.l0MCZIW5KECis39aA0x2.jpg,Ronde,forme/train/ronde/39-jpg_aug_png_jpg.rf.l0MCZIW5KECis39aA0x2.jpg
39-jpg_aug_png_jpg.rf.l0MCZIW5KECis39aA0x2_81047.jpg,Ronde,forme/train/ronde/39-jpg_aug_png_jpg.rf.l0MCZIW5KECis39aA0x2_81047.jpg
3924707f5b327e848f5ce8879d031654_png-jpg_aug_png_jpg.rf.6XEkASHr4rjwnvrerTuA.jpg,Ronde,forme/train/ronde/3924707f5b327e848f5ce8879d031654_png-jpg_aug_png_jpg.rf.6XEkASHr4rjwnvrerTuA.jpg
3924707f5b327e848f5ce8879d031654_png-jpg_aug_png_jpg.rf.6XEkASHr4rjwnvrerTuA_8024.jpg,Ronde,forme/train/ronde/3924707f5b327e848f5ce8879d031654_png-jpg_aug_png_jpg.rf.6XEkASHr4rjwnvrerTuA_8024.jpg
3_jpg.rf.NT1CRn63X3ibdbGed08F.jpg,Ronde,forme/train/ronde/3_jpg.rf.NT1CRn63X3ibdbGed08F.jpg
3_jpg.rf.NT1CRn63X3ibdbGed08F_83893.jpg,Ronde,forme/train/ronde/3_jpg.rf.NT1CRn63X3ibdbGed08F_83893.jpg
40-why-wear-eyeglasses-hero-compressor-jpg_aug_png_jpg.rf.qnK8h1fFikBqY0tWXkud.jpg,Ronde,forme/train/ronde/40-why-wear-eyeglasses-hero-compressor-jpg_aug_png_jpg.rf.qnK8h1fFikBqY0tWXkud.jpg
40-why-wear-eyeglasses-hero-compressor-jpg_aug_png_jpg.rf.qnK8h1fFikBqY0tWXkud_92412.jpg,Ronde,forme/train/ronde/40-why-wear-eyeglasses-hero-compressor-jpg_aug_png_jpg.rf.qnK8h1fFikBqY0tWXkud_92412.jpg
42-4546_jpg.rf.gMjDKot8xZ6sdJXbBHlL.jpg,Ronde,forme/train/ronde/42-4546_jpg.rf.gMjDKot8xZ6sdJXbBHlL.jpg
42-4546_jpg.rf.gMjDKot8xZ6sdJXbBHlL_37830.jpg,Ronde,forme/train/ronde/42-4546_jpg.rf.gMjDKot8xZ6sdJXbBHlL_37830.jpg
42-jpg_aug_png_jpg.rf.Ck34l6sv8rhra48nRnGW.jpg,Ronde,forme/train/ronde/42-jpg_aug_png_jpg.rf.Ck34l6sv8rhra48nRnGW.jpg
42-jpg_aug_png_jpg.rf.Ck34l6sv8rhra48nRnGW_72946.jpg,Ronde,forme/train/ronde/42-jpg_aug_png_jpg.rf.Ck34l6sv8rhra48nRnGW_72946.jpg
45-04_chanel_eyeglasses_picture_04_hd_jpg.rf.y0m1Ud0UmIqZ5xNSBUnx.jpg,Ronde,forme/train/ronde/45-04_chanel_eyeglasses_picture_04_hd_jpg.rf.y0m1Ud0UmIqZ5xNSBUnx.jpg
45-04_chanel_eyeglasses_picture_04_hd_jpg.rf.y0m1Ud0UmIqZ5xNSBUnx_60877.jpg,Ronde,forme/train/ronde/45-04_chanel_eyeglasses_picture_04_hd_jpg.rf.y0m1Ud0UmIqZ5xNSBUnx_60877.jpg
45-jpg_cloud_affine_aug_png_jpg.rf.DuHYMdmy7hIpBd5yoDAc.jpg,Ronde,forme/train/ronde/45-jpg_cloud_affine_aug_png_jpg.rf.DuHYMdmy7hIpBd5yoDAc.jpg
45-jpg_cloud_affine_aug_png_jpg.rf.DuHYMdmy7hIpBd5yoDAc_94432.jpg,Ronde,forme/train/ronde/45-jpg_cloud_affine_aug_png_jpg.rf.DuHYMdmy7hIpBd5yoDAc_94432.jpg
45_jpg.rf.jfRGJ8EVjH2zzwCvhxKW.jpg,Ronde,forme/train/ronde/45_jpg.rf.jfRGJ8EVjH2zzwCvhxKW.jpg
45_jpg.rf.jfRGJ8EVjH2zzwCvhxKW_89210.jpg,Ronde,forme/train/ronde/45_jpg.rf.jfRGJ8EVjH2zzwCvhxKW_89210.jpg
46_jpg.rf.dUdCvNJeBY3o9Q4AidGg.jpg,Ronde,forme/train/ronde/46_jpg.rf.dUdCvNJeBY3o9Q4AidGg.jpg
46_jpg.rf.dUdCvNJeBY3o9Q4AidGg_29146.jpg,Ronde,forme/train/ronde/46_jpg.rf.dUdCvNJeBY3o9Q4AidGg_29146.jpg
5_jpg.rf.smTuiH6ye8tsMuX1vPJV.jpg,Ronde,forme/train/ronde/5_jpg.rf.smTuiH6ye8tsMuX1vPJV.jpg
5_jpg.rf.smTuiH6ye8tsMuX1vPJV_15734.jpg,Ronde,forme/train/ronde/5_jpg.rf.smTuiH6ye8tsMuX1vPJV_15734.jpg
6_jpg.rf.RC7RPEwqrBRjfNQ9ErRS.jpg,Ronde,forme/train/ronde/6_jpg.rf.RC7RPEwqrBRjfNQ9ErRS.jpg
6_jpg.rf.RC7RPEwqrBRjfNQ9ErRS_6237.jpg,Ronde,forme/train/ronde/6_jpg.rf.RC7RPEwqrBRjfNQ9ErRS_6237.jpg
77_jpg.rf.0OZfmCgYS9Q1FB9m87zU.jpg,Ronde,forme/train/ronde/77_jpg.rf.0OZfmCgYS9Q1FB9m87zU.jpg
77_jpg.rf.0OZfmCgYS9Q1FB9m87zU_59562.jpg,Ronde,forme/train/ronde/77_jpg.rf.0OZfmCgYS9Q1FB9m87zU_59562.jpg
8-118-_jpg.rf.O8v6Q3QgCe5PIS1gOBgP.jpg,Ronde,forme/train/ronde/8-118-_jpg.rf.O8v6Q3QgCe5PIS1gOBgP.jpg
8-118-_jpg.rf.O8v6Q3QgCe5PIS1gOBgP_5314.jpg,Ronde,forme/train/ronde/8-118-_jpg.rf.O8v6Q3QgCe5PIS1gOBgP_5314.jpg
8-122-_jpg.rf.JIB6o3UA9HxTgso899Tn.jpg,Ronde,forme/train/ronde/8-122-_jpg.rf.JIB6o3UA9HxTgso899Tn.jpg
8-122-_jpg.rf.JIB6o3UA9HxTgso899Tn_5789.jpg,Ronde,forme/train/ronde/8-122-_jpg.rf.JIB6o3UA9HxTgso899Tn_5789.jpg
8-152-_jpg.rf.wdKjcYGrk16clXA5IoPV.jpg,Ronde,forme/train/ronde/8-152-_jpg.rf.wdKjcYGrk16clXA5IoPV.jpg
8-152-_jpg.rf.wdKjcYGrk16clXA5IoPV_66455.jpg,Ronde,forme/train/ronde/8-152-_jpg.rf.wdKjcYGrk16clXA5IoPV_66455.jpg
8-19-_jpg.rf.foH3IJFgKPESVtgCmiwK.jpg,Ronde,forme/train/ronde/8-19-_jpg.rf.foH3IJFgKPESVtgCmiwK.jpg
8-19-_jpg.rf.foH3IJFgKPESVtgCmiwK_60378.jpg,Ronde,forme/train/ronde/8-19-_jpg.rf.foH3IJFgKPESVtgCmiwK_60378.jpg
8_jpg.rf.Ys5SuT3ALs7KOmuKR0Lm.jpg,Ronde,forme/train/ronde/8_jpg.rf.Ys5SuT3ALs7KOmuKR0Lm.jpg
8_jpg.rf.Ys5SuT3ALs7KOmuKR0Lm_84783.jpg,Ronde,forme/train/ronde/8_jpg.rf.Ys5SuT3ALs7KOmuKR0Lm_84783.jpg
9_jpg.rf.Y5lvXKxIrQYi5SHdRadL.jpg,Ronde,forme/train/ronde/9_jpg.rf.Y5lvXKxIrQYi5SHdRadL.jpg
9_jpg.rf.Y5lvXKxIrQYi5SHdRadL_39929.jpg,Ronde,forme/train/ronde/9_jpg.rf.Y5lvXKxIrQYi5SHdRadL_39929.jpg
calvin_klein_minimalist_frames_1624169232_148d5acd_jpg.rf.vQFbp0FdYUaqnI5zDbLR.jpg,Ronde,forme/train/ronde/calvin_klein_minimalist_frames_1624169232_148d5acd_jpg.rf.vQFbp0FdYUaqnI5zDbLR.jpg
calvin_klein_minimalist_frames_1624169232_148d5acd_jpg.rf.vQFbp0FdYUaqnI5zDbLR_5503.jpg,Ronde,forme/train/ronde/calvin_klein_minimalist_frames_1624169232_148d5acd_jpg.rf.vQFbp0FdYUaqnI5zDbLR_5503.jpg
Cartier-Rimless-all-White-Horn-Diamond-Cut-Sunglasses_jpg.rf.eaZ2vpWHYvK2OOcSA9Ca.jpg,Ronde,forme/train/ronde/Cartier-Rimless-all-White-Horn-Diamond-Cut-Sunglasses_jpg.rf.eaZ2vpWHYvK2OOcSA9Ca.jpg
Cartier-Rimless-all-White-Horn-Diamond-Cut-Sunglasses_jpg.rf.eaZ2vpWHYvK2OOcSA9C_30689.jpg,Ronde,forme/train/ronde/Cartier-Rimless-all-White-Horn-Diamond-Cut-Sunglasses_jpg.rf.eaZ2vpWHYvK2OOcSA9C_30689.jpg
download-1-_jpeg_jpg.rf.5cH7wCyX8HbB7FaEdIUB.jpg,Ronde,forme/train/ronde/download-1-_jpeg_jpg.rf.5cH7wCyX8HbB7FaEdIUB.jpg
download-1-_jpeg_jpg.rf.5cH7wCyX8HbB7FaEdIUB_85434.jpg,Ronde,forme/train/ronde/download-1-_jpeg_jpg.rf.5cH7wCyX8HbB7FaEdIUB_85434.jpg
fathers-day-image-1050x700_jpg.rf.R4f6Q2uow27Z35SsgRSb.jpg,Ronde,forme/train/ronde/fathers-day-image-1050x700_jpg.rf.R4f6Q2uow27Z35SsgRSb.jpg
fathers-day-image-1050x700_jpg.rf.R4f6Q2uow27Z35SsgRSb_80584.jpg,Ronde,forme/train/ronde/fathers-day-image-1050x700_jpg.rf.R4f6Q2uow27Z35SsgRSb_80584.jpg
glasses113_png-jpg_dropout_aug_png_jpg.rf.lWrZycNGplqmbiborglC.jpg,Ronde,forme/train/ronde/glasses113_png-jpg_dropout_aug_png_jpg.rf.lWrZycNGplqmbiborglC.jpg
glasses113_png-jpg_dropout_aug_png_jpg.rf.lWrZycNGplqmbiborglC_37047.jpg,Ronde,forme/train/ronde/glasses113_png-jpg_dropout_aug_png_jpg.rf.lWrZycNGplqmbiborglC_37047.jpg
glasses114_png_jpg.rf.ZmZsQ3JG4zb2qFAKGbOG.jpg,Ronde,forme/train/ronde/glasses114_png_jpg.rf.ZmZsQ3JG4zb2qFAKGbOG.jpg
glasses114_png_jpg.rf.ZmZsQ3JG4zb2qFAKGbOG_54315.jpg,Ronde,forme/train/ronde/glasses114_png_jpg.rf.ZmZsQ3JG4zb2qFAKGbOG_54315.jpg
glasses124_png-jpg_aug_png_jpg.rf.YNIsYhxQoE7tjyEqEVQl.jpg,Ronde,forme/train/ronde/glasses124_png-jpg_aug_png_jpg.rf.YNIsYhxQoE7tjyEqEVQl.jpg
glasses124_png-jpg_aug_png_jpg.rf.YNIsYhxQoE7tjyEqEVQl_47678.jpg,Ronde,forme/train/ronde/glasses124_png-jpg_aug_png_jpg.rf.YNIsYhxQoE7tjyEqEVQl_47678.jpg
glasses124_png_jpg.rf.cW3hjPryBSZ7huNxZQA7.jpg,Ronde,forme/train/ronde/glasses124_png_jpg.rf.cW3hjPryBSZ7huNxZQA7.jpg
glasses124_png_jpg.rf.cW3hjPryBSZ7huNxZQA7_23216.jpg,Ronde,forme/train/ronde/glasses124_png_jpg.rf.cW3hjPryBSZ7huNxZQA7_23216.jpg
glasses125_png-jpg_dropout_aug_png_jpg.rf.quW1RMVKfVVHTxT8KJtr.jpg,Ronde,forme/train/ronde/glasses125_png-jpg_dropout_aug_png_jpg.rf.quW1RMVKfVVHTxT8KJtr.jpg
glasses125_png-jpg_dropout_aug_png_jpg.rf.quW1RMVKfVVHTxT8KJtr_17873.jpg,Ronde,forme/train/ronde/glasses125_png-jpg_dropout_aug_png_jpg.rf.quW1RMVKfVVHTxT8KJtr_17873.jpg
glasses127_png_jpg.rf.fBBH2hI8jikQKaX2NoVB.jpg,Ronde,forme/train/ronde/glasses127_png_jpg.rf.fBBH2hI8jikQKaX2NoVB.jpg
glasses127_png_jpg.rf.fBBH2hI8jikQKaX2NoVB_20538.jpg,Ronde,forme/train/ronde/glasses127_png_jpg.rf.fBBH2hI8jikQKaX2NoVB_20538.jpg
glasses127_png_jpg.rf.T1WPtZFLjUPOyA9zkS8S.jpg,Ronde,forme/train/ronde/glasses127_png_jpg.rf.T1WPtZFLjUPOyA9zkS8S.jpg
glasses127_png_jpg.rf.T1WPtZFLjUPOyA9zkS8S_18254.jpg,Ronde,forme/train/ronde/glasses127_png_jpg.rf.T1WPtZFLjUPOyA9zkS8S_18254.jpg
glasses129_png_jpg.rf.7X7wLDu6zzWYfLL3e6NL.jpg,Ronde,forme/train/ronde/glasses129_png_jpg.rf.7X7wLDu6zzWYfLL3e6NL.jpg
glasses129_png_jpg.rf.7X7wLDu6zzWYfLL3e6NL_94727.jpg,Ronde,forme/train/ronde/glasses129_png_jpg.rf.7X7wLDu6zzWYfLL3e6NL_94727.jpg
glasses134_png-jpg_aug_png_jpg.rf.ronpITHxjQ1pEBlDOWe7.jpg,Ronde,forme/train/ronde/glasses134_png-jpg_aug_png_jpg.rf.ronpITHxjQ1pEBlDOWe7.jpg
glasses134_png-jpg_aug_png_jpg.rf.ronpITHxjQ1pEBlDOWe7_17145.jpg,Ronde,forme/train/ronde/glasses134_png-jpg_aug_png_jpg.rf.ronpITHxjQ1pEBlDOWe7_17145.jpg
glasses139_png_jpg.rf.rsp4C9F3C4W0bKVbDY2H.jpg,Ronde,forme/train/ronde/glasses139_png_jpg.rf.rsp4C9F3C4W0bKVbDY2H.jpg
glasses139_png_jpg.rf.rsp4C9F3C4W0bKVbDY2H_2483.jpg,Ronde,forme/train/ronde/glasses139_png_jpg.rf.rsp4C9F3C4W0bKVbDY2H_2483.jpg
glasses144_png_jpg.rf.SIWjnioq1tpYIbZ2G6ke.jpg,Ronde,forme/train/ronde/glasses144_png_jpg.rf.SIWjnioq1tpYIbZ2G6ke.jpg
glasses144_png_jpg.rf.SIWjnioq1tpYIbZ2G6ke_66474.jpg,Ronde,forme/train/ronde/glasses144_png_jpg.rf.SIWjnioq1tpYIbZ2G6ke_66474.jpg
glasses145_png_jpg.rf.zn3rvPjIbp6Z54OVFU8G.jpg,Ronde,forme/train/ronde/glasses145_png_jpg.rf.zn3rvPjIbp6Z54OVFU8G.jpg
glasses145_png_jpg.rf.zn3rvPjIbp6Z54OVFU8G_37131.jpg,Ronde,forme/train/ronde/glasses145_png_jpg.rf.zn3rvPjIbp6Z54OVFU8G_37131.jpg
glasses148_png-jpg_aug_png_jpg.rf.4icKBJ50pJ1CBPy11BD6.jpg,Ronde,forme/train/ronde/glasses148_png-jpg_aug_png_jpg.rf.4icKBJ50pJ1CBPy11BD6.jpg
glasses148_png-jpg_aug_png_jpg.rf.4icKBJ50pJ1CBPy11BD6_21728.jpg,Ronde,forme/train/ronde/glasses148_png-jpg_aug_png_jpg.rf.4icKBJ50pJ1CBPy11BD6_21728.jpg
glasses155_png-jpg_aug_png_jpg.rf.f9yPlKLZPsabYNubdO1u.jpg,Ronde,forme/train/ronde/glasses155_png-jpg_aug_png_jpg.rf.f9yPlKLZPsabYNubdO1u.jpg
glasses155_png-jpg_aug_png_jpg.rf.f9yPlKLZPsabYNubdO1u_19726.jpg,Ronde,forme/train/ronde/glasses155_png-jpg_aug_png_jpg.rf.f9yPlKLZPsabYNubdO1u_19726.jpg
glasses161_png_jpg.rf.VzkLzi9Vj7WklIyBcM9Q.jpg,Ronde,forme/train/ronde/glasses161_png_jpg.rf.VzkLzi9Vj7WklIyBcM9Q.jpg
glasses161_png_jpg.rf.VzkLzi9Vj7WklIyBcM9Q_19220.jpg,Ronde,forme/train/ronde/glasses161_png_jpg.rf.VzkLzi9Vj7WklIyBcM9Q_19220.jpg
glasses162_png-jpg_shear_aug_png_jpg.rf.AhzuDwFzWDH7A0E6vQPo.jpg,Ronde,forme/train/ronde/glasses162_png-jpg_shear_aug_png_jpg.rf.AhzuDwFzWDH7A0E6vQPo.jpg
glasses162_png-jpg_shear_aug_png_jpg.rf.AhzuDwFzWDH7A0E6vQPo_64311.jpg,Ronde,forme/train/ronde/glasses162_png-jpg_shear_aug_png_jpg.rf.AhzuDwFzWDH7A0E6vQPo_64311.jpg
glasses173_png-jpg_flip_aug_png_jpg.rf.bgpaxiaGpTVvADcWSv09.jpg,Ronde,forme/train/ronde/glasses173_png-jpg_flip_aug_png_jpg.rf.bgpaxiaGpTVvADcWSv09.jpg
glasses173_png-jpg_flip_aug_png_jpg.rf.bgpaxiaGpTVvADcWSv09_57908.jpg,Ronde,forme/train/ronde/glasses173_png-jpg_flip_aug_png_jpg.rf.bgpaxiaGpTVvADcWSv09_57908.jpg
glasses17_png-jpg_aug_png_jpg.rf.VW62PmKC6O3FifhysDTO.jpg,Ronde,forme/train/ronde/glasses17_png-jpg_aug_png_jpg.rf.VW62PmKC6O3FifhysDTO.jpg
glasses17_png-jpg_aug_png_jpg.rf.VW62PmKC6O3FifhysDTO_97235.jpg,Ronde,forme/train/ronde/glasses17_png-jpg_aug_png_jpg.rf.VW62PmKC6O3FifhysDTO_97235.jpg
glasses187_png_jpg.rf.GHkz9QwTarbh3h7CxHgm.jpg,Ronde,forme/train/ronde/glasses187_png_jpg.rf.GHkz9QwTarbh3h7CxHgm.jpg
glasses187_png_jpg.rf.GHkz9QwTarbh3h7CxHgm_51759.jpg,Ronde,forme/train/ronde/glasses187_png_jpg.rf.GHkz9QwTarbh3h7CxHgm_51759.jpg
glasses188_png-jpg_shear_aug_png_jpg.rf.WktipTDwZdRaTFdr2LGX.jpg,Ronde,forme/train/ronde/glasses188_png-jpg_shear_aug_png_jpg.rf.WktipTDwZdRaTFdr2LGX.jpg
glasses188_png-jpg_shear_aug_png_jpg.rf.WktipTDwZdRaTFdr2LGX_89351.jpg,Ronde,forme/train/ronde/glasses188_png-jpg_shear_aug_png_jpg.rf.WktipTDwZdRaTFdr2LGX_89351.jpg
glasses196_png_jpg.rf.sKrGDIcUHE7BT5O9r1RV.jpg,Ronde,forme/train/ronde/glasses196_png_jpg.rf.sKrGDIcUHE7BT5O9r1RV.jpg
glasses196_png_jpg.rf.sKrGDIcUHE7BT5O9r1RV_46983.jpg,Ronde,forme/train/ronde/glasses196_png_jpg.rf.sKrGDIcUHE7BT5O9r1RV_46983.jpg
glasses1_png-jpg_aug_png_jpg.rf.7zy2nNpevElyzdt8JdB2.jpg,Ronde,forme/train/ronde/glasses1_png-jpg_aug_png_jpg.rf.7zy2nNpevElyzdt8JdB2.jpg
glasses1_png-jpg_aug_png_jpg.rf.7zy2nNpevElyzdt8JdB2_89109.jpg,Ronde,forme/train/ronde/glasses1_png-jpg_aug_png_jpg.rf.7zy2nNpevElyzdt8JdB2_89109.jpg
glasses208_png_jpg.rf.NVoabT6wsgFel3ceD9vS.jpg,Ronde,forme/train/ronde/glasses208_png_jpg.rf.NVoabT6wsgFel3ceD9vS.jpg
glasses208_png_jpg.rf.NVoabT6wsgFel3ceD9vS_26221.jpg,Ronde,forme/train/ronde/glasses208_png_jpg.rf.NVoabT6wsgFel3ceD9vS_26221.jpg
glasses210_png_jpg.rf.sDMeuY3XWmjzrZkAsecB.jpg,Ronde,forme/train/ronde/glasses210_png_jpg.rf.sDMeuY3XWmjzrZkAsecB.jpg
glasses210_png_jpg.rf.sDMeuY3XWmjzrZkAsecB_30630.jpg,Ronde,forme/train/ronde/glasses210_png_jpg.rf.sDMeuY3XWmjzrZkAsecB_30630.jpg
glasses226_png-jpg_aug_png_jpg.rf.cfrz1FNXewsBY3WMaWTY.jpg,Ronde,forme/train/ronde/glasses226_png-jpg_aug_png_jpg.rf.cfrz1FNXewsBY3WMaWTY.jpg
glasses226_png-jpg_aug_png_jpg.rf.cfrz1FNXewsBY3WMaWTY_32452.jpg,Ronde,forme/train/ronde/glasses226_png-jpg_aug_png_jpg.rf.cfrz1FNXewsBY3WMaWTY_32452.jpg
glasses29_png_jpg.rf.O4MjIC33EibzN4AnLHgZ.jpg,Ronde,forme/train/ronde/glasses29_png_jpg.rf.O4MjIC33EibzN4AnLHgZ.jpg
glasses29_png_jpg.rf.O4MjIC33EibzN4AnLHgZ_8910.jpg,Ronde,forme/train/ronde/glasses29_png_jpg.rf.O4MjIC33EibzN4AnLHgZ_8910.jpg
glasses30_png-jpg_aug_png_jpg.rf.mVnN5LpmuomQSQIkn6m5.jpg,Ronde,forme/train/ronde/glasses30_png-jpg_aug_png_jpg.rf.mVnN5LpmuomQSQIkn6m5.jpg
glasses30_png-jpg_aug_png_jpg.rf.mVnN5LpmuomQSQIkn6m5_72714.jpg,Ronde,forme/train/ronde/glasses30_png-jpg_aug_png_jpg.rf.mVnN5LpmuomQSQIkn6m5_72714.jpg
glasses37_png_jpg.rf.KpcFiGURQ0da3X134BsY.jpg,Ronde,forme/train/ronde/glasses37_png_jpg.rf.KpcFiGURQ0da3X134BsY.jpg
glasses37_png_jpg.rf.KpcFiGURQ0da3X134BsY_12993.jpg,Ronde,forme/train/ronde/glasses37_png_jpg.rf.KpcFiGURQ0da3X134BsY_12993.jpg
glasses40_png_jpg.rf.RJT5pUPbaOHIfHZRBt8B.jpg,Ronde,forme/train/ronde/glasses40_png_jpg.rf.RJT5pUPbaOHIfHZRBt8B.jpg
glasses40_png_jpg.rf.RJT5pUPbaOHIfHZRBt8B_26765.jpg,Ronde,forme/train/ronde/glasses40_png_jpg.rf.RJT5pUPbaOHIfHZRBt8B_26765.jpg
glasses41_png-jpg_shear_aug_png_jpg.rf.i3N7qRkkBaIbBkAS8UWw.jpg,Ronde,forme/train/ronde/glasses41_png-jpg_shear_aug_png_jpg.rf.i3N7qRkkBaIbBkAS8UWw.jpg
glasses41_png-jpg_shear_aug_png_jpg.rf.i3N7qRkkBaIbBkAS8UWw_64720.jpg,Ronde,forme/train/ronde/glasses41_png-jpg_shear_aug_png_jpg.rf.i3N7qRkkBaIbBkAS8UWw_64720.jpg
glasses43_png_jpg.rf.KjGDoKdYTGUW45hdOSdb.jpg,Ronde,forme/train/ronde/glasses43_png_jpg.rf.KjGDoKdYTGUW45hdOSdb.jpg
glasses43_png_jpg.rf.KjGDoKdYTGUW45hdOSdb_86201.jpg,Ronde,forme/train/ronde/glasses43_png_jpg.rf.KjGDoKdYTGUW45hdOSdb_86201.jpg
glasses46_png_jpg.rf.cRPemafdf3fcBCZBOazy.jpg,Ronde,forme/train/ronde/glasses46_png_jpg.rf.cRPemafdf3fcBCZBOazy.jpg
glasses46_png_jpg.rf.cRPemafdf3fcBCZBOazy_29488.jpg,Ronde,forme/train/ronde/glasses46_png_jpg.rf.cRPemafdf3fcBCZBOazy_29488.jpg
glasses48_png_jpg.rf.gtRwKiTciYiouGgiQkUe.jpg,Ronde,forme/train/ronde/glasses48_png_jpg.rf.gtRwKiTciYiouGgiQkUe.jpg
glasses48_png_jpg.rf.gtRwKiTciYiouGgiQkUe_1468.jpg,Ronde,forme/train/ronde/glasses48_png_jpg.rf.gtRwKiTciYiouGgiQkUe_1468.jpg
glasses4_png-jpg_shear_aug_png_jpg.rf.JvnMsf8u7Xj4j7wY8g08.jpg,Ronde,forme/train/ronde/glasses4_png-jpg_shear_aug_png_jpg.rf.JvnMsf8u7Xj4j7wY8g08.jpg
glasses4_png-jpg_shear_aug_png_jpg.rf.JvnMsf8u7Xj4j7wY8g08_7539.jpg,Ronde,forme/train/ronde/glasses4_png-jpg_shear_aug_png_jpg.rf.JvnMsf8u7Xj4j7wY8g08_7539.jpg
glasses53_png_jpg.rf.07rasHTvBrU0dlv1sv43.jpg,Ronde,forme/train/ronde/glasses53_png_jpg.rf.07rasHTvBrU0dlv1sv43.jpg
glasses53_png_jpg.rf.07rasHTvBrU0dlv1sv43_80464.jpg,Ronde,forme/train/ronde/glasses53_png_jpg.rf.07rasHTvBrU0dlv1sv43_80464.jpg
glasses55_png_jpg.rf.wrcn8WUBx6pjNJVojiXN.jpg,Ronde,forme/train/ronde/glasses55_png_jpg.rf.wrcn8WUBx6pjNJVojiXN.jpg
glasses55_png_jpg.rf.wrcn8WUBx6pjNJVojiXN_81659.jpg,Ronde,forme/train/ronde/glasses55_png_jpg.rf.wrcn8WUBx6pjNJVojiXN_81659.jpg
glasses57_png-jpg_dropout_aug_png_jpg.rf.4SRZHeDfsiyrufNcEi2T.jpg,Ronde,forme/train/ronde/glasses57_png-jpg_dropout_aug_png_jpg.rf.4SRZHeDfsiyrufNcEi2T.jpg
glasses57_png-jpg_dropout_aug_png_jpg.rf.4SRZHeDfsiyrufNcEi2T_56461.jpg,Ronde,forme/train/ronde/glasses57_png-jpg_dropout_aug_png_jpg.rf.4SRZHeDfsiyrufNcEi2T_56461.jpg
glasses57_png-jpg_flip_aug_png_jpg.rf.ck8BYsSv8E6icVZEpHVK.jpg,Ronde,forme/train/ronde/glasses57_png-jpg_flip_aug_png_jpg.rf.ck8BYsSv8E6icVZEpHVK.jpg
glasses57_png-jpg_flip_aug_png_jpg.rf.ck8BYsSv8E6icVZEpHVK_44279.jpg,Ronde,forme/train/ronde/glasses57_png-jpg_flip_aug_png_jpg.rf.ck8BYsSv8E6icVZEpHVK_44279.jpg
glasses5_png-jpg_aug_png_jpg.rf.cSukwo2ptclgOn4u82ec.jpg,Ronde,forme/train/ronde/glasses5_png-jpg_aug_png_jpg.rf.cSukwo2ptclgOn4u82ec.jpg
glasses5_png-jpg_aug_png_jpg.rf.cSukwo2ptclgOn4u82ec_2485.jpg,Ronde,forme/train/ronde/glasses5_png-jpg_aug_png_jpg.rf.cSukwo2ptclgOn4u82ec_2485.jpg
glasses61_png_jpg.rf.as6WQqNrxhDnRslqcU9A.jpg,Ronde,forme/train/ronde/glasses61_png_jpg.rf.as6WQqNrxhDnRslqcU9A.jpg
glasses61_png_jpg.rf.as6WQqNrxhDnRslqcU9A_89835.jpg,Ronde,forme/train/ronde/glasses61_png_jpg.rf.as6WQqNrxhDnRslqcU9A_89835.jpg
glasses63_png_jpg.rf.PuPIo0pLai1GMxXd4Qlr.jpg,Ronde,forme/train/ronde/glasses63_png_jpg.rf.PuPIo0pLai1GMxXd4Qlr.jpg
glasses63_png_jpg.rf.PuPIo0pLai1GMxXd4Qlr_36152.jpg,Ronde,forme/train/ronde/glasses63_png_jpg.rf.PuPIo0pLai1GMxXd4Qlr_36152.jpg
glasses64_png_jpg.rf.5ItehGzfnvlaamYvFgfe.jpg,Ronde,forme/train/ronde/glasses64_png_jpg.rf.5ItehGzfnvlaamYvFgfe.jpg
glasses64_png_jpg.rf.5ItehGzfnvlaamYvFgfe_20507.jpg,Ronde,forme/train/ronde/glasses64_png_jpg.rf.5ItehGzfnvlaamYvFgfe_20507.jpg
glasses84_png_jpg.rf.buMUn5yF3Pa3bJx5KOgl.jpg,Ronde,forme/train/ronde/glasses84_png_jpg.rf.buMUn5yF3Pa3bJx5KOgl.jpg
glasses84_png_jpg.rf.buMUn5yF3Pa3bJx5KOgl_41088.jpg,Ronde,forme/train/ronde/glasses84_png_jpg.rf.buMUn5yF3Pa3bJx5KOgl_41088.jpg
glasses89_png-jpg_cloud_affine_aug_png_jpg.rf.FKwRWW1nNQHWlr3GV1vN.jpg,Ronde,forme/train/ronde/glasses89_png-jpg_cloud_affine_aug_png_jpg.rf.FKwRWW1nNQHWlr3GV1vN.jpg
glasses89_png-jpg_cloud_affine_aug_png_jpg.rf.FKwRWW1nNQHWlr3GV1vN_14162.jpg,Ronde,forme/train/ronde/glasses89_png-jpg_cloud_affine_aug_png_jpg.rf.FKwRWW1nNQHWlr3GV1vN_14162.jpg
glasses90_png_jpg.rf.KYxQUh53BBCytzzB6FeO.jpg,Ronde,forme/train/ronde/glasses90_png_jpg.rf.KYxQUh53BBCytzzB6FeO.jpg
glasses90_png_jpg.rf.KYxQUh53BBCytzzB6FeO_83586.jpg,Ronde,forme/train/ronde/glasses90_png_jpg.rf.KYxQUh53BBCytzzB6FeO_83586.jpg
glasses96_png_jpg.rf.9UJQwF3hAyE3hwwydxmq.jpg,Ronde,forme/train/ronde/glasses96_png_jpg.rf.9UJQwF3hAyE3hwwydxmq.jpg
glasses96_png_jpg.rf.9UJQwF3hAyE3hwwydxmq_59080.jpg,Ronde,forme/train/ronde/glasses96_png_jpg.rf.9UJQwF3hAyE3hwwydxmq_59080.jpg
glasses99_png_jpg.rf.pS8AXNTiSd9hkhI6ixec.jpg,Ronde,forme/train/ronde/glasses99_png_jpg.rf.pS8AXNTiSd9hkhI6ixec.jpg
glasses99_png_jpg.rf.pS8AXNTiSd9hkhI6ixec_94867.jpg,Ronde,forme/train/ronde/glasses99_png_jpg.rf.pS8AXNTiSd9hkhI6ixec_94867.jpg
hqdefault2-jpg_shear_aug_png_jpg.rf.lknddgDKJhXJ6fdGCZCZ.jpg,Ronde,forme/train/ronde/hqdefault2-jpg_shear_aug_png_jpg.rf.lknddgDKJhXJ6fdGCZCZ.jpg
hqdefault2-jpg_shear_aug_png_jpg.rf.lknddgDKJhXJ6fdGCZCZ_73732.jpg,Ronde,forme/train/ronde/hqdefault2-jpg_shear_aug_png_jpg.rf.lknddgDKJhXJ6fdGCZCZ_73732.jpg
il_fullxfull-4090058224_3k3o-jpg_aug_png_jpg.rf.YLIXulkXR8nfIbFR6EdQ.jpg,Ronde,forme/train/ronde/il_fullxfull-4090058224_3k3o-jpg_aug_png_jpg.rf.YLIXulkXR8nfIbFR6EdQ.jpg
il_fullxfull-4090058224_3k3o-jpg_aug_png_jpg.rf.YLIXulkXR8nfIbFR6EdQ_96504.jpg,Ronde,forme/train/ronde/il_fullxfull-4090058224_3k3o-jpg_aug_png_jpg.rf.YLIXulkXR8nfIbFR6EdQ_96504.jpg
image10_jpeg-jpg_aug_png_jpg.rf.OGNowLHci17dkMMyueb8.jpg,Ronde,forme/train/ronde/image10_jpeg-jpg_aug_png_jpg.rf.OGNowLHci17dkMMyueb8.jpg
image10_jpeg-jpg_aug_png_jpg.rf.OGNowLHci17dkMMyueb8_6476.jpg,Ronde,forme/train/ronde/image10_jpeg-jpg_aug_png_jpg.rf.OGNowLHci17dkMMyueb8_6476.jpg
image12_jpeg_jpg.rf.SrQcIdfOML4xbAKIyai2.jpg,Ronde,forme/train/ronde/image12_jpeg_jpg.rf.SrQcIdfOML4xbAKIyai2.jpg
image12_jpeg_jpg.rf.SrQcIdfOML4xbAKIyai2_9723.jpg,Ronde,forme/train/ronde/image12_jpeg_jpg.rf.SrQcIdfOML4xbAKIyai2_9723.jpg
image13_jpeg-jpg_aug_png_jpg.rf.57kFyYrGCzv8gFTZnT09.jpg,Ronde,forme/train/ronde/image13_jpeg-jpg_aug_png_jpg.rf.57kFyYrGCzv8gFTZnT09.jpg
image13_jpeg-jpg_aug_png_jpg.rf.57kFyYrGCzv8gFTZnT09_16689.jpg,Ronde,forme/train/ronde/image13_jpeg-jpg_aug_png_jpg.rf.57kFyYrGCzv8gFTZnT09_16689.jpg
image14_jpeg-jpg_aug_png_jpg.rf.rUsf7bXz8JRwa5iefWMk.jpg,Ronde,forme/train/ronde/image14_jpeg-jpg_aug_png_jpg.rf.rUsf7bXz8JRwa5iefWMk.jpg
image14_jpeg-jpg_aug_png_jpg.rf.rUsf7bXz8JRwa5iefWMk_30134.jpg,Ronde,forme/train/ronde/image14_jpeg-jpg_aug_png_jpg.rf.rUsf7bXz8JRwa5iefWMk_30134.jpg
image14_jpeg-jpg_cloud_affine_aug_png_jpg.rf.QfNPDiuU150QmWpp9lcu.jpg,Ronde,forme/train/ronde/image14_jpeg-jpg_cloud_affine_aug_png_jpg.rf.QfNPDiuU150QmWpp9lcu.jpg
image14_jpeg-jpg_cloud_affine_aug_png_jpg.rf.QfNPDiuU150QmWpp9lcu_46283.jpg,Ronde,forme/train/ronde/image14_jpeg-jpg_cloud_affine_aug_png_jpg.rf.QfNPDiuU150QmWpp9lcu_46283.jpg
image17_jpeg-jpg_cloud_affine_aug_png_jpg.rf.LBjHDGbY1DwViK3EgIBq.jpg,Ronde,forme/train/ronde/image17_jpeg-jpg_cloud_affine_aug_png_jpg.rf.LBjHDGbY1DwViK3EgIBq.jpg
image17_jpeg-jpg_cloud_affine_aug_png_jpg.rf.LBjHDGbY1DwViK3EgIBq_36550.jpg,Ronde,forme/train/ronde/image17_jpeg-jpg_cloud_affine_aug_png_jpg.rf.LBjHDGbY1DwViK3EgIBq_36550.jpg
images-1-_jpg.rf.pM2tXNgLPSNWDXFRvH66.jpg,Ronde,forme/train/ronde/images-1-_jpg.rf.pM2tXNgLPSNWDXFRvH66.jpg
images-1-_jpg.rf.pM2tXNgLPSNWDXFRvH66_41631.jpg,Ronde,forme/train/ronde/images-1-_jpg.rf.pM2tXNgLPSNWDXFRvH66_41631.jpg
images-10-_jpg.rf.eui1gihYe6hHy2XAN369.jpg,Ronde,forme/train/ronde/images-10-_jpg.rf.eui1gihYe6hHy2XAN369.jpg
images-10-_jpg.rf.eui1gihYe6hHy2XAN369_13647.jpg,Ronde,forme/train/ronde/images-10-_jpg.rf.eui1gihYe6hHy2XAN369_13647.jpg
images-11-_jpg.rf.m3RHbdCEGvd7HGKps2tg.jpg,Ronde,forme/train/ronde/images-11-_jpg.rf.m3RHbdCEGvd7HGKps2tg.jpg
images-11-_jpg.rf.m3RHbdCEGvd7HGKps2tg_9685.jpg,Ronde,forme/train/ronde/images-11-_jpg.rf.m3RHbdCEGvd7HGKps2tg_9685.jpg
images-11-_jpg.rf.TqDtfyTaqXJ9hll9sq4q.jpg,Ronde,forme/train/ronde/images-11-_jpg.rf.TqDtfyTaqXJ9hll9sq4q.jpg
images-11-_jpg.rf.TqDtfyTaqXJ9hll9sq4q_88710.jpg,Ronde,forme/train/ronde/images-11-_jpg.rf.TqDtfyTaqXJ9hll9sq4q_88710.jpg
images-12-_jpg.rf.emo74NdAKQtwMjlo9wDq.jpg,Ronde,forme/train/ronde/images-12-_jpg.rf.emo74NdAKQtwMjlo9wDq.jpg
images-12-_jpg.rf.emo74NdAKQtwMjlo9wDq_71747.jpg,Ronde,forme/train/ronde/images-12-_jpg.rf.emo74NdAKQtwMjlo9wDq_71747.jpg
images-16-jpg_aug_png_jpg.rf.JEo7ulHOgULNwHlRHOgw.jpg,Ronde,forme/train/ronde/images-16-jpg_aug_png_jpg.rf.JEo7ulHOgULNwHlRHOgw.jpg
images-16-jpg_aug_png_jpg.rf.JEo7ulHOgULNwHlRHOgw_80294.jpg,Ronde,forme/train/ronde/images-16-jpg_aug_png_jpg.rf.JEo7ulHOgULNwHlRHOgw_80294.jpg
images-19-_jpg.rf.NZZgzyE7o6FNjmgVJzJ5.jpg,Ronde,forme/train/ronde/images-19-_jpg.rf.NZZgzyE7o6FNjmgVJzJ5.jpg
images-19-_jpg.rf.NZZgzyE7o6FNjmgVJzJ5_11115.jpg,Ronde,forme/train/ronde/images-19-_jpg.rf.NZZgzyE7o6FNjmgVJzJ5_11115.jpg
images-19_png_jpg.rf.1UMSseNEG9gBOjm7RBvA.jpg,Ronde,forme/train/ronde/images-19_png_jpg.rf.1UMSseNEG9gBOjm7RBvA.jpg
images-19_png_jpg.rf.1UMSseNEG9gBOjm7RBvA_69883.jpg,Ronde,forme/train/ronde/images-19_png_jpg.rf.1UMSseNEG9gBOjm7RBvA_69883.jpg
images-2-_jpg.rf.9vHIYMEp9nsN8XgGWr40.jpg,Ronde,forme/train/ronde/images-2-_jpg.rf.9vHIYMEp9nsN8XgGWr40.jpg
images-2-_jpg.rf.9vHIYMEp9nsN8XgGWr40_523.jpg,Ronde,forme/train/ronde/images-2-_jpg.rf.9vHIYMEp9nsN8XgGWr40_523.jpg
images-2-_jpg.rf.wwrtCu2yMunz5WJTjGVa.jpg,Ronde,forme/train/ronde/images-2-_jpg.rf.wwrtCu2yMunz5WJTjGVa.jpg
images-2-_jpg.rf.wwrtCu2yMunz5WJTjGVa_74286.jpg,Ronde,forme/train/ronde/images-2-_jpg.rf.wwrtCu2yMunz5WJTjGVa_74286.jpg
images-6-_jpg.rf.mcp8KUWeldsJhJqi8LFU.jpg,Ronde,forme/train/ronde/images-6-_jpg.rf.mcp8KUWeldsJhJqi8LFU.jpg
images-6-_jpg.rf.mcp8KUWeldsJhJqi8LFU_84465.jpg,Ronde,forme/train/ronde/images-6-_jpg.rf.mcp8KUWeldsJhJqi8LFU_84465.jpg
images-7-_jpg.rf.4mv5SWWRpwGuM7HOaMr7.jpg,Ronde,forme/train/ronde/images-7-_jpg.rf.4mv5SWWRpwGuM7HOaMr7.jpg
images-7-_jpg.rf.4mv5SWWRpwGuM7HOaMr7_94227.jpg,Ronde,forme/train/ronde/images-7-_jpg.rf.4mv5SWWRpwGuM7HOaMr7_94227.jpg
images-7-_jpg.rf.GHwfuzj5p0mmcrYmwH4y.jpg,Ronde,forme/train/ronde/images-7-_jpg.rf.GHwfuzj5p0mmcrYmwH4y.jpg
images-7-_jpg.rf.GHwfuzj5p0mmcrYmwH4y_6621.jpg,Ronde,forme/train/ronde/images-7-_jpg.rf.GHwfuzj5p0mmcrYmwH4y_6621.jpg
images-7-_jpg.rf.zO9spfNlTGIDiV9WYTkn.jpg,Ronde,forme/train/ronde/images-7-_jpg.rf.zO9spfNlTGIDiV9WYTkn.jpg
images-7-_jpg.rf.zO9spfNlTGIDiV9WYTkn_52190.jpg,Ronde,forme/train/ronde/images-7-_jpg.rf.zO9spfNlTGIDiV9WYTkn_52190.jpg
images-8-jpg_aug_png_jpg.rf.19MH0N7ZiXkAGjWYqPNi.jpg,Ronde,forme/train/ronde/images-8-jpg_aug_png_jpg.rf.19MH0N7ZiXkAGjWYqPNi.jpg
images-8-jpg_aug_png_jpg.rf.19MH0N7ZiXkAGjWYqPNi_13166.jpg,Ronde,forme/train/ronde/images-8-jpg_aug_png_jpg.rf.19MH0N7ZiXkAGjWYqPNi_13166.jpg
images-8-jpg_flip_aug_png_jpg.rf.NU6xBgAXUmoyVbQsBcB9.jpg,Ronde,forme/train/ronde/images-8-jpg_flip_aug_png_jpg.rf.NU6xBgAXUmoyVbQsBcB9.jpg
images-8-jpg_flip_aug_png_jpg.rf.NU6xBgAXUmoyVbQsBcB9_97237.jpg,Ronde,forme/train/ronde/images-8-jpg_flip_aug_png_jpg.rf.NU6xBgAXUmoyVbQsBcB9_97237.jpg
images-9-jpg_aug_png_jpg.rf.wv85Zinvf8YGOskFmsgZ.jpg,Ronde,forme/train/ronde/images-9-jpg_aug_png_jpg.rf.wv85Zinvf8YGOskFmsgZ.jpg
images-9-jpg_aug_png_jpg.rf.wv85Zinvf8YGOskFmsgZ_99024.jpg,Ronde,forme/train/ronde/images-9-jpg_aug_png_jpg.rf.wv85Zinvf8YGOskFmsgZ_99024.jpg
images-9-_jpg.rf.jUfbO63nDjA0Vpbet543.jpg,Ronde,forme/train/ronde/images-9-_jpg.rf.jUfbO63nDjA0Vpbet543.jpg
images-9-_jpg.rf.jUfbO63nDjA0Vpbet543_75591.jpg,Ronde,forme/train/ronde/images-9-_jpg.rf.jUfbO63nDjA0Vpbet543_75591.jpg
images-9-_jpg.rf.O6upLENRuy0VV26Kdp3I.jpg,Ronde,forme/train/ronde/images-9-_jpg.rf.O6upLENRuy0VV26Kdp3I.jpg
images-9-_jpg.rf.O6upLENRuy0VV26Kdp3I_49383.jpg,Ronde,forme/train/ronde/images-9-_jpg.rf.O6upLENRuy0VV26Kdp3I_49383.jpg
images16_jpg.rf.mmhYEKEKVrN27BcCq8K9.jpg,Ronde,forme/train/ronde/images16_jpg.rf.mmhYEKEKVrN27BcCq8K9.jpg
images16_jpg.rf.mmhYEKEKVrN27BcCq8K9_12925.jpg,Ronde,forme/train/ronde/images16_jpg.rf.mmhYEKEKVrN27BcCq8K9_12925.jpg
images27_jpg.rf.Ak6O9Z5XnVNeOxeV1I5H.jpg,Ronde,forme/train/ronde/images27_jpg.rf.Ak6O9Z5XnVNeOxeV1I5H.jpg
images27_jpg.rf.Ak6O9Z5XnVNeOxeV1I5H_41891.jpg,Ronde,forme/train/ronde/images27_jpg.rf.Ak6O9Z5XnVNeOxeV1I5H_41891.jpg
images49_jpg.rf.vOrS13mf7ZaaVVpbjpQG.jpg,Ronde,forme/train/ronde/images49_jpg.rf.vOrS13mf7ZaaVVpbjpQG.jpg
images49_jpg.rf.vOrS13mf7ZaaVVpbjpQG_74835.jpg,Ronde,forme/train/ronde/images49_jpg.rf.vOrS13mf7ZaaVVpbjpQG_74835.jpg
images54_jpg.rf.f0eir3RxwUQBXQpkxCyv.jpg,Ronde,forme/train/ronde/images54_jpg.rf.f0eir3RxwUQBXQpkxCyv.jpg
images54_jpg.rf.f0eir3RxwUQBXQpkxCyv_53946.jpg,Ronde,forme/train/ronde/images54_jpg.rf.f0eir3RxwUQBXQpkxCyv_53946.jpg
images56-jpg_aug_png_jpg.rf.6NuixvSfXNboSVz6BmXj.jpg,Ronde,forme/train/ronde/images56-jpg_aug_png_jpg.rf.6NuixvSfXNboSVz6BmXj.jpg
images56-jpg_aug_png_jpg.rf.6NuixvSfXNboSVz6BmXj_21981.jpg,Ronde,forme/train/ronde/images56-jpg_aug_png_jpg.rf.6NuixvSfXNboSVz6BmXj_21981.jpg
images62-jpg_aug_png_jpg.rf.CANpXroe78ra0frAkv3T.jpg,Ronde,forme/train/ronde/images62-jpg_aug_png_jpg.rf.CANpXroe78ra0frAkv3T.jpg
images62-jpg_aug_png_jpg.rf.CANpXroe78ra0frAkv3T_79880.jpg,Ronde,forme/train/ronde/images62-jpg_aug_png_jpg.rf.CANpXroe78ra0frAkv3T_79880.jpg
images66_jpg.rf.Pe4pTAXxvdgIBiB8K1AX.jpg,Ronde,forme/train/ronde/images66_jpg.rf.Pe4pTAXxvdgIBiB8K1AX.jpg
images66_jpg.rf.Pe4pTAXxvdgIBiB8K1AX_64534.jpg,Ronde,forme/train/ronde/images66_jpg.rf.Pe4pTAXxvdgIBiB8K1AX_64534.jpg
images68-jpg_aug_png_jpg.rf.g3vbyiTZw65hXNeRXumL.jpg,Ronde,forme/train/ronde/images68-jpg_aug_png_jpg.rf.g3vbyiTZw65hXNeRXumL.jpg
images68-jpg_aug_png_jpg.rf.g3vbyiTZw65hXNeRXumL_99572.jpg,Ronde,forme/train/ronde/images68-jpg_aug_png_jpg.rf.g3vbyiTZw65hXNeRXumL_99572.jpg
images70-jpg_aug_png_jpg.rf.2TVpP5PXQgFcejWg4MPU.jpg,Ronde,forme/train/ronde/images70-jpg_aug_png_jpg.rf.2TVpP5PXQgFcejWg4MPU.jpg
images70-jpg_aug_png_jpg.rf.2TVpP5PXQgFcejWg4MPU_46434.jpg,Ronde,forme/train/ronde/images70-jpg_aug_png_jpg.rf.2TVpP5PXQgFcejWg4MPU_46434.jpg
images9_jpg.rf.1o3kMx0Z3tsAlM90cF6g.jpg,Ronde,forme/train/ronde/images9_jpg.rf.1o3kMx0Z3tsAlM90cF6g.jpg
images9_jpg.rf.1o3kMx0Z3tsAlM90cF6g_65333.jpg,Ronde,forme/train/ronde/images9_jpg.rf.1o3kMx0Z3tsAlM90cF6g_65333.jpg
images_jpg.rf.rHqgEqKGOasbvU7N5fWW.jpg,Ronde,forme/train/ronde/images_jpg.rf.rHqgEqKGOasbvU7N5fWW.jpg
images_jpg.rf.rHqgEqKGOasbvU7N5fWW_57712.jpg,Ronde,forme/train/ronde/images_jpg.rf.rHqgEqKGOasbvU7N5fWW_57712.jpg
iStock-496108007-scaled-e1617951942931-1024x576_jpg.rf.BH93rboJ93fVcZsx7eXh.jpg,Ronde,forme/train/ronde/iStock-496108007-scaled-e1617951942931-1024x576_jpg.rf.BH93rboJ93fVcZsx7eXh.jpg
iStock-496108007-scaled-e1617951942931-1024x576_jpg.rf.BH93rboJ93fVcZsx7eXh_50934.jpg,Ronde,forme/train/ronde/iStock-496108007-scaled-e1617951942931-1024x576_jpg.rf.BH93rboJ93fVcZsx7eXh_50934.jpg
istockphoto-1097322006-612x612_jpg.rf.W2UepddbuovS1dlUOTWP.jpg,Ronde,forme/train/ronde/istockphoto-1097322006-612x612_jpg.rf.W2UepddbuovS1dlUOTWP.jpg
istockphoto-1097322006-612x612_jpg.rf.W2UepddbuovS1dlUOTWP_42556.jpg,Ronde,forme/train/ronde/istockphoto-1097322006-612x612_jpg.rf.W2UepddbuovS1dlUOTWP_42556.jpg
istockphoto-1189984971-612x612_jpg.rf.vvHljbbtAMaJWIhHHpPj.jpg,Ronde,forme/train/ronde/istockphoto-1189984971-612x612_jpg.rf.vvHljbbtAMaJWIhHHpPj.jpg
istockphoto-1189984971-612x612_jpg.rf.vvHljbbtAMaJWIhHHpPj_62680.jpg,Ronde,forme/train/ronde/istockphoto-1189984971-612x612_jpg.rf.vvHljbbtAMaJWIhHHpPj_62680.jpg
m_5bafdf3d03087c68dd2297c5_jpg.rf.qsDRYy6Qx1tWedPFiSFw.jpg,Ronde,forme/train/ronde/m_5bafdf3d03087c68dd2297c5_jpg.rf.qsDRYy6Qx1tWedPFiSFw.jpg
m_5bafdf3d03087c68dd2297c5_jpg.rf.qsDRYy6Qx1tWedPFiSFw_37295.jpg,Ronde,forme/train/ronde/m_5bafdf3d03087c68dd2297c5_jpg.rf.qsDRYy6Qx1tWedPFiSFw_37295.jpg
No-MOQ-Ready-Stock-Optical-Square-Glasses-Frames_jpg.rf.fukcdfm0AncQIKQWbmKo.jpg,Ronde,forme/train/ronde/No-MOQ-Ready-Stock-Optical-Square-Glasses-Frames_jpg.rf.fukcdfm0AncQIKQWbmKo.jpg
No-MOQ-Ready-Stock-Optical-Square-Glasses-Frames_jpg.rf.fukcdfm0AncQIKQWbmKo_97030.jpg,Ronde,forme/train/ronde/No-MOQ-Ready-Stock-Optical-Square-Glasses-Frames_jpg.rf.fukcdfm0AncQIKQWbmKo_97030.jpg
picking-out-the-right-glasses-for-your-face-04_jpg.rf.rWyWpEjli1Q6zd5Bw0cn.jpg,Ronde,forme/train/ronde/picking-out-the-right-glasses-for-your-face-04_jpg.rf.rWyWpEjli1Q6zd5Bw0cn.jpg
picking-out-the-right-glasses-for-your-face-04_jpg.rf.rWyWpEjli1Q6zd5Bw0cn_33521.jpg,Ronde,forme/train/ronde/picking-out-the-right-glasses-for-your-face-04_jpg.rf.rWyWpEjli1Q6zd5Bw0cn_33521.jpg
Progressive-Lenses-1024x576_jpg.rf.dFfx4pfbbrrSeIzCfxKt.jpg,Ronde,forme/train/ronde/Progressive-Lenses-1024x576_jpg.rf.dFfx4pfbbrrSeIzCfxKt.jpg
Progressive-Lenses-1024x576_jpg.rf.dFfx4pfbbrrSeIzCfxKt_89241.jpg,Ronde,forme/train/ronde/Progressive-Lenses-1024x576_jpg.rf.dFfx4pfbbrrSeIzCfxKt_89241.jpg
s-l160010_jpg.rf.MbqYNwk55Qv6rK9MlNMy.jpg,Ronde,forme/train/ronde/s-l160010_jpg.rf.MbqYNwk55Qv6rK9MlNMy.jpg
s-l160010_jpg.rf.MbqYNwk55Qv6rK9MlNMy_21864.jpg,Ronde,forme/train/ronde/s-l160010_jpg.rf.MbqYNwk55Qv6rK9MlNMy_21864.jpg
s-l30020_jpg.rf.4UWvKTMvXrN5OMCtRmIc.jpg,Ronde,forme/train/ronde/s-l30020_jpg.rf.4UWvKTMvXrN5OMCtRmIc.jpg
s-l30020_jpg.rf.4UWvKTMvXrN5OMCtRmIc_91200.jpg,Ronde,forme/train/ronde/s-l30020_jpg.rf.4UWvKTMvXrN5OMCtRmIc_91200.jpg
s-l3009_jpg.rf.pUdd9MXeO9xpWzdQAiM9.jpg,Ronde,forme/train/ronde/s-l3009_jpg.rf.pUdd9MXeO9xpWzdQAiM9.jpg
s-l3009_jpg.rf.pUdd9MXeO9xpWzdQAiM9_15997.jpg,Ronde,forme/train/ronde/s-l3009_jpg.rf.pUdd9MXeO9xpWzdQAiM9_15997.jpg
s-l4009_jpg.rf.EA6xjV8Sy79KbvJWOBKB.jpg,Ronde,forme/train/ronde/s-l4009_jpg.rf.EA6xjV8Sy79KbvJWOBKB.jpg
s-l4009_jpg.rf.EA6xjV8Sy79KbvJWOBKB_52188.jpg,Ronde,forme/train/ronde/s-l4009_jpg.rf.EA6xjV8Sy79KbvJWOBKB_52188.jpg
s-l4009_jpg.rf.nqlK3V1EdM3QjGJpOuQy.jpg,Ronde,forme/train/ronde/s-l4009_jpg.rf.nqlK3V1EdM3QjGJpOuQy.jpg
s-l4009_jpg.rf.nqlK3V1EdM3QjGJpOuQy_3833.jpg,Ronde,forme/train/ronde/s-l4009_jpg.rf.nqlK3V1EdM3QjGJpOuQy_3833.jpg
s-l5002_jpg.rf.h6tzcWafjIQBP86aSkPI.jpg,Ronde,forme/train/ronde/s-l5002_jpg.rf.h6tzcWafjIQBP86aSkPI.jpg
s-l5002_jpg.rf.h6tzcWafjIQBP86aSkPI_6560.jpg,Ronde,forme/train/ronde/s-l5002_jpg.rf.h6tzcWafjIQBP86aSkPI_6560.jpg
s-l5005_jpg.rf.6an3DCmd1kDOfDUr4Qn3.jpg,Ronde,forme/train/ronde/s-l5005_jpg.rf.6an3DCmd1kDOfDUr4Qn3.jpg
s-l5005_jpg.rf.6an3DCmd1kDOfDUr4Qn3_78929.jpg,Ronde,forme/train/ronde/s-l5005_jpg.rf.6an3DCmd1kDOfDUr4Qn3_78929.jpg
s-l6402_jpg.rf.6fHKtX4rfi1T6WSUSWX6.jpg,Ronde,forme/train/ronde/s-l6402_jpg.rf.6fHKtX4rfi1T6WSUSWX6.jpg
s-l6402_jpg.rf.6fHKtX4rfi1T6WSUSWX6_9530.jpg,Ronde,forme/train/ronde/s-l6402_jpg.rf.6fHKtX4rfi1T6WSUSWX6_9530.jpg
vision-therapy-supporting-image-sunglasses_jpg.rf.tGgIVjt8fuZ8yYAvKRbD.jpg,Ronde,forme/train/ronde/vision-therapy-supporting-image-sunglasses_jpg.rf.tGgIVjt8fuZ8yYAvKRbD.jpg
vision-therapy-supporting-image-sunglasses_jpg.rf.tGgIVjt8fuZ8yYAvKRbD_14789.jpg,Ronde,forme/train/ronde/vision-therapy-supporting-image-sunglasses_jpg.rf.tGgIVjt8fuZ8yYAvKRbD_14789.jpg
women-with-glass_509_jpg.rf.blozNoGkU57hMyy8yvua.jpg,Ronde,forme/train/ronde/women-with-glass_509_jpg.rf.blozNoGkU57hMyy8yvua.jpg
women-with-glass_509_jpg.rf.blozNoGkU57hMyy8yvua_70766.jpg,Ronde,forme/train/ronde/women-with-glass_509_jpg.rf.blozNoGkU57hMyy8yvua_70766.jpg
women-with-glass_526-jpg_aug_png_jpg.rf.mde8hfi4VrMTZjGYfQGR.jpg,Ronde,forme/train/ronde/women-with-glass_526-jpg_aug_png_jpg.rf.mde8hfi4VrMTZjGYfQGR.jpg
women-with-glass_526-jpg_aug_png_jpg.rf.mde8hfi4VrMTZjGYfQGR_85046.jpg,Ronde,forme/train/ronde/women-with-glass_526-jpg_aug_png_jpg.rf.mde8hfi4VrMTZjGYfQGR_85046.jpg
women-with-glass_59-jpg_aug_png_jpg.rf.Ajmr03FRenYMWS7G3E91.jpg,Ronde,forme/train/ronde/women-with-glass_59-jpg_aug_png_jpg.rf.Ajmr03FRenYMWS7G3E91.jpg
women-with-glass_59-jpg_aug_png_jpg.rf.Ajmr03FRenYMWS7G3E91_31058.jpg,Ronde,forme/train/ronde/women-with-glass_59-jpg_aug_png_jpg.rf.Ajmr03FRenYMWS7G3E91_31058.jpg
women-with-glass_69_jpg.rf.K8VL5e9YeLA3lzMpAOwQ.jpg,Ronde,forme/train/ronde/women-with-glass_69_jpg.rf.K8VL5e9YeLA3lzMpAOwQ.jpg
women-with-glass_69_jpg.rf.K8VL5e9YeLA3lzMpAOwQ_15853.jpg,Ronde,forme/train/ronde/women-with-glass_69_jpg.rf.K8VL5e9YeLA3lzMpAOwQ_15853.jpg
women-with-glass_70-jpg_aug_png_jpg.rf.71OOiKVwKWipqSAshPiV.jpg,Ronde,forme/train/ronde/women-with-glass_70-jpg_aug_png_jpg.rf.71OOiKVwKWipqSAshPiV.jpg
women-with-glass_70-jpg_aug_png_jpg.rf.71OOiKVwKWipqSAshPiV_16620.jpg,Ronde,forme/train/ronde/women-with-glass_70-jpg_aug_png_jpg.rf.71OOiKVwKWipqSAshPiV_16620.jpg
women-with-glass_70_jpg.rf.aMIHhYh0UAZHVYgxJenz.jpg,Ronde,forme/train/ronde/women-with-glass_70_jpg.rf.aMIHhYh0UAZHVYgxJenz.jpg
women-with-glass_70_jpg.rf.aMIHhYh0UAZHVYgxJenz_73268.jpg,Ronde,forme/train/ronde/women-with-glass_70_jpg.rf.aMIHhYh0UAZHVYgxJenz_73268.jpg
women-with-glass_74_jpg.rf.VF4Bh8c42bcGu4O27eD1.jpg,Ronde,forme/train/ronde/women-with-glass_74_jpg.rf.VF4Bh8c42bcGu4O27eD1.jpg
women-with-glass_74_jpg.rf.VF4Bh8c42bcGu4O27eD1_39696.jpg,Ronde,forme/train/ronde/women-with-glass_74_jpg.rf.VF4Bh8c42bcGu4O27eD1_39696.jpg
women-with-glass_86_jpg.rf.KVW9GRE04iyNhVXENb1a.jpg,Ronde,forme/train/ronde/women-with-glass_86_jpg.rf.KVW9GRE04iyNhVXENb1a.jpg
women-with-glass_86_jpg.rf.KVW9GRE04iyNhVXENb1a_62810.jpg,Ronde,forme/train/ronde/women-with-glass_86_jpg.rf.KVW9GRE04iyNhVXENb1a_62810.jpg
women-with-glass_92_jpg.rf.Q4PxVeDye2gpGxyJuvJq.jpg,Ronde,forme/train/ronde/women-with-glass_92_jpg.rf.Q4PxVeDye2gpGxyJuvJq.jpg
women-with-glass_92_jpg.rf.Q4PxVeDye2gpGxyJuvJq_22156.jpg,Ronde,forme/train/ronde/women-with-glass_92_jpg.rf.Q4PxVeDye2gpGxyJuvJq_22156.jpg
zipangu_citizen_eyewear_1621531026_01e5d892_jpg.rf.JfKs8vCD5KgNXukOYaYR.jpg,Ronde,forme/train/ronde/zipangu_citizen_eyewear_1621531026_01e5d892_jpg.rf.JfKs8vCD5KgNXukOYaYR.jpg
zipangu_citizen_eyewear_1621531026_01e5d892_jpg.rf.JfKs8vCD5KgNXukOYaYR_94084.jpg,Ronde,forme/train/ronde/zipangu_citizen_eyewear_1621531026_01e5d892_jpg.rf.JfKs8vCD5KgNXukOYaYR_94084.jpg
_1-JPG_jpg.rf.u6YaheC4brLaCQox64pK.jpg,Ronde,forme/train/ronde/_1-JPG_jpg.rf.u6YaheC4brLaCQox64pK.jpg
_1-JPG_jpg.rf.u6YaheC4brLaCQox64pK_71126.jpg,Ronde,forme/train/ronde/_1-JPG_jpg.rf.u6YaheC4brLaCQox64pK_71126.jpg
