filename,mount_type,confidence,dark_ratio
-1-_jpg.rf.2xskk8YhiWApOqEsCoJz.jpg,Pleine,0.9,0.16141885325558794
-1-_jpg.rf.3hQ5s67XcLvyctuX5kyF.jpg,Pleine,0.9,0.14221930702753707
-1-_jpg.rf.573ce9O2a0nMzAigIwSO.jpg,Pleine,0.9,0.32573543736606275
-1-_jpg.rf.6MxYjDn4C0hKVVlp3djy.jpg,Percée,0.75,0.0001462950771706532
-1-_jpg.rf.7DHumgVdfsjNeaZGlYsm.jpg,Pleine,0.9,0.20090726385300028
-1-_jpg.rf.FA66Au8W7Nv4r9foNE5I.jpg,Pleine,0.9,0.32573543736606275
-1-_jpg.rf.JDpwxeYm6mUoATbvL8Uv.jpg,Percée,0.75,0.047307941803354646
-1-_jpg.rf.k44UYVNdNAHswJAAumLg.jpg,Pleine,0.9,0.20152034750800182
-1-_jpg.rf.k6SaEVqpKW9Tfh1Cedvx.jpg,Pleine,0.9,0.18592352527384182
-1-_jpg.rf.K8oN4G44zF7v3s4cQsgy.jpg,Pleine,0.9,0.16141885325558794
-1-_jpg.rf.Og4txg6l8CEiuIb15gua.jpg,Pleine,0.9,0.337890625
-1-_jpg.rf.OMicUoM7hh38TOzRkJ1M.jpg,Pleine,0.9,0.33785723824786323
-1-_jpg.rf.PNs0D01zbX7c26MEzOjT.jpg,Pleine,0.9,0.1944722222222222
-1-_jpg.rf.tizHamsB0Hy0PsxZfRaQ.jpg,Pleine,0.9,0.1944722222222222
-1-_jpg.rf.WemJtHwK5VNWWeEuSDoL.jpg,Pleine,0.9,0.18592352527384182
-1-_jpg.rf.X7GwmppsRW7RT4WCftKx.jpg,Percée,0.75,0.0001462950771706532
-1-_jpg.rf.YOvADcCHNmQGxFtibXRq.jpg,Pleine,0.9,0.14220779968009575
-1-_jpg.rf.ZYLAXcG9b9rlierk2NdS.jpg,Percée,0.75,0.047307941803354646
-1-jpg_aug_png_jpg.rf.71ZXbxhhqbUGjDzaZ2Cg.jpg,Pleine,0.9,0.8961156278229448
-1-jpg_aug_png_jpg.rf.9jWQUDLNrvxfE4wXfQRx.jpg,Pleine,0.9,0.39280550700243844
-1-jpg_aug_png_jpg.rf.Fkz8gMbI8uIqAC4RUlm4.jpg,Pleine,0.9,0.1378703874306963
-1-jpg_aug_png_jpg.rf.lJag3tSFAWpQgfByQ1ck.jpg,Pleine,0.9,0.27570902792812296
-1-jpg_aug_png_jpg.rf.RNle1PQmidx1AfJLybPF.jpg,Pleine,0.9,1.0
-1-jpg_aug_png_jpg.rf.Vagq781kH6J25xTCR4OS.jpg,Pleine,0.9,0.13273542600896862
-10-_jpg.rf.08Oxxy0wxOh1O6SFRrqA.jpg,Pleine,0.9,0.2596261896571494
-10-_jpg.rf.EnRsPKu79mqmTKzuI5Iy.jpg,Pleine,0.9,0.32115583075335397
-10-_jpg.rf.QGvOMrbxidn3FREGj0Do.jpg,Pleine,0.9,0.2596261896571494
-10-_jpg.rf.UGoAwoDsibC8kepchMM9.jpg,Pleine,0.9,0.3351600893521966
-10-_jpg.rf.WrBIczp1E3TqT1zS8kon.jpg,Pleine,0.9,0.33521965748324645
-10-_jpg.rf.ZeOfwSRHD2BNDZWFKD4T.jpg,Pleine,0.9,0.32115583075335397
-10-jpg_aug_png_jpg.rf.7tiFTBJC9NwrMazeunR2.jpg,Pleine,0.9,0.27825545171339566
-10-jpg_aug_png_jpg.rf.nbEGC1asZmZUfFhj8xw2.jpg,Pleine,0.9,0.7878372768783728
-10-jpg_aug_png_jpg.rf.xQPEH3VUupAOesxkJ8Sr.jpg,Pleine,0.9,1.0
-2-_jpg.rf.0RMFX4XgHwUIEhH5qQtN.jpg,Percée,0.75,5.656108597285068e-05
-2-_jpg.rf.4Oh7kE4XeTAG0zPtNNKK.jpg,Pleine,0.9,0.18237587432633873
-2-_jpg.rf.9G8wZRQ13wMolS7aPRPc.jpg,Pleine,0.9,0.2140400751983126
-2-_jpg.rf.Af4NDMhsxKsXbX3EfuAh.jpg,Pleine,0.9,0.4170738539105537
-2-_jpg.rf.B6oBq7jwjlKR2NzPgGtE.jpg,Pleine,0.9,0.2960911894344253
-2-_jpg.rf.BTpxSxM2dyTABiDfahIR.jpg,Pleine,0.9,0.2140400751983126
-2-_jpg.rf.D6YgU3s7rFp5vkBXeOTp.jpg,Percée,0.75,0.0
-2-_jpg.rf.dpGoYO7cG0JNtiQEAb7q.jpg,Pleine,0.9,0.18237587432633873
-2-_jpg.rf.f5zKC3kje2rG4Y7TtSDx.jpg,Pleine,0.9,0.16478646253021756
-2-_jpg.rf.GHGBqtSX6R5ohh5ajHFg.jpg,Pleine,0.9,0.16478646253021756
-2-_jpg.rf.iB6frWfkZWo5HZl3Ammd.jpg,Percée,0.75,0.0
-2-_jpg.rf.ngeRxA7v3Mgta1mU28B6.jpg,Percée,0.75,5.656108597285068e-05
-2-_jpg.rf.OuB7vt588Qk5W1eqqWeN.jpg,Pleine,0.9,0.2960911894344253
-2-_jpg.rf.Pd34U0i5I38OQWuUQYM4.jpg,Semi-cerclée,0.8,0.0901657581488486
-2-_jpg.rf.plB6gO8b2Y2e97RzQ6lh.jpg,Pleine,0.9,0.283999192897498
-2-_jpg.rf.VSgDjA4BHJ74ZskTmGVB.jpg,Pleine,0.9,0.4170427313186642
-2-_jpg.rf.WOtbjBaGgR3HlDDIIobN.jpg,Pleine,0.9,0.2840496368038741
-2-_jpg.rf.yL9b8WublMOAS1CiDovw.jpg,Semi-cerclée,0.8,0.0901657581488486
-2-jpg_aug_png_jpg.rf.0nAXqGBwrhZn40QGbkmh.jpg,Pleine,0.9,0.40660809778456836
-2-jpg_aug_png_jpg.rf.7fiGASrSiL8P8EifiAvT.jpg,Pleine,0.9,1.0
-2-jpg_aug_png_jpg.rf.jSdQTulQW9eR8tOtwyeJ.jpg,Pleine,0.9,1.0
-2-jpg_aug_png_jpg.rf.Nn6BKugbQ9n5iD3PtkSl.jpg,Pleine,0.9,0.42155797101449277
-2-jpg_aug_png_jpg.rf.WNN6BET5B9TjN9DbC2iC.jpg,Percée,0.75,0.009215340832091069
-2-jpg_aug_png_jpg.rf.WTHoluGB2Otkvefi8dWQ.jpg,Pleine,0.9,0.32967214663643235
-3-_jpg.rf.4QxhNaxxyBMyrFFmG5tX.jpg,Pleine,0.9,0.2935979476536377
-3-_jpg.rf.bfZSNmcsy0Nd4Lf82o9e.jpg,Pleine,0.9,0.2935979476536377
-3-_jpg.rf.COPv70mw4qgMmfWxdb03.jpg,Pleine,0.9,0.331776352481874
-3-_jpg.rf.H7JxFvjE1HzIoAFobvi5.jpg,Pleine,0.9,0.160543893129771
-3-_jpg.rf.pDPOkBJXKrmKRHWMxbNx.jpg,Pleine,0.9,0.160543893129771
-3-_jpg.rf.sqWmvJTPnYhEj1WbkbLt.jpg,Pleine,0.9,0.17440231828060854
-3-_jpg.rf.tEowrSEDfU0usnXZg30i.jpg,Percée,0.75,0.0475734620827437
-3-_jpg.rf.UljLTH5KLUSmPQQ3afpS.jpg,Percée,0.75,0.0475734620827437
-3-_jpg.rf.wzTg2AK38mjZisXwhzo2.jpg,Pleine,0.9,0.331776352481874
-3-_jpg.rf.xqJeKdbPoqKkn5RFYFUT.jpg,Pleine,0.9,0.1731118180747025
-3-jpg_cloud_affine_aug_png_jpg.rf.0ZDFUVs2oLB9vhNL71Fc.jpg,Semi-cerclée,0.8,0.07630673714237772
-3-jpg_cloud_affine_aug_png_jpg.rf.R1BoYhyOWyG1XQIUB4Cz.jpg,Percée,0.75,0.008031691781885971
-3-jpg_dropout_aug_png_jpg.rf.4YApOlURN8vfYoVIGAGr.jpg,Pleine,0.9,0.32089604644086045
-3-jpg_dropout_aug_png_jpg.rf.hNvo7PCM7oUdyW5rX2jd.jpg,Pleine,0.9,0.29222716107147034
-3-jpg_flip_aug_png_jpg.rf.sAYQyAKRzHU897W7EQ3L.jpg,Pleine,0.9,0.2856145251396648
-3-jpg_flip_aug_png_jpg.rf.YGNgAjr8jEgemMGTJLlk.jpg,Pleine,0.9,0.27941176470588236
-3-jpg_shear_aug_png_jpg.rf.8o8328J3JRV4L5XRSU4t.jpg,Pleine,0.9,0.3689993434518982
-3-jpg_shear_aug_png_jpg.rf.FSBTKVJombxETCTvfno0.jpg,Pleine,0.9,0.3890128777384434
-4-_jpg.rf.bJ3ZUhz7yW06IrBgtgoe.jpg,Percée,0.75,1.5262515262515263e-05
-4-_jpg.rf.fgt1LsPOlw8Tk1X4alsf.jpg,Percée,0.75,0.0
-4-_jpg.rf.i5BSsQvFNIYEf6bDiFzu.jpg,Pleine,0.9,0.2304811064787241
-4-_jpg.rf.INpkmxVcirDHKMJnUrJc.jpg,Percée,0.75,1.5262515262515263e-05
-4-_jpg.rf.rgFIkUcJj77yufMocNEF.jpg,Pleine,0.9,0.2304811064787241
-4-_jpg.rf.XhiEvhkLoko01zuw4uoO.jpg,Percée,0.75,0.0
-4-jpg_cloud_affine_aug_png_jpg.rf.aDMnEC0Bso6X6W2Qe4rD.jpg,Percée,0.75,0.03172775937939482
-4-jpg_cloud_affine_aug_png_jpg.rf.Vt58VBkkocvYj7a4wKbB.jpg,Semi-cerclée,0.8,0.07772893772893773
-4-jpg_dropout_aug_png_jpg.rf.kOgKHAIbpKb0hYxBre8G.jpg,Pleine,0.9,0.2327443584144001
-4-jpg_dropout_aug_png_jpg.rf.RcggMCzakaXIoYVzHUIk.jpg,Percée,0.75,0.005193452380952381
-4-jpg_flip_aug_png_jpg.rf.hupwk3IGPlNMkICsAQYf.jpg,Percée,0.75,0.0
-4-jpg_flip_aug_png_jpg.rf.LuqnAvJeKTJ8sQafjIcf.jpg,Pleine,0.9,0.23466592116298574
-4-jpg_shear_aug_png_jpg.rf.lpvFxFGZhPvonWLaXXsK.jpg,Percée,0.75,0.006253494599923487
-4-jpg_shear_aug_png_jpg.rf.MW8mP8wck5hB1aaKMpWd.jpg,Pleine,0.9,0.2515748204924893
-5-_jpg.rf.2Jd7KushEGArJ2kGl74F.jpg,Pleine,0.9,0.4613664395799472
-5-_jpg.rf.9VKHmN1y0cqNkOsNOm1u.jpg,Pleine,0.9,0.5548687423687424
-5-_jpg.rf.DILXtfVat6wq777xT9Kj.jpg,Pleine,0.9,0.4613664395799472
-5-_jpg.rf.eeHrWs88NfjYvwSCi8fk.jpg,Percée,0.75,0.04288116591928251
-5-_jpg.rf.HBt0DUzfZqdrVQjDkFsU.jpg,Pleine,0.9,0.5893569674647022
-5-_jpg.rf.J4YWW0ufOktexfuhfLXn.jpg,Pleine,0.9,0.3596936812129608
-5-_jpg.rf.n2yENNQDvI1OObyf7Csq.jpg,Pleine,0.9,0.5893569674647022
-5-_jpg.rf.NpXM5Bx2hvAXODAMxpRd.jpg,Percée,0.75,0.04288116591928251
-5-_jpg.rf.QFJStuvucbL5c0FiLATK.jpg,Pleine,0.9,0.35858585858585856
-5-_jpg.rf.UvN3MfMnZVHR8SBXtE2I.jpg,Semi-cerclée,0.8,0.06177011931962427
-5-_jpg.rf.v1TnETfi1Z6DmF5i7pcn.jpg,Pleine,0.9,0.3586209315375982
-5-_jpg.rf.v4N3SJwLWwVsgmlCZIon.jpg,Pleine,0.9,0.5548687423687424
-5-_jpg.rf.WSRaKm6WctnfvhJsw5tR.jpg,Semi-cerclée,0.8,0.06177011931962427
-5-_jpg.rf.XvdD1nvfdK53sOw3fPdE.jpg,Pleine,0.9,0.3596936812129608
-5-jpg_aug_png_jpg.rf.fUmlaKLZ6Biyzqzo7Unn.jpg,Pleine,0.9,0.21614610719669086
-5-jpg_aug_png_jpg.rf.LOrMdgkI1tfXbuaZU1Dn.jpg,Pleine,0.9,0.6822862582208377
-5-jpg_aug_png_jpg.rf.o7RdDsfdSW2hpKdpXl08.jpg,Pleine,0.9,1.0
-5-jpg_aug_png_jpg.rf.RQjgFG6LUXNDO3dBPBpW.jpg,Pleine,0.9,0.6185801108662259
-5-jpg_cloud_affine_aug_png_jpg.rf.FBjnMUzMQTOD0hpInfLl.jpg,Pleine,0.9,0.20118781783040288
-5-jpg_dropout_aug_png_jpg.rf.rgqa2vLTTcxkfe8BBkza.jpg,Pleine,0.9,0.512037256294893
-5-jpg_flip_aug_png_jpg.rf.nDaFkVFIgybELg7JRjEL.jpg,Pleine,0.9,0.49210875331564985
-5-jpg_shear_aug_png_jpg.rf.B08mVelmlGFNhM2uIebU.jpg,Pleine,0.9,0.44062066473146105
-6-_jpg.rf.1suHBx3e9pGvwLsQCWHz.jpg,Semi-cerclée,0.8,0.07630878438331855
-6-_jpg.rf.2ikgyl2Oq8HquUfcuuCW.jpg,Semi-cerclée,0.8,0.07630878438331855
-6-_jpg.rf.6UZuH6DSAOucmpuPo95w.jpg,Pleine,0.9,0.23494326230559326
-6-_jpg.rf.CsOPZsixgF2fwVTSvfr5.jpg,Pleine,0.9,0.37532358075973754
-6-_jpg.rf.ioluVTPs2NtUQgh9Ocrz.jpg,Pleine,0.9,0.23494326230559326
-6-_jpg.rf.Ok4fI3PHyQCZyhg9NTS0.jpg,Pleine,0.9,0.375293480223948
-6-jpg_aug_png_jpg.rf.5KV8V9ND4QKfVJIHw2WD.jpg,Pleine,0.9,0.9735438701027856
-6-jpg_aug_png_jpg.rf.S8BuDr1n1v4bnPTFCsBC.jpg,Pleine,0.9,0.9985942884438227
-7-_jpg.rf.aImbwBqoqnimTnoqfHtw.jpg,Percée,0.75,8.958566629339306e-05
-7-_jpg.rf.omOZZsy7SrsGxktDze7e.jpg,Pleine,0.9,0.48544973544973546
-7-_jpg.rf.pXxgZ6K4tWGcD4V6hg58.jpg,Percée,0.75,8.99685110211426e-05
-7-_jpg.rf.sp9H5TOWY26nOdNKNZQr.jpg,Pleine,0.9,0.48544973544973546
-7-_jpg.rf.u5FHwJsR5pzUlvdK8pes.jpg,Pleine,0.9,0.12748088797412527
-7-_jpg.rf.Y25gk4upc2y2wwSvnYAm.jpg,Pleine,0.9,0.12744413407821228
-7-jpg_aug_png_jpg.rf.0P90cwoy2iwAnGJyECp6.jpg,Pleine,0.9,0.7401358959425355
-7-jpg_aug_png_jpg.rf.ojoG9PZlcow6IMxcpNsS.jpg,Pleine,0.9,0.2567707297673494
-7-jpg_aug_png_jpg.rf.WWDN8mJPcxPX3jE0qAQv.jpg,Pleine,0.9,1.0
-8-_jpg.rf.B16dDh96zQWJrri630Lj.jpg,Pleine,0.9,0.8514097227676117
-8-_jpg.rf.gb5nHWdpC7CwgZ6Pl9e2.jpg,Percée,0.75,0.000794912559618442
-8-_jpg.rf.JynPEjzbiCA0rIXob97m.jpg,Pleine,0.9,0.1886469046178665
-8-_jpg.rf.kyiPr7emVuGIYABTjpb1.jpg,Semi-cerclée,0.8,0.08089620303360762
-8-_jpg.rf.NdNUfIsIjegfQmMbS1lL.jpg,Pleine,0.9,0.1886469046178665
-8-_jpg.rf.ODEj1S1q3OONs0r5Dfnv.jpg,Pleine,0.9,0.413435688141742
-8-_jpg.rf.R268O23AddEx4aB3zeEp.jpg,Pleine,0.9,0.413435688141742
-8-_jpg.rf.rAcQbkRhrh0bcAC2W6UQ.jpg,Percée,0.75,0.000794912559618442
-8-_jpg.rf.RrBd0TIMVEveTl65yoNB.jpg,Pleine,0.9,0.361287580001417
-8-_jpg.rf.ulr2IwFD3IKRxM6SEcx4.jpg,Pleine,0.9,0.8514097227676117
-8-_jpg.rf.vz2SzfOjRJ0ayZqz5OqO.jpg,Percée,0.75,0.03971858580461306
-8-_jpg.rf.vZPH99jLSKdTMwZ191hV.jpg,Pleine,0.9,0.36124034669248756
-8-_jpg.rf.xVPzzZ2rdu9JfXS1apto.jpg,Percée,0.75,0.03971858580461306
-8-_jpg.rf.YWxMmMMAE1WfWsJluBYG.jpg,Semi-cerclée,0.8,0.08089620303360762
-8-jpg_aug_png_jpg.rf.0gAn1L7CFeUcWl94ttNP.jpg,Pleine,0.9,0.4188971559248881
-8-jpg_aug_png_jpg.rf.3UrgAhv7XtU8tJvPiLsI.jpg,Pleine,0.9,0.35871978729121584
-8-jpg_aug_png_jpg.rf.ahtPLRqn3qQ5w8fhOgvC.jpg,Pleine,0.9,0.9581199237806938
-8-jpg_aug_png_jpg.rf.LrQNkUFyY9ZIwUY3z8Q7.jpg,Pleine,0.9,0.21203342904019687
-8-jpg_aug_png_jpg.rf.QqPcE3PeYkX0UDftopXz.jpg,Percée,0.75,0.0068564051977153435
-9-_jpg.rf.0eaRp2oa302xvAEc3yTc.jpg,Pleine,0.9,0.3165534102065567
-9-_jpg.rf.24fJ3kk29LB9DxaiLV7Z.jpg,Pleine,0.9,0.22882904119276326
-9-_jpg.rf.5fyK0OpW8E0hyrpE1TmY.jpg,Semi-cerclée,0.8,0.05104510451045104
-9-_jpg.rf.6zgGKTseR2mHTdLlmV1K.jpg,Pleine,0.9,0.21761177753544167
-9-_jpg.rf.DPWa3avOH6YgJEslYhKq.jpg,Pleine,0.9,0.41231822070145424
-9-_jpg.rf.hITz9frMGumk7OqBNdkn.jpg,Pleine,0.9,0.20452081651481951
-9-_jpg.rf.i8SvEcJsi78A8w8M5bgp.jpg,Pleine,0.9,0.23559018201875345
-9-_jpg.rf.iUpNnEf7TySCvytQoRxF.jpg,Pleine,0.9,0.4569145416603044
-9-_jpg.rf.nCDBAe2ChAjtnvKLrSlU.jpg,Pleine,0.9,0.21762995274445657
-9-_jpg.rf.OkMkszc5NejW8FUpufXa.jpg,Semi-cerclée,0.8,0.05104510451045104
-9-_jpg.rf.RDb1q0aSIysOp4rsrvSs.jpg,Pleine,0.9,0.41231822070145424
-9-_jpg.rf.rITyI9xGbDlhxXFL0Bw9.jpg,Pleine,0.9,0.23565912851627138
-9-_jpg.rf.SnTaonId1kR2CKh3bzzd.jpg,Pleine,0.9,0.22313341493268055
-9-_jpg.rf.tmVSOrb9OQkEQApvBuCC.jpg,Pleine,0.9,0.20454388190520126
-9-_jpg.rf.ujTpOcZUvaSIz1sVl7Uc.jpg,Pleine,0.9,0.22882904119276326
-9-_jpg.rf.uMTdeURiKYyRsqYhjUvT.jpg,Pleine,0.9,0.4569145416603044
-9-_jpg.rf.vSZgm82sS0enjUstAaSO.jpg,Pleine,0.9,0.3165149094269159
-9-_jpg.rf.yea7dvF1liGjVxZBTwKh.jpg,Pleine,0.9,0.22208693534640206
-9-jpg_aug_png_jpg.rf.PHQWjx4MKZ4HXcZxnj27.jpg,Pleine,0.9,0.31887665967854645
-9-jpg_aug_png_jpg.rf.qacUrxS9huSH126Mjecw.jpg,Pleine,0.9,0.2768215720022949
-9-jpg_aug_png_jpg.rf.S1ilH77DWt2iH7sOODpf.jpg,Pleine,0.9,1.0
-9-jpg_aug_png_jpg.rf.tvXVxDKYP8nP1Eho8ItI.jpg,Pleine,0.9,1.0
-Anti-Blue-Light-Computer-Glasses-Support-Prescription-Clear-Lens-Eyeglasses_jpg.rf.iYrm1UaeZwMBSa85M5gS.jpg,Semi-cerclée,0.8,0.0947707841981132
-Anti-Blue-Light-Computer-Glasses-Support-Prescription-Clear-Lens-Eyeglasses_jpg.rf.u2b4rbWnIyrDvW4AF6fI.jpg,Semi-cerclée,0.8,0.0947707841981132
-in-her-hand-against-the-background-of-blurry-palms-travel-concept-748657975_jpg.rf.ckerC5H7jgitSrl5mJGp.jpg,Pleine,0.9,0.13007468658308882
-in-her-hand-against-the-background-of-blurry-palms-travel-concept-748657975_jpg.rf.m2IOnqKh1uAQTCJmkgr4.jpg,Pleine,0.9,0.13059581320450886
01_124623c5-669a-473b-8647-756219f53661_1024x1024_jpg.rf.M7Qlg7a1D6tf7v1pMb1R.jpg,Semi-cerclée,0.8,0.11835635149491577
01_124623c5-669a-473b-8647-756219f53661_1024x1024_jpg.rf.pC2LuFDaWVfXdy4T1Q2Z.jpg,Semi-cerclée,0.8,0.11840188192441949
1-istock-617894388-man-glasses_jpg.rf.SqN5itowHij6gDB3SU5n.jpg,Pleine,0.9,0.21230916030534353
1-istock-617894388-man-glasses_jpg.rf.X21LGrw3ThQvKQTI0Kfd.jpg,Pleine,0.9,0.21211270767849125
1-jpg_aug_png_jpg.rf.dLuvDRi6iT5HatF4zD7i.jpg,Pleine,0.9,1.0
1-jpg_aug_png_jpg.rf.LQl0YXAfDdkHww9mSDW2.jpg,Pleine,0.9,0.4989717374698866
1-jpg_aug_png_jpg.rf.yHdEYeSmNW2KR2b3IzAw.jpg,Percée,0.75,0.019601559579127275
10-elderreadingglasses-1151007846-770x533-1-650x428-jpg_aug_png_jpg.rf.CQZpX6WoOIqro6qwFMYN.jpg,Semi-cerclée,0.8,0.10879144385026739
10-elderreadingglasses-1151007846-770x533-1-650x428-jpg_aug_png_jpg.rf.EdnuTNi7xOPC6etP6WiC.jpg,Pleine,0.9,0.502811079612942
10-elderreadingglasses-1151007846-770x533-1-650x428-jpg_aug_png_jpg.rf.VluO2JxbQXQ4FvTqesYv.jpg,Semi-cerclée,0.8,0.11348396358130297
10-elderreadingglasses-1151007846-770x533-1-650x428_jpg.rf.G9O5owXd9rTGaorR4IvN.jpg,Pleine,0.9,0.140759766615931
10-elderreadingglasses-1151007846-770x533-1-650x428_jpg.rf.GjwPcrDsrPpqFJGsi99L.jpg,Pleine,0.9,0.16703167115902964
10-elderreadingglasses-1151007846-770x533-1-650x428_jpg.rf.JdoOh0NOXf15kztCjYMW.jpg,Pleine,0.9,0.140759766615931
10-elderreadingglasses-1151007846-770x533-1-650x428_jpg.rf.OUVFQ2u1vKv63PIei5rf.jpg,Pleine,0.9,0.3421871757626064
10-elderreadingglasses-1151007846-770x533-1-650x428_jpg.rf.Uh8s45BGeMwirxXGJV4y.jpg,Pleine,0.9,0.3422390537455904
10-elderreadingglasses-1151007846-770x533-1-650x428_jpg.rf.vmQmu16MphV9u5bTGFOw.jpg,Pleine,0.9,0.16700359389038635
101-jpg_aug_png_jpg.rf.loeO3VCrpIG1ApgFVcDk.jpg,Pleine,0.9,0.1574742461839236
101-jpg_aug_png_jpg.rf.WfcgUBy1m3dKKIbEsQ8c.jpg,Pleine,0.9,0.36253552053732885
101-jpg_aug_png_jpg.rf.Yq1ALVGB15FPaT3kXMuu.jpg,Pleine,0.9,0.3251490315145346
101_jpg.rf.PZ2EJcIBCUt4Z3dH43gU.jpg,Pleine,0.9,0.18149028933808958
101_jpg.rf.QOTPAZDJ4hpEjrdJMao6.jpg,Pleine,0.9,0.18147707755317743
101_jpg.rf.RpRy1bncIqAAkJZpSAA9.jpg,Pleine,0.9,0.14388153835607048
101_jpg.rf.s67mAtDEhN1EcuTKcHmz.jpg,Pleine,0.9,0.3236315440689198
101_jpg.rf.sjUZFDC3gIqinuQvLGFq.jpg,Pleine,0.9,0.3234724983432737
101_jpg.rf.WIsc52fnzTDyfgSYWSI0.jpg,Pleine,0.9,0.14389524919448823
102-jpg_aug_png_jpg.rf.5fyTvD67xhDObpBdkZx8.jpg,Pleine,0.9,0.9604338842975206
102-jpg_aug_png_jpg.rf.8CD6DAjS3FxeiNAiYUI8.jpg,Pleine,0.9,0.4045757918552036
102_jpg.rf.0b9TU4fcl0GqWL05heB5.jpg,Pleine,0.9,0.30888260675494716
102_jpg.rf.5gilCNlu1dpoY1E9M14u.jpg,Pleine,0.9,0.30892511743575574
102_jpg.rf.Bel0lVBAcG5IFmDikTBG.jpg,Pleine,0.9,0.1619121832226589
102_jpg.rf.fMEseLBExj5Yz2COeByl.jpg,Semi-cerclée,0.8,0.0791656229996382
102_jpg.rf.hyq8QpVxGyfGOEMUFCgw.jpg,Semi-cerclée,0.8,0.07880666942262643
102_jpg.rf.XOEQBPiniyikIlAZ210E.jpg,Pleine,0.9,0.16222505307855625
105-jpg_aug_png_jpg.rf.g64NZDOjcJOIsJ7yk1lo.jpg,Semi-cerclée,0.8,0.1078107810781078
105-jpg_aug_png_jpg.rf.osW55g3xxvCdDXcMIWep.jpg,Pleine,0.9,0.2648015614834092
105-jpg_aug_png_jpg.rf.uQOUvl4DvW0bfPfvhqrF.jpg,Pleine,0.9,0.23927514792899407
105_jpg.rf.LgpW0a8DCkGCdWAau73h.jpg,Pleine,0.9,0.14120926655772373
105_jpg.rf.qGkHQPsdbEiju3Iwvs9X.jpg,Pleine,0.9,0.14116120349899067
105_jpg.rf.sDLl9iaaC419BhhVtAwG.jpg,Semi-cerclée,0.8,0.10755336617405582
105_jpg.rf.WQifIIr2N9SpI1C2C5f9.jpg,Semi-cerclée,0.8,0.10755336617405582
109-jpg_cloud_affine_aug_png_jpg.rf.eaqPr0UBvEqVSlopHeRF.jpg,Percée,0.75,0.03189655172413793
109-jpg_dropout_aug_png_jpg.rf.1xB4BjF4E4MszlHI6htb.jpg,Pleine,0.9,0.22483865341008197
109-jpg_flip_aug_png_jpg.rf.aoHbfMGg7cpjU5qb805v.jpg,Pleine,0.9,0.13611859838274934
109-jpg_shear_aug_png_jpg.rf.uF33umj1cW7tLe9VvVYe.jpg,Pleine,0.9,0.16313836752509822
109_jpg.rf.5rFgevwIDxs4Xu7I2zDc.jpg,Pleine,0.9,0.14227365554799182
109_jpg.rf.XoemSvn03vMLf8Lyn9cv.jpg,Pleine,0.9,0.14227365554799182
10_jpg.rf.A8a3L72x59OO0bAuRUc6.jpg,Pleine,0.9,0.500859993120055
10_jpg.rf.Gl0x1Z8EU3qvhKAafgwr.jpg,Pleine,0.9,0.5101814142910033
10_jpg.rf.HNDmvmE4OSRSkcrt6p50.jpg,Pleine,0.9,0.20016555849288364
10_jpg.rf.Ui5WqTBaoZU3o5TvEN2D.jpg,Pleine,0.9,0.20232184579439252
10_jpg.rf.Xn3PaDwYwbFupn5pUnie.jpg,Pleine,0.9,0.21539206833595875
10_jpg.rf.ZJLwEy9XjVOSymPei2rP.jpg,Pleine,0.9,0.20145975056689341
11-75181065-cms-jpg_aug_png_jpg.rf.aQYd2BPDi1RzD36s1gKB.jpg,Pleine,0.9,0.3627215189873418
11-75181065-cms-jpg_aug_png_jpg.rf.CkE42YsIj7Y4ANTfURRt.jpg,Pleine,0.9,0.644452851943934
11-75181065-cms-jpg_aug_png_jpg.rf.LmR2SE9B5VQjjrsMd32I.jpg,Semi-cerclée,0.8,0.09081822076253035
11-75181065-cms_jpg.rf.8CN141spyFyhkutYn7CX.jpg,Pleine,0.9,0.40968037307553073
11-75181065-cms_jpg.rf.8DRB2hYtLEptno0BWea3.jpg,Pleine,0.9,0.4058502075743455
11-75181065-cms_jpg.rf.fCVuCY4L5vfY3FyB8tho.jpg,Pleine,0.9,0.27552146008824707
11-75181065-cms_jpg.rf.MuEgr4LYWlGvoJoILBwr.jpg,Pleine,0.9,0.4058290265186817
11-75181065-cms_jpg.rf.O7thGjVlVOnJVAO8mj3m.jpg,Pleine,0.9,0.2755465302847974
11-75181065-cms_jpg.rf.wYvDZUfXu3WpGZbSjNqg.jpg,Pleine,0.9,0.40970166734098507
11-jpg_aug_png_jpg.rf.g5JNR7yKeGNThRpSfw3g.jpg,Pleine,0.9,1.0
11-jpg_aug_png_jpg.rf.LQ6fUt0ewvWoN8BTRx8B.jpg,Pleine,0.9,0.6759915403208087
11-jpg_aug_png_jpg.rf.RrqV80wVWu5eGcHaBjM8.jpg,Pleine,0.9,0.9992505204718946
110-jpg_aug_png_jpg.rf.5X2yyA9k6EMtKrciR4DI.jpg,Pleine,0.9,0.2478368591576139
110_jpg.rf.38k0LN9aVr9PxcH3thYi.jpg,Semi-cerclée,0.8,0.08275537792406254
110_jpg.rf.ZUs6HwuBPCFtZyfvUzA1.jpg,Semi-cerclée,0.8,0.08275537792406254
111-jpg_aug_png_jpg.rf.jHuKgNQnyYUp9tp3y3Ng.jpg,Pleine,0.9,0.17563718988721302
111-jpg_aug_png_jpg.rf.PwCVmPu1gV2o81krANqd.jpg,Pleine,0.9,1.0
111_jpg.rf.2qaUE493utbnASVpIF6S.jpg,Percée,0.75,0.009493144993768176
111_jpg.rf.BvEP7wVdRlal1MP8azsO.jpg,Pleine,0.9,0.5159597822269055
111_jpg.rf.CGsbWEAQMvtUhnyD6Al8.jpg,Pleine,0.9,0.2776878820568141
111_jpg.rf.HE9J29c91gJtFEKhdJ5h.jpg,Pleine,0.9,0.5150115978817453
111_jpg.rf.u161rgnxZHVOZ0LqRkw1.jpg,Percée,0.75,0.009493144993768176
111_jpg.rf.yHKIzQPQZTEse4aQbW2n.jpg,Pleine,0.9,0.2776654081265732
112_jpg.rf.JojWhNQVDqbE4zYAS0In.jpg,Pleine,0.9,0.5940111420612814
112_jpg.rf.R3lxcwmspSbXwVMoT53g.jpg,Pleine,0.9,0.5939496968703916
112_jpg.rf.sVq8DK6bQh6teJUhbPR5.jpg,Pleine,0.9,0.6205791505791506
112_jpg.rf.yijJxahOjQLdtd93cxtk.jpg,Pleine,0.9,0.6223517978620019
113-jpg_aug_png_jpg.rf.hF8BbJbv5lxRhcTZEQaA.jpg,Pleine,0.9,0.7875130072840791
113-jpg_aug_png_jpg.rf.ja8AfJUYDkyCJCoobIen.jpg,Pleine,0.9,1.0
113-jpg_aug_png_jpg.rf.TjU4KWmaymwco9oBA5m7.jpg,Pleine,0.9,1.0
113_jpg.rf.5ag19bMeUjn419FCpeER.jpg,Pleine,0.9,0.30322259136212626
113_jpg.rf.9pSfYBKDbZAyj9KhvtAh.jpg,Pleine,0.9,0.2200537091835862
113_jpg.rf.D0A9XI2o55Ev4Cg1mNNW.jpg,Pleine,0.9,0.34353946328427865
113_jpg.rf.d5LMTYRzJ5ArcymBa4tL.jpg,Pleine,0.9,0.34374647145169185
113_jpg.rf.EXzjMFHzQPu9fNNKSBm8.jpg,Pleine,0.9,0.22923008455718735
113_jpg.rf.QQ8frZoj11pjuK3qmfnd.jpg,Pleine,0.9,0.30318936877076413
114-jpg_aug_png_jpg.rf.a581XJaDfQkVLSJA6tBg.jpg,Percée,0.75,0.001117091499949223
114-jpg_aug_png_jpg.rf.oQWqHgNx9aEgvcVxR4gH.jpg,Pleine,0.9,1.0
114-jpg_aug_png_jpg.rf.pM11J8Ib4PsvgepX27bw.jpg,Pleine,0.9,1.0
114_jpg.rf.1DpTNmRroy0w5wQYM9dS.jpg,Pleine,0.9,0.14001701644923426
114_jpg.rf.aStU5ifpsO0OC6c67Gb9.jpg,Percée,0.75,0.008747749774977498
114_jpg.rf.gP9hiqqubjAfSikxZ1Es.jpg,Pleine,0.9,0.14018718094157687
114_jpg.rf.lbQbH0h2ekNvZ0B7gptc.jpg,Pleine,0.9,0.1775803501437157
114_jpg.rf.lsdjJd05PbS2saGW2zlE.jpg,Pleine,0.9,0.17760648027175333
114_jpg.rf.YKvUva0CYbjhZaMESiAA.jpg,Percée,0.75,0.008719621962196219
115-jpg_aug_png_jpg.rf.VWt8xWclEsRgYvRoRETG.jpg,Pleine,0.9,1.0
115_jpg.rf.3A3CIYgOsIiKPdMjih8R.jpg,Pleine,0.9,0.4019399415360085
115_jpg.rf.EVt9IyCmBsGYGRtp1ESS.jpg,Pleine,0.9,0.6264815393798141
115_jpg.rf.py7N4nRsarKgGvERb7ag.jpg,Pleine,0.9,0.6249725110741101
115_jpg.rf.rowKtMFnCV38155BX5Kk.jpg,Pleine,0.9,0.6258214207854496
115_jpg.rf.v75YJiE0e1Fxhj0gupnO.jpg,Pleine,0.9,0.6252140899748801
115_jpg.rf.YXWGkLUlIDAPiarIWt9d.jpg,Pleine,0.9,0.40189011427052884
116-jpg_cloud_affine_aug_png_jpg.rf.QeCYVxWYwCdwBT9wR0LS.jpg,Percée,0.75,0.009029690847872666
116-jpg_dropout_aug_png_jpg.rf.VjO2yPzPhiPNMvgEVm2Q.jpg,Pleine,0.9,0.29926880222841223
116-jpg_flip_aug_png_jpg.rf.ab1ZCOYBIyKO4unzgy8g.jpg,Pleine,0.9,0.33879781420765026
116-jpg_shear_aug_png_jpg.rf.qaCBGGzKWpeXU5ZL2e2V.jpg,Pleine,0.9,0.28747366715281153
116_jpg.rf.c8u2KQKxHAiIOo5h0rgN.jpg,Pleine,0.9,0.2941712204007286
116_jpg.rf.NEonecJUAJJU17PpbRto.jpg,Pleine,0.9,0.2941712204007286
117-jpg_aug_png_jpg.rf.fky4HElPqJM775PNBDGt.jpg,Pleine,0.9,0.4363956881180094
117-jpg_aug_png_jpg.rf.kvV3v3yLMbsKidfoA6ss.jpg,Pleine,0.9,1.0
117_jpg.rf.At6hywDb7a6VdUg33g6A.jpg,Semi-cerclée,0.8,0.10802207130730052
117_jpg.rf.EcBUWBk2xE6r2kNJJuNN.jpg,Pleine,0.9,0.408691710578503
117_jpg.rf.QOLionFEw8kUCPmgZN19.jpg,Pleine,0.9,0.6484403478623132
117_jpg.rf.QoY2BUpyejoUohoBOO3V.jpg,Semi-cerclée,0.8,0.10797962648556876
117_jpg.rf.qY6p7buW6afHwH5pPjcV.jpg,Pleine,0.9,0.408748371012522
117_jpg.rf.ThCyKJ29dWI2dwxOs94h.jpg,Pleine,0.9,0.6486486486486487
118_jpg.rf.jCrDuEHzekpfFks340Oy.jpg,Pleine,0.9,0.21116724964373623
118_jpg.rf.qLvB2h9syCAOJyna2EW2.jpg,Pleine,0.9,0.21116724964373623
119-jpg_aug_png_jpg.rf.9jtUyl0oZgxBjwYw92A9.jpg,Pleine,0.9,0.2964478457046802
119_jpg.rf.3GJ4zHN76ZCGBabyFLz1.jpg,Pleine,0.9,0.4498048780487805
119_jpg.rf.gtDNW8nwHgfYc1K1sQzy.jpg,Pleine,0.9,0.25315832649712877
119_jpg.rf.LZVKkx4SPPxLVUduKOOg.jpg,Pleine,0.9,0.2535554652580252
119_jpg.rf.UgCrUpnlNTeJH7SDXB4y.jpg,Pleine,0.9,0.4494146341463415
11_jpg.rf.7esOmW4UQuXxIg8tt8rk.jpg,Pleine,0.9,0.19033363912896528
11_jpg.rf.DG2Mvcd57MgnSgihHJFB.jpg,Pleine,0.9,0.20317460317460317
11_jpg.rf.Efs0jW5eT7WmLHWYmERP.jpg,Pleine,0.9,0.1946729338033686
11_jpg.rf.gUyausGoXWc2B9JXj57T.jpg,Pleine,0.9,0.32051282051282054
11_jpg.rf.I4rnvJmWk8sSwVGB1jTL.jpg,Pleine,0.9,0.24410456062291436
11_jpg.rf.mdu4988IJDlnP4Cjy3uv.jpg,Pleine,0.9,0.29643542199488493
11_jpg.rf.mqIdqLm3L3dKYWVx5V8J.jpg,Pleine,0.9,0.5565147881694644
11_jpg.rf.NEFlu9sEFRnVkqkAPYeM.jpg,Pleine,0.9,0.16821266968325793
11_jpg.rf.oPuvnNBu3iXlRtLU5Wvp.jpg,Pleine,0.9,0.3016445096685083
11_jpg.rf.paYEWHDlDT7Ke2FedT5h.jpg,Pleine,0.9,0.5561602378613714
11_jpg.rf.stazVKWQAKdC48v4q3KX.jpg,Pleine,0.9,0.16821266968325793
11_jpg.rf.XsCDxWBwlyOwP3fjY5W5.jpg,Pleine,0.9,0.47997445721583654
11_jpg.rf.XUv9VfeQ5KoUwZEomtrZ.jpg,Pleine,0.9,0.48007662835249043
11_jpg.rf.z3cHH9ndSnnyHNkWpjtS.jpg,Pleine,0.9,0.4283563071933279
12-jpg_cloud_affine_aug_png_jpg.rf.ueARznYGCGkuHeowQWTu.jpg,Percée,0.75,0.0
12-jpg_dropout_aug_png_jpg.rf.yqgdZ8ZuR8blFNWyxpBK.jpg,Pleine,0.9,0.24415709031093646
12-jpg_flip_aug_png_jpg.rf.y2B89cROC2NsgDax6EBd.jpg,Pleine,0.9,0.16094862939779842
12-jpg_shear_aug_png_jpg.rf.h3ShjeTMvTFOWovxIECG.jpg,Pleine,0.9,0.26074463254848546
12-reframd_ackeem-jpg_aug_png_jpg.rf.mgeyWiAkfdaMnIxON11o.jpg,Pleine,0.9,0.2575739503816794
12-reframd_ackeem-jpg_aug_png_jpg.rf.XC8S6BTF5DIThK1M8QXy.jpg,Pleine,0.9,0.8265606595995288
12-reframd_ackeem_jpg.rf.2SJMeOBKG9GZy93OtIUk.jpg,Pleine,0.9,0.3766163793103448
12-reframd_ackeem_jpg.rf.5rG6BdQC0Ilf5SSJTQpW.jpg,Pleine,0.9,0.14277597402597403
12-reframd_ackeem_jpg.rf.bU4RAxkYi2LYCsO1yDHl.jpg,Pleine,0.9,0.762601672585634
12-reframd_ackeem_jpg.rf.crFbdAbv5MkcGs0yAWCa.jpg,Pleine,0.9,0.37736460923143444
12-reframd_ackeem_jpg.rf.hveHMoCcOMEi6xzUPrKs.jpg,Pleine,0.9,0.7581370205986115
12-reframd_ackeem_jpg.rf.i41bcbVLhgBMdYA539gF.jpg,Pleine,0.9,0.1424217907227616
121-jpg_cloud_affine_aug_png_jpg.rf.9ZhSODOcKRRqSy1xLXIU.jpg,Semi-cerclée,0.8,0.05480029938082602
121-jpg_dropout_aug_png_jpg.rf.YGS3DPWLbAesqUuKl0zp.jpg,Pleine,0.9,0.27598537825810554
121-jpg_flip_aug_png_jpg.rf.hxMlY6SMv4ASNrYoXCqx.jpg,Pleine,0.9,0.2289335958131272
121-jpg_shear_aug_png_jpg.rf.KGcmQQuA6czFWUueRdIM.jpg,Pleine,0.9,0.2343082662053306
121_jpg.rf.uA8fYGUvhGUClw8UlR3u.jpg,Pleine,0.9,0.2514931396287329
121_jpg.rf.X0c3Z9My4CY5zSGCt0ZX.jpg,Pleine,0.9,0.2514931396287329
122c5518402c3bd4-jpg_aug_png_jpg.rf.OnS2OWTJ6R6bN9LGHYhf.jpg,Pleine,0.9,0.33191883992805754
122c5518402c3bd4_jpg.rf.7fdTxzHabJ1snBK8WJra.jpg,Pleine,0.9,0.24879919574040288
122c5518402c3bd4_jpg.rf.LWlJwL0qBZVnlWmXZFHT.jpg,Pleine,0.9,0.24879919574040288
125-jpg_cloud_affine_aug_png_jpg.rf.ofqgHrcawsoMVfy2ZLgV.jpg,Percée,0.75,0.0
125-jpg_dropout_aug_png_jpg.rf.LakkqL58uNDVZAzFttNR.jpg,Pleine,0.9,0.42853246044735405
125-jpg_flip_aug_png_jpg.rf.yLDgAkVEKKU2YyP6vssw.jpg,Pleine,0.9,0.43142857142857144
125-jpg_shear_aug_png_jpg.rf.8fhIsIORqgBATfbl4DH5.jpg,Pleine,0.9,0.4225017470300489
125_jpg.rf.EpMQuW7Rz5oPsYh34Aae.jpg,Pleine,0.9,0.42877862595419847
125_jpg.rf.tKvOLgdsucQUpu65hNWV.jpg,Pleine,0.9,0.42854961832061067
126-jpg_aug_png_jpg.rf.bhYcF25ywnFPhfqb4aMk.jpg,Pleine,0.9,1.0
126-jpg_aug_png_jpg.rf.jf09wkAxHjOxHG6d0kET.jpg,Pleine,0.9,0.5026180169037312
126-jpg_aug_png_jpg.rf.NqICXOB5F2ZsCJnjP1a6.jpg,Pleine,0.9,0.28425071951857667
126_jpg.rf.2e3cNUSg8D6FERzONJYY.jpg,Pleine,0.9,0.5811075293575869
126_jpg.rf.5SzpgjsugzDceJrzBopQ.jpg,Pleine,0.9,0.35987034548185626
126_jpg.rf.fa5uWUr3YRWKEopyJtDn.jpg,Pleine,0.9,0.5812034691841277
126_jpg.rf.ShXkKaj40pgqNvgTTBVC.jpg,Pleine,0.9,0.35974385326903313
126_jpg.rf.SSa2udfOSf54zsYzvlon.jpg,Pleine,0.9,0.4058676207513417
126_jpg.rf.ZvmVqcjHLCeyX5nvdSZi.jpg,Pleine,0.9,0.4059033989266547
127_jpg.rf.2LrbuaI7UwmHJ2IYaPKt.jpg,Pleine,0.9,0.9546254841792847
127_jpg.rf.304mBByHfJNzeIWCGpZc.jpg,Pleine,0.9,0.9545420335666441
127_jpg.rf.QkejgxcEKkMTQ638NzSF.jpg,Pleine,0.9,0.9506781313713323
127_jpg.rf.zKWQXxJuUZvfQs1kwhYI.jpg,Pleine,0.9,0.9507313181455544
128-jpg_aug_png_jpg.rf.7VE14xnH1zuK9SfeCioI.jpg,Pleine,0.9,0.7309147853321154
128-jpg_aug_png_jpg.rf.UBjCI0LRlDH1MNfF2qhn.jpg,Pleine,0.9,1.0
128_jpg.rf.9mXU05sblTLsTkTRupwm.jpg,Semi-cerclée,0.8,0.09691714836223507
128_jpg.rf.b7vikBnOips0LK40LgEx.jpg,Pleine,0.9,0.33876940606751177
128_jpg.rf.bYCnL4mG9itXa6LsXs8X.jpg,Semi-cerclée,0.8,0.0969412331406551
128_jpg.rf.L7LilLKpB8CxKBY7QqRj.jpg,Pleine,0.9,0.20910620112747771
128_jpg.rf.OjFI5lc25QDmdCfYZaSh.jpg,Pleine,0.9,0.3379520347464829
128_jpg.rf.Wj3FEDHciqOE5LDIcy43.jpg,Pleine,0.9,0.20903800691034732
129-jpg_aug_png_jpg.rf.hJR7o2vDJU1uSSSMIIOa.jpg,Pleine,0.9,0.9872400912366533
129-jpg_aug_png_jpg.rf.MtEFsmO2cLp9fhaUj8B7.jpg,Percée,0.75,0.0002416301984052407
129-jpg_aug_png_jpg.rf.OT5XDKIujT2hR8rIimK2.jpg,Percée,0.75,0.015807894675845445
129_jpg.rf.5B1M3yoDnFhEpWmbtehc.jpg,Percée,0.75,0.03446153846153846
129_jpg.rf.5CTrZyauH2PvWkOjtTA3.jpg,Semi-cerclée,0.8,0.0745400902464422
129_jpg.rf.dAxhph3W6JrtseUiAMwy.jpg,Percée,0.75,0.03446153846153846
129_jpg.rf.YC9QsU0TCTPc4Zp5aptm.jpg,Semi-cerclée,0.8,0.07436729396495782
129_jpg.rf.yZHqIaICPYXMBRHCVIdy.jpg,Pleine,0.9,0.5245113180073248
129_jpg.rf.ZIgCkBM0Qh1F7IN7VMAj.jpg,Pleine,0.9,0.5245554427922164
12_jpg.rf.7Yb4Ynh62c3KDYk2i0ou.jpg,Percée,0.75,0.013009868421052631
12_jpg.rf.eHrADo80XxLT9wLn33PV.jpg,Pleine,0.9,0.12280633183505961
12_jpg.rf.em8QUpccuzMlbzdFx2Ae.jpg,Semi-cerclée,0.8,0.10828025477707007
12_jpg.rf.rl4kPxt2o2Z3DeZNPMJu.jpg,Pleine,0.9,0.23397158876847726
12_jpg.rf.Tudo8Fu3H0ngQkSTn9HL.jpg,Percée,0.75,0.018856143856143856
12_jpg.rf.WNCdDsd12tkE2ItixSUq.jpg,Pleine,0.9,0.23397158876847726
12_jpg.rf.wyITeMyYHCHnTYQ6rcus.jpg,Semi-cerclée,0.8,0.10316349384098544
13-jpg_aug_png_jpg.rf.6BdBVKf6tPd6BBrSae1p.jpg,Pleine,0.9,1.0
13-jpg_aug_png_jpg.rf.mozxkWGNgnOo8zt8DsMZ.jpg,Pleine,0.9,1.0
13-jpg_aug_png_jpg.rf.tuUT8CTLOlEIiQFf8Ty6.jpg,Semi-cerclée,0.8,0.11149874686716792
130-jpg_aug_png_jpg.rf.HtJBCpvr7nMd8ChS856d.jpg,Semi-cerclée,0.8,0.10642412323828253
130-jpg_aug_png_jpg.rf.JYI5QMzmpQekKIMt58Is.jpg,Pleine,0.9,1.0
130-jpg_aug_png_jpg.rf.zJOlAK7BcjiXvVxMmHMd.jpg,Pleine,0.9,0.2839352952312838
130_jpg.rf.35hjzqG9FIz0tWyGwblw.jpg,Pleine,0.9,0.29634233338377397
130_jpg.rf.5JnKr4nEg6wEjJNTwWh2.jpg,Pleine,0.9,0.35728209412419937
130_jpg.rf.kyJJPg5EhmVn7rJY3dOe.jpg,Pleine,0.9,0.2619255911156472
130_jpg.rf.U4tPsF9EIwu9zhBKlDEI.jpg,Pleine,0.9,0.2619255911156472
130_jpg.rf.xTMdLZbtO3i7CFPZdD2c.jpg,Pleine,0.9,0.29634233338377397
130_jpg.rf.zT7vHXeP1dzIouTPrgab.jpg,Pleine,0.9,0.35725888796064237
131_jpg.rf.9rWr1YFi4OGfV8ggHLix.jpg,Percée,0.75,0.03858629544533045
131_jpg.rf.GBhaauSNHTXNjtoIbxN1.jpg,Pleine,0.9,0.26174155877126176
131_jpg.rf.mpiD2TvmxoGW3yQssQIo.jpg,Percée,0.75,0.019486807068506414
131_jpg.rf.NO4KY6Elw2PU03PKMJZP.jpg,Percée,0.75,0.03884754557247218
131_jpg.rf.nziek6v0BtlqwOjYSMSQ.jpg,Pleine,0.9,0.2611068799187611
132-jpg_cloud_affine_aug_png_jpg.rf.dQUwiWExBu37UPRZq7Cf.jpg,Percée,0.75,0.028504935649131577
132-jpg_dropout_aug_png_jpg.rf.jCrGJLoB4qKXFvav4S4B.jpg,Pleine,0.9,0.23746434057493965
132-jpg_flip_aug_png_jpg.rf.3OfhjDsUf0n1PrOywFVW.jpg,Pleine,0.9,0.28355814070099783
132-jpg_shear_aug_png_jpg.rf.6p2P8QRltQ9G3Lk0cYtq.jpg,Pleine,0.9,0.2383192909508699
132_jpg.rf.FUopK3tkTDrD0aL1PtBT.jpg,Pleine,0.9,0.23659262901947928
132_jpg.rf.SBZiEiVMTfIJkPBDNlvA.jpg,Pleine,0.9,0.23661994918449308
133-jpg_dropout_aug_png_jpg.rf.05a6OstqeftVx8dSyb8R.jpg,Pleine,0.9,0.27320804195804194
133-jpg_shear_aug_png_jpg.rf.nBVXihNux66uFzbQ4lS0.jpg,Pleine,0.9,0.2695358517238671
1337-03_1_1_jpg.rf.fYrkvsM3hay0xQYPQEJl.jpg,Semi-cerclée,0.8,0.11888246628131022
1337-03_1_1_jpg.rf.GOnVRWWNExiPuwml7s7G.jpg,Percée,0.75,0.04216342851535669
1337-03_1_1_jpg.rf.N4nVgP7dWuhnVwNX3BYi.jpg,Pleine,0.9,0.18083245798319328
1337-03_1_1_jpg.rf.U6q7u2bjBb6V94n3eWGD.jpg,Semi-cerclée,0.8,0.07034186793152962
1337-03_1_1_jpg.rf.zPfZfqRYX2RZ0az3hILG.jpg,Semi-cerclée,0.8,0.08727405804480652
133_jpg.rf.6vwFupyA9AdX35Y5FUY4.jpg,Pleine,0.9,0.27320804195804194
133_jpg.rf.XxmXVKPWHi8D7hfpsWRE.jpg,Pleine,0.9,0.27320804195804194
135-jpg_aug_png_jpg.rf.DbPwNFatbiGYWETB45JS.jpg,Pleine,0.9,1.0
135-jpg_aug_png_jpg.rf.TYEQ7T0itPByXYSWTAeJ.jpg,Pleine,0.9,1.0
135-jpg_aug_png_jpg.rf.z0mxfaWqFGgeUwX0aot1.jpg,Semi-cerclée,0.8,0.05288270570340732
135_jpg.rf.g6s31XC07bgzmJWmBPd7.jpg,Semi-cerclée,0.8,0.05847250745921649
135_jpg.rf.Iu93dCbh3CutDYiYbVCV.jpg,Pleine,0.9,0.28543101343101346
135_jpg.rf.KYsRP7lmYbV9dQgxUz8J.jpg,Pleine,0.9,0.2585048776455027
135_jpg.rf.RAF1q2kWM5MoVQkbZyGY.jpg,Pleine,0.9,0.2853919413919414
135_jpg.rf.RCIJDpskAnTs6z3zkQOW.jpg,Pleine,0.9,0.25849454365079366
135_jpg.rf.wPXNDV4BvGFIV5TFheng.jpg,Semi-cerclée,0.8,0.05847250745921649
136-jpg_aug_png_jpg.rf.MLodG4vne9wm6QYqXsl8.jpg,Pleine,0.9,1.0
136-jpg_aug_png_jpg.rf.OeEaLs9qZ1rthYfguO4N.jpg,Pleine,0.9,0.1632677191215432
136_jpg.rf.1eazSQqp1a3z4AxIJ1lX.jpg,Semi-cerclée,0.8,0.11788326579025403
136_jpg.rf.6uaEBKC6m6Td5UIeOU51.jpg,Semi-cerclée,0.8,0.11701429720864022
136_jpg.rf.BtqRldfMCoInRA2P8msJ.jpg,Pleine,0.9,0.157446221731936
136_jpg.rf.H42TZfBm2r6tz8OydIxy.jpg,Pleine,0.9,0.3332120824118263
136_jpg.rf.k93bIU7BUTBdcCOjt5EG.jpg,Pleine,0.9,0.157446221731936
136_jpg.rf.OAkKHHNSfVJmCCzIcH58.jpg,Pleine,0.9,0.3330520311954371
137_jpg.rf.ek6gf1XmusG7lkWVHgD9.jpg,Pleine,0.9,0.16864920090491134
137_jpg.rf.GpAeNbKVUnKWkQbSBFZM.jpg,Percée,0.75,0.023158900582622197
137_jpg.rf.m5ejF6qtgEorv2ouxIRP.jpg,Pleine,0.9,0.17764144198168694
137_jpg.rf.Sx5lMF9e9DLVnXmk4lee.jpg,Pleine,0.9,0.16864920090491134
137_jpg.rf.W5DThSgT4iW6Pugn8D3N.jpg,Pleine,0.9,0.1776798825256975
137_jpg.rf.WDwVHmv1HXBEToGN1JhP.jpg,Percée,0.75,0.02316550972100322
138-jpg_aug_png_jpg.rf.uSUqhUTBCIdPRPmpIWpI.jpg,Pleine,0.9,0.43632789917909587
138_jpg.rf.AHU281gBwF7DLcMhnMUN.jpg,Pleine,0.9,0.40482974449997666
138_jpg.rf.aNB08cWfer1oqpAcyX5Q.jpg,Pleine,0.9,0.365606303808551
138_jpg.rf.cb4doi21zvUWR5lMYvJm.jpg,Pleine,0.9,0.343984605794509
138_jpg.rf.DPqQBbXd7tIKwJLEusVA.jpg,Pleine,0.9,0.34393040084559723
138_jpg.rf.euzMQy2gVf5dBhFzYKKZ.jpg,Pleine,0.9,0.4038201723736315
138_jpg.rf.fzxG4RaMcxUdFdqSmNmI.jpg,Pleine,0.9,0.3664925300263646
139-jpg_aug_png_jpg.rf.za2Om0BKZIQVc44zOA33.jpg,Pleine,0.9,0.2146384479717813
139_jpg.rf.69KhzWfiR4GgXHHNGvf3.jpg,Pleine,0.9,0.367032967032967
139_jpg.rf.GsjXrwDqa1OAfTlR6HmI.jpg,Pleine,0.9,0.4666640428211587
139_jpg.rf.iB41bvkQb8pJeiCOYLF5.jpg,Pleine,0.9,0.3670460491889063
139_jpg.rf.IpcE4K2GOEIYf72u56lR.jpg,Pleine,0.9,0.4643064345991561
139_jpg.rf.rBNWdYjLRH6eAEMfNAhy.jpg,Pleine,0.9,0.23297034630133778
139_jpg.rf.sTqQzxLoED48llhBpeSc.jpg,Pleine,0.9,0.23297034630133778
13_jpg.rf.ab86LeFvhQEJjGozzLxV.jpg,Percée,0.75,0.048206474190726156
13_jpg.rf.ahplk4oHiWD1s3y7Mjii.jpg,Pleine,0.9,0.20235767057800957
13_jpg.rf.BEON55ResyJIfFfvxIQQ.jpg,Semi-cerclée,0.8,0.10895694360218314
13_jpg.rf.F3NMD9BOC0eyvUemkV5L.jpg,Semi-cerclée,0.8,0.10771536102592696
13_jpg.rf.FJ1qRBF2jljGJMhylA5F.jpg,Semi-cerclée,0.8,0.09190526687875575
13_jpg.rf.FVvfyphSUShPxB91Wukd.jpg,Semi-cerclée,0.8,0.09182692307692308
13_jpg.rf.MNlvAzMZbTSa8pddyHnj.jpg,Semi-cerclée,0.8,0.09602276487327113
13_jpg.rf.vG9158q3OWBqBjZxg4tg.jpg,Percée,0.75,0.02934307338402374
13_jpg.rf.vrunmtLXXIpI9TneVIL5.jpg,Semi-cerclée,0.8,0.07415059687786961
13_jpg.rf.XwqJT7ilCf6Pkj4Si9pT.jpg,Pleine,0.9,0.14343794164908136
13_jpg.rf.Z5w0urdaitz7JRoVMkEE.jpg,Percée,0.75,0.037504676393565285
13_jpg.rf.zfZoC7PqScbR3tIeAnLS.jpg,Percée,0.75,0.03754208754208754
13_jpg.rf.zLyiE3RXhS6lfY1SOz2U.jpg,Percée,0.75,0.029413314134194953
13_jpg.rf.ZVNNLNEaYrP4ZWbWcIaA.jpg,Pleine,0.9,0.14345730160881265
14-828761-payne-glasses-review-1296x728-header-cedd88-1024x574_jpg.rf.66kw6H8qF68j4zORiW1Y.jpg,Pleine,0.9,0.21264671671777519
14-828761-payne-glasses-review-1296x728-header-cedd88-1024x574_jpg.rf.EEmQSn9XwrvJOHWCPEuu.jpg,Pleine,0.9,0.21264671671777519
14-jpg_aug_png_jpg.rf.WrUfQikDoo2t7j1oBcH5.jpg,Semi-cerclée,0.8,0.08646805987846451
141_jpg.rf.8Xae3hlQsJISDnaUGyn1.jpg,Pleine,0.9,0.219273075083692
141_jpg.rf.Hh1nmVW5wEnCY5ujWeIV.jpg,Pleine,0.9,0.22114501479742832
143-jpg_aug_png_jpg.rf.CPQzWzpWbY22bxuJrxlu.jpg,Pleine,0.9,0.17551776487137705
143-jpg_aug_png_jpg.rf.gxD5mdPgZ3THqbXmp3t0.jpg,Pleine,0.9,0.6351045577740756
143_jpg.rf.DoNM8Ppy5apG3gRReQ8V.jpg,Pleine,0.9,0.20972850678733032
143_jpg.rf.eGArYg2DBCSOPW5Rhcwx.jpg,Pleine,0.9,0.2235294117647059
143_jpg.rf.jfQmHVdBITZxRKIDUgZA.jpg,Pleine,0.9,0.20972850678733032
143_jpg.rf.kInmHBZrEPCVqQTlNMrb.jpg,Pleine,0.9,0.14829487829614604
143_jpg.rf.oR5X3Lhgal0YfpFKZpIE.jpg,Pleine,0.9,0.2238735919899875
143_jpg.rf.ZK2jGVdvhQU4tzvJJHjI.jpg,Pleine,0.9,0.1481997971602434
146_jpg.rf.8oa3Yxu9DsGf9dnlKoiu.jpg,Pleine,0.9,0.21076050128587173
14_jpg.rf.4y7TSWve6O68obzWBlwD.jpg,Pleine,0.9,0.17241803985319837
14_jpg.rf.6s6U3C0fM1Stu5xMvzyJ.jpg,Pleine,0.9,0.45335533553355334
14_jpg.rf.7x0hwedkFXcLhToJm6nZ.jpg,Pleine,0.9,0.25054391388984315
14_jpg.rf.BtYsCTLfbbU9NrUIxNPX.jpg,Pleine,0.9,0.3628244215134459
14_jpg.rf.d5ebMXiuLnqcE4E0aEnC.jpg,Pleine,0.9,0.43984577858210716
14_jpg.rf.Q7eK91WgfsCauoObTMoS.jpg,Pleine,0.9,0.3828937635800472
14_jpg.rf.wp8H2hUzx4JlMkw1JSwh.jpg,Pleine,0.9,0.2571589786993934
14_jpg.rf.Ybl6X7SmxzR1NASw9pC2.jpg,Semi-cerclée,0.8,0.10550122006864127
14_jpg.rf.YfjafrLKXBEsbrATlRHT.jpg,Semi-cerclée,0.8,0.10594035594035595
14_jpg.rf.Yuj9oJxNpQSaiAmSQVgi.jpg,Pleine,0.9,0.17236877755609745
15-photo-1567515004624-219c11d31f2e-jpg_cloud_affine_aug_png_jpg.rf.0hAPQzxegD5CRNP1DrEl.jpg,Percée,0.75,0.0
15-photo-1567515004624-219c11d31f2e-jpg_dropout_aug_png_jpg.rf.U4j06cSLZnMF0nOPBXFF.jpg,Pleine,0.9,0.2595106550907656
15-photo-1567515004624-219c11d31f2e-jpg_flip_aug_png_jpg.rf.QNoltrRHqQ1H6K54IrnO.jpg,Pleine,0.9,0.23742603550295857
15-photo-1567515004624-219c11d31f2e-jpg_shear_aug_png_jpg.rf.1BUHpkb4CQEDorNaM8zd.jpg,Pleine,0.9,0.20410654344130083
15-photo-1567515004624-219c11d31f2e_jpg.rf.pLmxrQmIr2SmazgHWf1r.jpg,Pleine,0.9,0.23101743429612281
15-photo-1567515004624-219c11d31f2e_jpg.rf.wAPyYmV2F67jMRz3f0yK.jpg,Pleine,0.9,0.23101743429612281
1583c650c68bd9a05a757d92bd787230_jpg.rf.5HKhrupwGJqgXvNd8BYk.jpg,Percée,0.75,0.016741726504259487
1583c650c68bd9a05a757d92bd787230_jpg.rf.DMvIabwQC7kNv36KdgAp.jpg,Percée,0.75,0.02591522693183712
1583c650c68bd9a05a757d92bd787230_jpg.rf.E4e9XDKM7oCcekU71SPV.jpg,Percée,0.75,0.03452760257493985
1583c650c68bd9a05a757d92bd787230_jpg.rf.FEzolZY1jD0gKVTuDGWR.jpg,Percée,0.75,0.04406545741324921
1583c650c68bd9a05a757d92bd787230_jpg.rf.igmIyb6qN8QxlbqBKQ9h.jpg,Percée,0.75,0.035386385025619575
1583c650c68bd9a05a757d92bd787230_jpg.rf.q7gtyZ3NEbKmmx0jOE8i.jpg,Percée,0.75,0.017908251352823257
1583c650c68bd9a05a757d92bd787230_jpg.rf.RfoGTbkVXGh91Y4QuRIL.jpg,Semi-cerclée,0.8,0.07656347746962143
1583c650c68bd9a05a757d92bd787230_jpg.rf.S8O2DtStnNyj7TaWyYHO.jpg,Semi-cerclée,0.8,0.059434204810411624
1583c650c68bd9a05a757d92bd787230_jpg.rf.YKI2P9RPVqi6Uxtu74yp.jpg,Pleine,0.9,0.16996909325187648
15_jpg.rf.6B2wU5J9uGdeHm90pNMz.jpg,Pleine,0.9,0.3707673478470497
15_jpg.rf.9EBvHWxidZ4nixoa4yEg.jpg,Pleine,0.9,0.2556996855345912
15_jpg.rf.gnH6kvRuDnxo9cBfzADB.jpg,Pleine,0.9,0.4178287191347527
15_jpg.rf.HBuoJxiQF4QdbDRFQXMe.jpg,Pleine,0.9,0.3759598012646793
15_jpg.rf.Ou3pPXtUFRWcZEEfSjJ6.jpg,Pleine,0.9,0.2961670543923784
15_jpg.rf.r5bojoHgQNA8fmbmY35f.jpg,Pleine,0.9,0.30709414529577156
15_jpg.rf.ZQ5jU4vVwzxrAdS6LEIK.jpg,Pleine,0.9,0.5711186261753369
16-close-up-attractive-young-black-man-with-picture_csp55045079-jpg_cloud_affine_aug_png_jpg.rf.VMYjwWpPoT3Tf1IjVUc8.jpg,Semi-cerclée,0.8,0.07587808417997097
16-close-up-attractive-young-black-man-with-picture_csp55045079-jpg_dropout_aug_png_jpg.rf.tWU3N0an0AdwtldHwP5e.jpg,Pleine,0.9,0.5012203482791718
16-close-up-attractive-young-black-man-with-picture_csp55045079-jpg_flip_aug_png_jpg.rf.mV3bwGKqYVuPbd9J06sC.jpg,Pleine,0.9,0.4931925181320779
16-close-up-attractive-young-black-man-with-picture_csp55045079-jpg_shear_aug_png_jpg.rf.Mv1i6SDr369Zqw24Sjzs.jpg,Pleine,0.9,0.47188446307943166
16-close-up-attractive-young-black-man-with-picture_csp55045079_jpg.rf.9U7dRMUhH4uwbHr8w1fv.jpg,Pleine,0.9,0.477967396841569
16-close-up-attractive-young-black-man-with-picture_csp55045079_jpg.rf.Cx1XbvRRt6B7g4rrnjLT.jpg,Pleine,0.9,0.477967396841569
16_jpg.rf.7zBwBGVEOWvKZjiuPxCc.jpg,Pleine,0.9,0.24125741012671997
16_jpg.rf.8dAv1ZUNi7gBkHeC7OC6.jpg,Pleine,0.9,0.22535103785103786
16_jpg.rf.eN2VOCvqVhjaUThCxGLV.jpg,Semi-cerclée,0.8,0.08323615160349854
16_jpg.rf.gF0f3CCUusQGplKrhpjs.jpg,Pleine,0.9,0.23127340823970038
16_jpg.rf.J5RBrTbIiRVzm91uCGzH.jpg,Semi-cerclée,0.8,0.08323615160349854
16_jpg.rf.nrm4nG3uhqNsEZvpQTfO.jpg,Pleine,0.9,0.1825562130177515
17-jpg_cloud_affine_aug_png_jpg.rf.q2GczCvt0Jqnx6t4sVSD.jpg,Semi-cerclée,0.8,0.06026654715793293
17-jpg_dropout_aug_png_jpg.rf.uvEeSJw7JSH5XiUcezhO.jpg,Pleine,0.9,0.5949207393999232
17-jpg_flip_aug_png_jpg.rf.DmKy77icr2qWKbeoRjDO.jpg,Pleine,0.9,0.5735367650039866
17-jpg_shear_aug_png_jpg.rf.y4wrxdPJ9DBW7QhIQj1D.jpg,Pleine,0.9,0.5934182590233545
17-maxresdefault-jpg_aug_png_jpg.rf.9zlytgKtPftq8SQF5Tof.jpg,Pleine,0.9,0.5887217611802674
17-maxresdefault-jpg_aug_png_jpg.rf.S8p6gzjAfvbutyz4E9AA.jpg,Pleine,0.9,0.15673952641165756
17-maxresdefault-jpg_aug_png_jpg.rf.ZATqR90VeugWm6p8u8d1.jpg,Percée,0.75,0.00539045818894606
17-maxresdefault_jpg.rf.7LU9B1furQ0FHbTW4PHt.jpg,Percée,0.75,0.04084365584198192
17-maxresdefault_jpg.rf.8Ge6FCRPLGXX5mfSRr7I.jpg,Pleine,0.9,0.2942504515352197
17-maxresdefault_jpg.rf.ac0GQqFKKMpiTkzQty8N.jpg,Pleine,0.9,0.12580770224864307
17-maxresdefault_jpg.rf.E2TDttT2vUFFPFbZMqHQ.jpg,Percée,0.75,0.040776699029126215
17-maxresdefault_jpg.rf.gAZiQLZy8sXaI2WZ5PV3.jpg,Pleine,0.9,0.294310656231186
17-maxresdefault_jpg.rf.r6bfevk4llbm1QLICADp.jpg,Pleine,0.9,0.12574308606875162
175_reading_glasses_1624014387_30a1d516_progressive-jpg_aug_png_jpg.rf.81nsQFoEW2cS7QnW5CWz.jpg,Pleine,0.9,0.28270970394736844
175_reading_glasses_1624014387_30a1d516_progressive_jpg.rf.c6x2KNPEWxgbhbtJGIGa.jpg,Pleine,0.9,0.2459751674107143
175_reading_glasses_1624014387_30a1d516_progressive_jpg.rf.UATlz0NsxEyq5cPrpbro.jpg,Pleine,0.9,0.2469380605381166
17_jpg.rf.5y3dJKXDe2nz8BjdE5oF.jpg,Pleine,0.9,0.17292570259882226
17_jpg.rf.6M6N3vz3loDGDdlponFK.jpg,Semi-cerclée,0.8,0.07902581681600145
17_jpg.rf.7IttymTACBPYCcS0aIQ6.jpg,Pleine,0.9,0.5912561221549986
17_jpg.rf.AhncWggrC8oRmlsldDv6.jpg,Pleine,0.9,0.1488004550348386
17_jpg.rf.ElhN88LhKBCxDUxBOxQY.jpg,Semi-cerclée,0.8,0.06214848143982002
17_jpg.rf.rXaTqk9ep2OV1Wr8YMhf.jpg,Pleine,0.9,0.5912561221549986
17_jpg.rf.UtphNlWLRd7Z81wk8E9Q.jpg,Semi-cerclée,0.8,0.0783119184758529
17_jpg.rf.ZJ1RAPeCnv8ZjWKeVb74.jpg,Pleine,0.9,0.157554379776602
18-hero_article_enuk_vision-insurance_jpg.rf.53BkBC7oTLzamUL7SFjo.jpg,Pleine,0.9,0.7492903136467493
18-hero_article_enuk_vision-insurance_jpg.rf.PAjoMQyMbLK3dCsKzSUd.jpg,Pleine,0.9,0.7212017843085804
18-hero_article_enuk_vision-insurance_jpg.rf.xzaBeLEeOA7OVoDz4NPt.jpg,Pleine,0.9,0.7499325782092773
18-hero_article_enuk_vision-insurance_jpg.rf.YdkmOwn7zKuEFivXb5TA.jpg,Pleine,0.9,0.7224864794422363
18-jpg_aug_png_jpg.rf.7fY0PRgoqO0CPURPdbSR.jpg,Percée,0.75,0.03427316872695024
18-jpg_aug_png_jpg.rf.b5XXAmRU7wTKma1NzZP0.jpg,Pleine,0.9,0.8036505686043168
18-jpg_aug_png_jpg.rf.TH2cxVpF3Ec5WlE67ENl.jpg,Pleine,0.9,0.1951534868201535
18_jpg.rf.7Kwi6ZIhqieF9ojwzbyd.jpg,Pleine,0.9,0.12730025623107383
18_jpg.rf.9bC7AFXPT6c04FmAcRUh.jpg,Pleine,0.9,0.14307145000214308
18_jpg.rf.kVxJEtWtg1vhSBhO7abW.jpg,Pleine,0.9,0.14326432643264325
18_jpg.rf.mEFYG8gGzOGSbRB35DAa.jpg,Semi-cerclée,0.8,0.1114079290874871
18_jpg.rf.MHdy3gxIUzWWXhAqI2tg.jpg,Semi-cerclée,0.8,0.08925081433224756
18_jpg.rf.o7b3jwMPC2q8Hm2pSfMY.jpg,Semi-cerclée,0.8,0.08927117263843648
18_jpg.rf.OLpTe9qXDG8dNnYotadU.jpg,Pleine,0.9,0.12735849056603774
18_jpg.rf.QyUG231yo1p6ZN8aNXVH.jpg,Semi-cerclée,0.8,0.1091010733452594
18dc1bf3a0a540fb19b4_jpg.rf.aHKB8McgRywHdTkDYhm1.jpg,Pleine,0.9,0.2251338405184559
18dc1bf3a0a540fb19b4_jpg.rf.RjvZEhN1NDO3CtUkmWBt.jpg,Pleine,0.9,0.22516025641025642
191213_How-to-shoot-Coffee-Stilllife-1_jpg.rf.32fznOykbn65GRCJPdi9.jpg,Pleine,0.9,0.49247583479789103
191213_How-to-shoot-Coffee-Stilllife-1_jpg.rf.3QrBHouCNmxfsvWrGz8j.jpg,Pleine,0.9,0.6682785299806576
191213_How-to-shoot-Coffee-Stilllife-1_jpg.rf.IacCELDZUsXwRoNZTAyz.jpg,Pleine,0.9,0.4948359073359073
191213_How-to-shoot-Coffee-Stilllife-1_jpg.rf.qJ2pOkcgesnJOYS0m6KX.jpg,Pleine,0.9,0.8118008474576272
191213_How-to-shoot-Coffee-Stilllife-1_jpg.rf.tUWFCU5VE7kGbTIaJFm8.jpg,Pleine,0.9,0.7224300393011033
19_jpg.rf.PnyIBe3WIe53xkKbi5O3.jpg,Semi-cerclée,0.8,0.08689370973853733
19_jpg.rf.SOTKuoy87cTz7RDYF2Gf.jpg,Semi-cerclée,0.8,0.11667036035636719
19_jpg.rf.yg1JiKbzbIWyY8EIL6kG.jpg,Semi-cerclée,0.8,0.11493500271487432
19_jpg.rf.zARmdGpcZR7fk63M6kPZ.jpg,Semi-cerclée,0.8,0.11599196095320126
1_jpg.rf.024Hn9XR32GxX8yWWRzz.jpg,Pleine,0.9,0.2796148290804044
1_jpg.rf.0DPfrPVAk4Vi6jaZaGXW.jpg,Pleine,0.9,0.19555295921720398
1_jpg.rf.1hRiuy7D74gkdB94j00i.jpg,Pleine,0.9,0.2758085954807266
1_jpg.rf.BbngRo3snK1tHDqjINNS.jpg,Pleine,0.9,0.29349206349206347
1_jpg.rf.mLZJfnQAcLhpsGkYdUWn.jpg,Pleine,0.9,0.27297727601678967
1_jpg.rf.pQ2EISxAi4mK0EcjKAfN.jpg,Pleine,0.9,0.28066684032300077
1_jpg.rf.s0yjh6x7CFEBIvVAQX0B.jpg,Pleine,0.9,0.2757716733126569
1_jpg.rf.tBIjp5Kh72JVHZjXbdUQ.jpg,Semi-cerclée,0.8,0.077
1_jpg.rf.V0ZeVx9HyeQaxp5plWmE.jpg,Semi-cerclée,0.8,0.07701785714285714
1_jpg.rf.zBFMirR8QjLgO0uJc3UB.jpg,Pleine,0.9,0.19555295921720398
1c9b3c74d601121921c6c99321f79ec9-coaches_jpg.rf.oMAVBX59955APOba1mKq.jpg,Pleine,0.9,0.5386882008154944
1c9b3c74d601121921c6c99321f79ec9-coaches_jpg.rf.vWG9UCSGoa03ZkW8qkIe.jpg,Pleine,0.9,0.5380766022967858
2-jpg_dropout_aug_png_jpg.rf.wehmVwX29PtXTIpilxD4.jpg,Pleine,0.9,0.4476814394396812
2-jpg_flip_aug_png_jpg.rf.Di6H5gbzNs1XcDD5uB9P.jpg,Pleine,0.9,0.40698416751787536
2-jpg_shear_aug_png_jpg.rf.7fGcVH7dKTVQq2yqn3vE.jpg,Pleine,0.9,0.40604732164304586
2-lady-wearing-glasses_blog_lg-ashx-jpg_cloud_affine_aug_png_jpg.rf.OHNRY88YumH9rk34g78E.jpg,Percée,0.75,0.033145683169358654
2-lady-wearing-glasses_blog_lg-ashx-jpg_dropout_aug_png_jpg.rf.AcHW5AxlIKa1d63tthMt.jpg,Pleine,0.9,0.24045339495983273
2-lady-wearing-glasses_blog_lg-ashx-jpg_flip_aug_png_jpg.rf.CNSG7l4lL236ooS3ug1r.jpg,Pleine,0.9,0.25345945945945947
2-lady-wearing-glasses_blog_lg-ashx-jpg_shear_aug_png_jpg.rf.J4B4HeXkGisyxTnDhBbY.jpg,Pleine,0.9,0.2340629654876417
2-lady-wearing-glasses_blog_lg-ashx_jpg.rf.1tT9dXcGHighS3byKmk3.jpg,Pleine,0.9,0.24194608809993426
2-lady-wearing-glasses_blog_lg-ashx_jpg.rf.BIW91SgyYdw3lEh8BEmr.jpg,Pleine,0.9,0.24194608809993426
20-jpg_aug_png_jpg.rf.399nlUHLNO1it85H9Z0z.jpg,Pleine,0.9,0.36839893995216855
20-jpg_aug_png_jpg.rf.brrAFYJDwjvAcm7PJ0qq.jpg,Pleine,0.9,0.3711250840966724
20-jpg_aug_png_jpg.rf.shwvECEYxKvOjgx5MBaK.jpg,Pleine,0.9,1.0
20-portrait-handsome-afro-american-man-260nw-628434746-jpg_cloud_affine_aug_png_jpg.rf.DFuxOoEbuvHIQE5l1t0j.jpg,Percée,0.75,0.0
20-portrait-handsome-afro-american-man-260nw-628434746-jpg_dropout_aug_png_jpg.rf.BUxPyzY8fqRFqL5zZTMu.jpg,Pleine,0.9,0.3088829949128223
20-portrait-handsome-afro-american-man-260nw-628434746-jpg_flip_aug_png_jpg.rf.yRGxiJZqZgsk8IBKuFn7.jpg,Pleine,0.9,0.2520746887966805
20-portrait-handsome-afro-american-man-260nw-628434746-jpg_shear_aug_png_jpg.rf.tl5aowBbV1ddzSDjzXeD.jpg,Pleine,0.9,0.23911985018726592
20-portrait-handsome-afro-american-man-260nw-628434746_jpg.rf.gp917N1rqN34hEo6IMSe.jpg,Pleine,0.9,0.279305740987984
20-portrait-handsome-afro-american-man-260nw-628434746_jpg.rf.yd3Iit4HouM975RIHyyp.jpg,Pleine,0.9,0.279305740987984
2020-eyewear-eyeglass-frame-style-trends-david-kind-jpg_jpg.rf.E4u739zh2ZGswYFbaA6P.jpg,Pleine,0.9,0.2877373080204778
2020-eyewear-eyeglass-frame-style-trends-david-kind-jpg_jpg.rf.HciWVgyoLsmoVmBZ7Mhh.jpg,Semi-cerclée,0.8,0.07320080620090051
2020-eyewear-eyeglass-frame-style-trends-david-kind-jpg_jpg.rf.JI16BVafwbJa5KdxoM4z.jpg,Pleine,0.9,0.215234375
2020-eyewear-eyeglass-frame-style-trends-david-kind-jpg_jpg.rf.Q1ZtfqQ2jqrGQuzxL3wt.jpg,Semi-cerclée,0.8,0.08521634615384616
2020-eyewear-eyeglass-frame-style-trends-david-kind-jpg_jpg.rf.tlr6VJzjbxHDWxfqFpZL.jpg,Semi-cerclée,0.8,0.0707955344743629
2020-eyewear-eyeglass-frame-style-trends-david-kind-jpg_jpg.rf.VmP86HYnkSeEjkuSyCxC.jpg,Percée,0.75,0.04860407876230661
2020-eyewear-eyeglass-frame-style-trends-david-kind-jpg_jpg.rf.wUaaF8pGcDcsWGtgMUOL.jpg,Pleine,0.9,0.1644522776572668
20230718_120516_aug1_jpg.rf.mfJudwOyEcO0ZL5m7Dc3.jpg,Pleine,0.9,0.1512209473374522
20230718_120516_aug2_jpg.rf.hYnsDIqUcWscUhspa9CQ.jpg,Pleine,0.9,0.14401223776223776
20230718_120521_aug1_jpg.rf.D8eNgUpEcakKAVDfkDC2.jpg,Semi-cerclée,0.8,0.08860667634252539
20230718_120521_aug2_jpg.rf.fgBvjjGnugbUiuG2eZWv.jpg,Semi-cerclée,0.8,0.08067434210526316
20230718_120528_aug1_jpg.rf.DC7f4SMiyKAUevvmDfKA.jpg,Pleine,0.9,0.13981900452488688
20230718_120528_aug2_jpg.rf.Znjimq9z4W9ay0rtHySf.jpg,Pleine,0.9,0.16774891774891776
20230718_120552_aug1_jpg.rf.rKzePadBS6GF3JTq5qcm.jpg,Pleine,0.9,0.5243394308943089
20230718_120555_aug2_jpg.rf.sB0yCoI2p0C9oJF0EdRr.jpg,Pleine,0.9,0.41433917488134353
20230718_120607_aug1_jpg.rf.6M8fonli55laXzODaR20.jpg,Pleine,0.9,0.6959652964959568
20230718_120607_aug2_jpg.rf.aR00QusUhyOIhrDhLQMi.jpg,Pleine,0.9,0.5289212883552507
20230718_120611_aug2_jpg.rf.WVXInGOSrvt5Lp7fFpVM.jpg,Pleine,0.9,0.7295428072218987
20230718_120712_aug2_jpg.rf.SOrNeohutsKjeYB0pAz1.jpg,Pleine,0.9,0.2540393125450242
20230718_120716_aug1_jpg.rf.9hMIAx0s2jpQzmPATqxe.jpg,Pleine,0.9,0.7276688453159041
20230718_120716_aug2_jpg.rf.Wygfd61NOLa8aFTBharX.jpg,Pleine,0.9,0.19907432131731198
20230718_120717_aug2_jpg.rf.Bu9dyEyymAHIPlVbDywo.jpg,Pleine,0.9,0.22750281214848145
20230718_120723_aug1_jpg.rf.xk52c3HmBT8bvyhskVFH.jpg,Pleine,0.9,0.26430582168287087
20230718_120723_aug2_jpg.rf.ZpYJwjLgNA4gJzQluSlG.jpg,Pleine,0.9,0.2206186822555109
20230718_131804_aug2_jpg.rf.3o4iqsKHXaCLFvorSzf7.jpg,Percée,0.75,0.005382775119617225
20230718_131809_aug1_jpg.rf.rh7JpehyfIXhoUMyvB5j.jpg,Percée,0.75,0.029505582137161084
20230718_131809_aug2_jpg.rf.kwhHfvQ5Ubp5YgeCxPAo.jpg,Percée,0.75,0.005512454062882809
20230718_131818_aug1_jpg.rf.y1cAiLhEYDe0XQi1tfvH.jpg,Percée,0.75,0.03058823529411765
20230718_131818_aug2_jpg.rf.tfNyR9ZHYzJVJCJ6WmSu.jpg,Percée,0.75,0.01265022137887413
20230718_131830_aug1_jpg.rf.eaXRTC5BceTJ8VJk1r0H.jpg,Percée,0.75,0.044712475633528266
20230718_131830_aug2_jpg.rf.yez2RYea5PEX8DYA3i2k.jpg,Percée,0.75,0.01619385342789598
20230718_131840_aug1_jpg.rf.ksrGLujgYbUNsAi2LNBO.jpg,Percée,0.75,0.012071938901207195
20230718_131840_aug2_jpg.rf.7Db9IoOS2bZccoYm0Rem.jpg,Percée,0.75,0.00024227740763173834
20230718_131844_aug1_jpg.rf.KJuccSevUeurpRXK9uhH.jpg,Percée,0.75,0.011559272011805214
20230718_131844_aug2_jpg.rf.korVhWJ9SEXWJqHctPB2.jpg,Pleine,0.9,0.17599554441659704
20230718_131850_aug1_jpg.rf.USRw5Wi022sWhyUkQeTX.jpg,Percée,0.75,0.014619883040935672
20230718_131850_aug2_jpg.rf.DgXZUDLYk3WDlycEQKuK.jpg,Percée,0.75,0.00205761316872428
20230718_131859_aug1_jpg.rf.XfzXCzHqfNjDQngJUcY2.jpg,Percée,0.75,0.009009009009009009
20230718_131859_aug2_jpg.rf.RnJBl7MN2HQlRAQwYB64.jpg,Percée,0.75,0.0005102040816326531
20230718_131908_aug2_jpg.rf.5PkFsLVrv5gcJgpGPz3m.jpg,Percée,0.75,0.0015386982612709647
20230718_131918_aug1_jpg.rf.VVtEe9JN9ndtJcDHPNuz.jpg,Percée,0.75,0.0162936142198815
20230718_131918_aug2_jpg.rf.AkG3m3UYZHAdZUgB5rIx.jpg,Percée,0.75,0.0027418126428027417
20230718_131921_aug1_jpg.rf.OtqMLlEy7CT3WWt7E4sI.jpg,Percée,0.75,0.020341614906832298
20230718_131921_aug2_jpg.rf.nsi9Ijicms8GUNqTMsje.jpg,Percée,0.75,0.002477411833284757
20230718_131947_aug1_jpg.rf.pC1bOXpXrVLiW5eLmBBE.jpg,Percée,0.75,0.020702896735954587
20230718_131947_aug2_jpg.rf.BVhZ9OpD8ZbQhItv8u5D.jpg,Percée,0.75,0.0030869490653404217
20230718_131951_aug1_jpg.rf.cRzencEci02jQ86s6dWU.jpg,Percée,0.75,0.0166126187631564
20230718_131951_aug2_jpg.rf.vE2ZhfyiM95OwoIc9lAN.jpg,Percée,0.75,0.004887585532746823
20230718_131953_aug1_jpg.rf.pd3hCm1CptD8ImnejBQi.jpg,Percée,0.75,0.021225071225071224
20230718_131953_aug2_jpg.rf.MyVALsjUUadEfW0YjFzp.jpg,Percée,0.75,0.0022814157109384632
20230718_131956_aug2_jpg.rf.fxEx69TtIULbXosZuMae.jpg,Percée,0.75,0.00045454545454545455
20230718_132006_aug1_jpg.rf.gQLbDEd8dAcFpy9qfPQh.jpg,Percée,0.75,0.0206992706992707
20230718_132006_aug2_jpg.rf.9ZVGWcWY0nYlJ4qX3SQl.jpg,Percée,0.75,0.006137566137566138
20230718_132009_aug1_jpg.rf.6caFIzmEwOAhZ1AP4I6F.jpg,Percée,0.75,0.019937484159837798
20230718_132009_aug2_jpg.rf.kSF9WwDpAccKPS8RG9Pn.jpg,Percée,0.75,0.0049713515335355575
20230718_132017_aug1_jpg.rf.yOw4wBlpmReNyD92KNVd.jpg,Semi-cerclée,0.8,0.05746669317955856
20230718_132017_aug2_jpg.rf.qL06dcnY0LAJj6zVvIxg.jpg,Percée,0.75,0.023548853542656477
20230718_132020_aug1_jpg.rf.9sdVV3r7D1jjERqxVv2R.jpg,Percée,0.75,0.04907161803713528
20230718_132020_aug2_jpg.rf.vr1gLE8HHqITeKVM11NX.jpg,Percée,0.75,0.019877467665078283
20230718_132024_aug1_jpg.rf.FU60I8S3NnRsJ7vbDowJ.jpg,Semi-cerclée,0.8,0.055639097744360905
20230718_132024_aug2_jpg.rf.uChIijeLFILGFJjtXHpT.jpg,Percée,0.75,0.01103896103896104
20230718_132030_aug1_jpg.rf.f1Qrx249wUJOmD98VvaG.jpg,Semi-cerclée,0.8,0.06352987889616836
20230718_132030_aug2_jpg.rf.INdHirXRfdSGqbukLyFn.jpg,Percée,0.75,0.02684955493944258
20230718_132032_aug1_jpg.rf.aQjNIc2lFAZUMSAljQjj.jpg,Semi-cerclée,0.8,0.061076604554865424
20230718_132032_aug2_jpg.rf.3asyem1Z0BNoR7WLaJ3b.jpg,Percée,0.75,0.01805728518057285
20230718_132034_aug1_jpg.rf.VyAQ71km7c7OWldusBLS.jpg,Percée,0.75,0.03974358974358974
20230718_132034_aug2_jpg.rf.zMPxnRmH9IvZYSwj6ybD.jpg,Percée,0.75,0.007765314926660914
20230718_132119_aug1_jpg.rf.ecyklWDQ3ZpSXIyeZjOy.jpg,Pleine,0.9,0.18992673992673992
20230718_132119_aug2_jpg.rf.wdxU0QjOIp6SNdv8fzgP.jpg,Semi-cerclée,0.8,0.08435950743643052
20230718_132121_aug1_jpg.rf.sr8wsNbmHDwsjaOPJsGg.jpg,Pleine,0.9,0.23729035639413
20230718_132121_aug2_jpg.rf.Lgy8cfrANQc5QkxKv4VF.jpg,Semi-cerclée,0.8,0.10625761885412434
20230718_132125_aug1_jpg.rf.x659ZhByP1zgG3pmn9Pb.jpg,Semi-cerclée,0.8,0.07001768867924528
20230718_132125_aug2_jpg.rf.H47ywCHtDVUf0ONVSNHr.jpg,Percée,0.75,0.04234972677595628
20230718_132129_aug2_jpg.rf.pFR6grwruWkKnj9ZbhES.jpg,Percée,0.75,0.021724818959842
20230718_132135_aug1_jpg.rf.2fveAAaG8Pzrrrsqdjl5.jpg,Percée,0.75,0.03568627450980392
20230718_132135_aug2_jpg.rf.7HZ3uecfH23RP8ifcGqx.jpg,Percée,0.75,0.01801470588235294
20230718_132137_aug1_jpg.rf.S7Z8ZH4mVmuJe9qmAloO.jpg,Pleine,0.9,0.2660157964019307
20230718_132137_aug2_jpg.rf.f4NofsAehpgNzw6JX691.jpg,Pleine,0.9,0.22708102108768036
20230718_132144_aug2_jpg.rf.DgcM657GMGlAeNRwYfgy.jpg,Percée,0.75,0.03493941955480417
20230718_132152_aug1_jpg.rf.TteY6qzLZVXdRkL9mB6A.jpg,Percée,0.75,0.04268852459016394
20230718_132152_aug2_jpg.rf.8cIRMMDUKbltVYW9Dv9r.jpg,Semi-cerclée,0.8,0.059185431278454534
20230718_132212_aug1_jpg.rf.m5yS9vw7beMRhRIYv1Qq.jpg,Pleine,0.9,0.2825730994152047
20230718_132212_aug2_jpg.rf.oYh8eadVEn9c16EwZXR4.jpg,Semi-cerclée,0.8,0.09142857142857143
20230718_132216_aug1_jpg.rf.sNWHH5VW7leWxekQxn1C.jpg,Pleine,0.9,0.44218396800556425
20230718_132216_aug2_jpg.rf.pC2CogQ1VIFUn5J4vM7a.jpg,Percée,0.75,0.02289655172413793
20230718_132230_aug2_jpg.rf.zJYAMkjUYQBJRqppH2zL.jpg,Semi-cerclée,0.8,0.06666666666666667
20230718_132233_aug2_jpg.rf.NLJMznRC6Kj0EGAU6fgM.jpg,Percée,0.75,0.025
20230718_132248_aug1_jpg.rf.dzN8WbzD8X075vEHkdU5.jpg,Percée,0.75,0.045401382243487505
20230718_132248_aug2_jpg.rf.93GwebcxtLwqDbzE5ToW.jpg,Percée,0.75,0.010435301132975552
20230718_132250_aug1_jpg.rf.VQtjkM4k7LXgrW8i6qk9.jpg,Percée,0.75,0.03275965180410659
20230718_132250_aug2_jpg.rf.fxwgEJT0JH3AdolXUBWO.jpg,Percée,0.75,0.006257219869079707
20230718_132259_aug1_jpg.rf.6huMAUcSrvWS7yWToJAs.jpg,Semi-cerclée,0.8,0.05771896660365469
20230718_132259_aug2_jpg.rf.YoW47BKebf8jElGcAiG3.jpg,Percée,0.75,0.03596579476861167
20230718_132302_aug1_jpg.rf.eb6y2XI69QZbQ7xY9hln.jpg,Semi-cerclée,0.8,0.06224961479198767
20230718_132302_aug2_jpg.rf.Ii9ajRQcxh4YLvrGWpVm.jpg,Semi-cerclée,0.8,0.05510752688172043
20230718_132304_aug1_jpg.rf.eVKSW6RsD4cmXOg0Hwfd.jpg,Semi-cerclée,0.8,0.07696452626852268
20230718_132304_aug2_jpg.rf.awwTwmXESfwwoNQrFkSz.jpg,Semi-cerclée,0.8,0.06833333333333333
20230718_132306_aug1_jpg.rf.J5kyjBS6J4F9tGQZ9RIO.jpg,Semi-cerclée,0.8,0.07741027445460943
20230718_132306_aug2_jpg.rf.98bOuuAsyFbyre2TpPMq.jpg,Semi-cerclée,0.8,0.05184309087325054
20230718_132328_aug1_jpg.rf.7kmSjNl1kix2GrsrXfFA.jpg,Percée,0.75,0.0485
20230718_132328_aug2_jpg.rf.XvO7CyNtUT6q7x0M65Kw.jpg,Percée,0.75,0.033130135170951494
20230718_132331_aug1_jpg.rf.WlP3HnjyJGOtRpnuwwvL.jpg,Semi-cerclée,0.8,0.06693203597228366
20230718_132331_aug2_jpg.rf.MHHnKzEzHP6kA8MSLl6v.jpg,Percée,0.75,0.02804815573770492
20230718_132335_aug1_jpg.rf.X0fnqoIjU9tnU1gSlhw2.jpg,Semi-cerclée,0.8,0.09284979423868313
20230718_132335_aug2_jpg.rf.fMX8guqcwJhYWpwbbv49.jpg,Percée,0.75,0.023095238095238096
20230718_132337_aug1_jpg.rf.RvJGv73FubplsvCv1iug.jpg,Percée,0.75,0.04168494953927161
20230718_132337_aug2_jpg.rf.IrnYk5F0tDPgSJ9TuxN6.jpg,Percée,0.75,0.023637820512820512
20230718_132343_aug1_jpg.rf.HKQgXDZDRPa9ShQUroIe.jpg,Semi-cerclée,0.8,0.09958022388059702
20230718_132343_aug2_jpg.rf.FkFqeeZ4DrsUG6QHK3IV.jpg,Percée,0.75,0.026024723487312947
20230718_132345_aug2_jpg.rf.9eGJQVRhUgD4FlIN63zo.jpg,Pleine,0.9,0.9995061728395062
20230718_132347_aug1_jpg.rf.g4mhN2Qva9SIDBiHPA7B.jpg,Percée,0.75,0.04463554463554464
20230718_132347_aug2_jpg.rf.oYNvr5T4uqzOyYlD0W0O.jpg,Pleine,0.9,0.892416225749559
20230718_132357_aug1_jpg.rf.HmCuRcVVbysJXeXpCbIp.jpg,Pleine,0.9,0.15331196581196582
20230718_132408_aug2_jpg.rf.nHuhIFWvpxUIUhxZhd8L.jpg,Semi-cerclée,0.8,0.06933158584534731
20230718_132429_aug2_jpg.rf.noT0AjVDdShYjVNb3Ztp.jpg,Percée,0.75,0.026846846846846847
20230718_132432_aug1_jpg.rf.CKBgrSnBjnBKcLnG8GXR.jpg,Percée,0.75,0.0389674857284686
20230718_132432_aug2_jpg.rf.DMjS5IZhq9bDLxsoK266.jpg,Percée,0.75,0.02751546727450342
20230718_132435_aug1_jpg.rf.F1SjQqQ9VWKuJeCn4VOj.jpg,Semi-cerclée,0.8,0.05641304347826087
20230718_132435_aug2_jpg.rf.NZa7MASBcQcpIdAiBlTT.jpg,Percée,0.75,0.018772266374349138
20230718_132437_aug1_jpg.rf.oeSnRnsPEMkfq4Beo6Vq.jpg,Semi-cerclée,0.8,0.10497835497835498
20230718_132437_aug2_jpg.rf.domJUW9LJAfHxkbJY4Ta.jpg,Semi-cerclée,0.8,0.093343653250774
20230718_132440_aug1_jpg.rf.w8A5mOywI745sS9NzQnI.jpg,Percée,0.75,0.03723369387086201
20230718_132440_aug2_jpg.rf.vIOaLodJi59JdVysfqFB.jpg,Percée,0.75,0.01982317999723719
20230718_132447_aug1_jpg.rf.bbJjts6SiCCRIst5KH3V.jpg,Semi-cerclée,0.8,0.09763868065967017
20230718_132450_aug2_jpg.rf.Y75UWDFgIlOnKFWDsd5r.jpg,Percée,0.75,0.001224739742804654
20230718_132454_aug2_jpg.rf.OKSKfABMGHc2oNKgbPg7.jpg,Percée,0.75,0.024915336236090952
20230718_132456_aug1_jpg.rf.GmapVtjsl6H0TXUBgKkx.jpg,Pleine,0.9,0.26393955184992185
20230718_132459_aug2_jpg.rf.OFuUFFT81lDbDNkb1uli.jpg,Percée,0.75,0.027278532980567465
20230718_132510_aug1_jpg.rf.lHDT80y1FdXSkbFqsaxc.jpg,Percée,0.75,0.032409972299168976
20230718_132510_aug2_jpg.rf.3gAOUTUAZfHgMr4JG40z.jpg,Percée,0.75,0.012238256932654215
20230718_132514_aug1_jpg.rf.wH2feesLzZG2CM2fUVI6.jpg,Percée,0.75,0.04854054054054054
20230718_132514_aug2_jpg.rf.xuDReTsnrmi6Bx70kdbN.jpg,Percée,0.75,0.012745681953543775
20230718_132515_aug1_jpg.rf.eoUqFD8rRlGQG2ibiiRl.jpg,Percée,0.75,0.03289473684210526
20230718_132515_aug2_jpg.rf.rRRVz6BqWMe4Fba3QywZ.jpg,Percée,0.75,0.0033600413543551306
20230718_132522_aug1_jpg.rf.Y4SKk0d9wy3LWLAAKsqA.jpg,Percée,0.75,0.02903225806451613
20230718_132522_aug2_jpg.rf.Pq4NyR47cY2W9yU7bja9.jpg,Percée,0.75,0.015523166251925584
20230718_132530_aug1_jpg.rf.tbOfDvrvDhvFVdVd6QvN.jpg,Semi-cerclée,0.8,0.050544794188861986
20230718_132530_aug2_jpg.rf.DUc0M4cQZ0TUYwj8Ox95.jpg,Percée,0.75,0.0234000234000234
20230718_132533_aug1_jpg.rf.67mTNqTmqm3ht9ztU8Fk.jpg,Pleine,0.9,0.336060867068619
20230718_132533_aug2_jpg.rf.B0mNdUd4Jb3bCSqrPywx.jpg,Pleine,0.9,0.21428571428571427
20230718_132535_aug1_jpg.rf.UQFs0oDKYILuJKDkogjN.jpg,Percée,0.75,0.03595317725752508
20230718_132535_aug2_jpg.rf.ZS1ILVIyRjE8KJzTTeNC.jpg,Percée,0.75,0.022988505747126436
20230718_132537_aug1_jpg.rf.Acmp5QBKi4SEpkj6UTXf.jpg,Percée,0.75,0.04148747786491273
20230718_132537_aug2_jpg.rf.HFuYyPTRcBc7PHMKzYEk.jpg,Percée,0.75,0.018328445747800588
20230718_132552_aug2_jpg.rf.4PQpzkes1qMLvLaniMEb.jpg,Percée,0.75,0.015531660692951015
20230718_132556_aug1_jpg.rf.m59ITMtGk28cSEjC8ntE.jpg,Percée,0.75,0.018043303929430633
20230718_132556_aug2_jpg.rf.lvNt1zFEOz4KMcWky634.jpg,Percée,0.75,0.015447154471544716
20230718_132558_aug1_jpg.rf.K8erabwgbdrbXjqq3QQe.jpg,Semi-cerclée,0.8,0.05058269278452765
20230718_132558_aug2_jpg.rf.44jAbNY0WduyqtCHqXyz.jpg,Percée,0.75,0.013571428571428571
20230718_132617_aug1_jpg.rf.dJHMynuQo4kPCLUNqHHi.jpg,Percée,0.75,0.048108692295815964
20230718_132617_aug2_jpg.rf.BmYG3pIlhUr6hctooXGp.jpg,Percée,0.75,0.03618221811342408
20230718_132619_aug1_jpg.rf.VNJjwrw3oInMMdLtp4cb.jpg,Percée,0.75,0.043371900826446284
20230718_132619_aug2_jpg.rf.IOTSldEcqrIfYgidVGWZ.jpg,Percée,0.75,0.025341914722445697
20230718_132623_aug1_jpg.rf.K437778RjoLMIQN1xr5z.jpg,Percée,0.75,0.029626623376623376
20230718_132623_aug2_jpg.rf.m9eGEHfDKRAlpXKk4RyI.jpg,Percée,0.75,0.013918067226890757
20230718_132630_aug1_jpg.rf.MkixA1FATHF2UEYHOWs3.jpg,Percée,0.75,0.02147912243453645
20230718_132630_aug2_jpg.rf.d0znSLeSzIpGJAp94L4O.jpg,Percée,0.75,0.01467593567867425
20230718_132639_aug1_jpg.rf.E1yFPHlI0bzcH8jV9CVv.jpg,Percée,0.75,0.009487882944673069
20230718_132639_aug2_jpg.rf.FeLCuYeoPj7iYCqSiNxt.jpg,Percée,0.75,0.0
20230718_132641_aug1_jpg.rf.ePBKozu1Tsk22XYmEKKU.jpg,Percée,0.75,0.0134608966514629
20230718_132641_aug2_jpg.rf.VTezU16onHqgbyYIKxsF.jpg,Percée,0.75,0.0005516328331862312
20230718_132644_aug1_jpg.rf.CRk3ruxwJoUu7GVlEbac.jpg,Percée,0.75,0.018867924528301886
20230718_132644_aug2_jpg.rf.p1IgvyoSwT7pQtDc6Vor.jpg,Percée,0.75,0.01488792238206758
20230718_132745_aug1_jpg.rf.HSY2jVE5FCOi1tXqc6lK.jpg,Semi-cerclée,0.8,0.08236475821495193
20230718_132745_aug2_jpg.rf.86gpV2pGMP20tkX3l4vZ.jpg,Semi-cerclée,0.8,0.06945108666772942
20230718_132753_aug1_jpg.rf.wDnanHqr8bz1DGysfeN9.jpg,Percée,0.75,0.005191740412979351
20230718_132753_aug2_jpg.rf.fQaSXV2UzRIfqjv6jjza.jpg,Percée,0.75,0.04762577727529678
20230718_132759_aug2_jpg.rf.g6o16wekyV2lwjzelhfL.jpg,Semi-cerclée,0.8,0.05384615384615385
20230718_132801_aug1_jpg.rf.3jFAFbiCXTReCG5s1O7i.jpg,Percée,0.75,0.0008025682182985554
20230718_132801_aug2_jpg.rf.CLL44oqrwlLlgXXJjMGx.jpg,Percée,0.75,0.04542372881355932
20230718_132822_aug1_jpg.rf.AvVXxB11hAbiIYznZplB.jpg,Pleine,0.9,0.20387616410772716
20230718_132822_aug2_jpg.rf.AnZUOLfMwwu34p19Su7r.jpg,Pleine,0.9,0.1862962962962963
20230718_132825_aug1_jpg.rf.ThkvONhhiNMouBK7HJk6.jpg,Percée,0.75,0.02012594147425608
20230718_132825_aug2_jpg.rf.fX2DVsfDkUrzHinFnInp.jpg,Percée,0.75,0.008444187391555813
20230718_132826_aug1_jpg.rf.0xvKiHDL9RkJ3ltltUVP.jpg,Percée,0.75,0.025278058645096056
20230718_132826_aug2_jpg.rf.3bDnHHjHi3dAKGvsw0Ni.jpg,Pleine,0.9,0.1411764705882353
20230718_132834_aug1_jpg.rf.qYW3SILrxA0vlaOIDmiK.jpg,Percée,0.75,0.03965378421900161
20230718_132834_aug2_jpg.rf.Qjs2vF6if0HKfLwPi9ey.jpg,Percée,0.75,0.008151008151008152
20230718_132837_aug2_jpg.rf.ZTXOeK6SqTJm6K5xfe44.jpg,Percée,0.75,0.00040816326530612246
20230718_132839_aug1_jpg.rf.1lsSPPgRU0DiVEh5vdSa.jpg,Percée,0.75,0.03942028985507246
20230718_132839_aug2_jpg.rf.jGHtJWIK2FcpVvGi7gQz.jpg,Percée,0.75,0.008141762452107279
20230718_132843_aug2_jpg.rf.ajOnhlRxrJNU7IuIPwbs.jpg,Percée,0.75,0.01048951048951049
20230718_132849_aug1_jpg.rf.BecvBFa0FJE46nBzGm9M.jpg,Pleine,0.9,0.21570073761854583
20230718_132849_aug2_jpg.rf.fzGjUBkUoMlHzWzZYez4.jpg,Percée,0.75,0.02092267706302794
20230718_132853_aug1_jpg.rf.jcevGUFvtydbwcKz5hWS.jpg,Pleine,0.9,0.21028701335606706
20230718_132853_aug2_jpg.rf.qzLtxKsPEBTk7m0OHfcQ.jpg,Pleine,0.9,0.21186286958099038
20230718_132900_aug1_jpg.rf.OmqyxN1OStdIOt5QjMRX.jpg,Semi-cerclée,0.8,0.06635289774824658
20230718_132900_aug2_jpg.rf.oYsE9VDvD5tFk9yciOBI.jpg,Percée,0.75,0.04542682926829268
20230718_133006_aug1_jpg.rf.anLOZTBJkCZzdxrLsHh9.jpg,Pleine,0.9,0.3688118811881188
20230718_133006_aug2_jpg.rf.w6VZ2Qs8Pfc27Jjc5EYH.jpg,Pleine,0.9,0.3224376731301939
20230718_133008_aug1_jpg.rf.sNlqclHoZg4CUWlEtOmi.jpg,Pleine,0.9,0.14562289562289563
20230718_133008_aug2_jpg.rf.OFBvD0muzZfHLZplLWhk.jpg,Pleine,0.9,0.33174692049272114
20230718_133012_aug1_jpg.rf.CWfuHXzdcjUjwn7SQCTs.jpg,Semi-cerclée,0.8,0.1087233575038453
20230718_133012_aug2_jpg.rf.DAbWnFy9M6BVI8Bm96Ae.jpg,Percée,0.75,0.029439696106362774
20230718_133016_aug1_jpg.rf.oWzkk8Xqkr1mcwTcaSbK.jpg,Pleine,0.9,0.18250041233712683
20230718_133016_aug2_jpg.rf.gXT7dUZrjaNjeF8ef6Wj.jpg,Pleine,0.9,0.19304511278195488
20230718_133029_aug1_jpg.rf.GeaiMgclZx3525v3LvMP.jpg,Pleine,0.9,0.23879157962397557
20230718_133029_aug2_jpg.rf.lRjba1aHjdmmuZqx7RLU.jpg,Pleine,0.9,0.26663492441376024
20230718_133030_aug1_jpg.rf.eFxgzL5bFk9qHhsyEOsB.jpg,Pleine,0.9,0.31068250363033845
20230718_133030_aug2_jpg.rf.2e85EXgo9Sq0vtDw5mtC.jpg,Pleine,0.9,0.3156025369978858
20230718_133033_aug1_jpg.rf.kbbknP2bvSLFM4mvSZ5x.jpg,Pleine,0.9,0.2676043390329105
20230718_133033_aug2_jpg.rf.7BM4ss4LLSHpiKyEOcTv.jpg,Pleine,0.9,0.37853689977441185
20230718_133035_aug1_jpg.rf.xY9A0xGY31RhJkw65Ocg.jpg,Pleine,0.9,0.2788023317435082
20230718_133035_aug2_jpg.rf.8IRXIE1twDnT4ZFiieTG.jpg,Pleine,0.9,0.33890665448454393
20230718_133037_aug1_jpg.rf.qxARAiis1X0SRcPtyiOV.jpg,Pleine,0.9,0.39924629645672705
20230718_133037_aug2_jpg.rf.Y3iSB1LhutxjGfthiw2w.jpg,Pleine,0.9,0.3571137382796576
20230718_133039_aug1_jpg.rf.lZ31MLPcGwnKhKFougJl.jpg,Pleine,0.9,0.39717603269005136
20230718_133039_aug2_jpg.rf.uVbcmmamcp3Y6wd5Xk9M.jpg,Pleine,0.9,0.4446601418210251
20230718_133055_aug1_jpg.rf.9PO4NpcAupdF3WLCeNNI.jpg,Pleine,0.9,0.237376291266344
20230718_133055_aug2_jpg.rf.YcxJIaR8dEuGtFSLWnsO.jpg,Semi-cerclée,0.8,0.06703296703296703
20230718_133058_aug1_jpg.rf.QJcS4GwN40A8SANNt1O4.jpg,Pleine,0.9,0.16573025268154915
20230718_133058_aug2_jpg.rf.CiWHamm3UOVhKq8ZM05V.jpg,Percée,0.75,0.04431336963097399
20230718_133112_aug1_jpg.rf.b6ksVXr6mfI2nhP004va.jpg,Pleine,0.9,0.3865242893668221
20230718_133112_aug2_jpg.rf.FaSJmJgIhQo9MF7BVAS7.jpg,Percée,0.75,0.005021971123666039
20230718_133117_aug1_jpg.rf.P98eswKiuhR3z87iguNq.jpg,Pleine,0.9,0.248046875
20230718_133117_aug2_jpg.rf.cdR38HuBQleXajd8Z3Z4.jpg,Pleine,0.9,0.20952023988005997
20230718_133120_aug2_jpg.rf.PYzMgK94OxiEMW3tC73W.jpg,Percée,0.75,0.00966183574879227
20230718_133125_aug1_jpg.rf.kMfvatZyZcVeU8uP4sj4.jpg,Pleine,0.9,0.15338345864661654
20230718_133125_aug2_jpg.rf.woX0eGW8d7Amh8jSxELW.jpg,Pleine,0.9,0.14689655172413793
20230718_133133_aug1_jpg.rf.swVQ3DWP1PSrgYXFvbw3.jpg,Pleine,0.9,0.2119546547578152
20230718_133133_aug2_jpg.rf.HQ88IkNyR31XaQF3K2XP.jpg,Pleine,0.9,0.21526418786692758
20230718_133140_aug2_jpg.rf.qlY1YPkMDGVExNjCjBsl.jpg,Pleine,0.9,0.18845070422535212
20230718_133142_aug1_jpg.rf.FVSqoK48wmP93Wgv8MZq.jpg,Pleine,0.9,0.18604651162790697
20230718_133142_aug2_jpg.rf.7fhhK5sYMVHUmwctiLl9.jpg,Pleine,0.9,0.17657342657342656
20230718_133144_aug1_jpg.rf.Wu11WqySiFdnm8PoMHKt.jpg,Pleine,0.9,0.170042194092827
20230718_133144_aug2_jpg.rf.csy7P1yDuMu7bWzsO66U.jpg,Percée,0.75,0.0030637254901960784
20230718_133147_aug1_jpg.rf.oUyokuHm79ED9SNTNsdD.jpg,Semi-cerclée,0.8,0.050024050024050026
20230718_133147_aug2_jpg.rf.JjFHxvGCZXMI0wh0NOHD.jpg,Percée,0.75,0.005479452054794521
20230718_133152_aug1_jpg.rf.poF2CcJai2y9tdrGPJby.jpg,Percée,0.75,0.03114400246685168
20230718_133152_aug2_jpg.rf.9CkRb3zIycqpuNPyNPSD.jpg,Percée,0.75,0.0068359375
20230718_133154_aug1_jpg.rf.FMj4EAPjikttR8sEWOf8.jpg,Pleine,0.9,0.37916785408948417
20230718_133154_aug2_jpg.rf.SJHFWWCD62R2bRbvUddv.jpg,Pleine,0.9,0.18087318087318088
20230718_133156_aug1_jpg.rf.Fc7jSFbNs6nHMLzjKpOp.jpg,Percée,0.75,0.043035395976572445
20230718_133156_aug2_jpg.rf.awKTm8WFWJ4e4JqOFWqK.jpg,Percée,0.75,0.009176587301587302
20230718_133203_aug1_jpg.rf.kcilq8F7NZiEi829iMdT.jpg,Pleine,0.9,0.19221311475409836
20230718_133203_aug2_jpg.rf.cUkIKJlUvS8kmk65YEZ1.jpg,Semi-cerclée,0.8,0.11837928153717628
20230718_133208_aug1_jpg.rf.tk6DY4evMIxC35eUEZTx.jpg,Pleine,0.9,0.20910638297872342
20230718_133208_aug2_jpg.rf.qhgbywqk5Z2TGUq0FQik.jpg,Pleine,0.9,0.13978494623655913
20230718_133232_aug1_jpg.rf.mz8S9fv7w6r420usgOWl.jpg,Pleine,0.9,0.2577677224736048
20230718_133232_aug2_jpg.rf.ksCQat46heVzzpUUcoDj.jpg,Pleine,0.9,0.15707915273132664
20230718_133234_aug1_jpg.rf.HM7lk14dpbuubwIQuq96.jpg,Semi-cerclée,0.8,0.11738857501569366
20230718_133234_aug2_jpg.rf.7vFfSCWYUJmwCCEPyBrM.jpg,Pleine,0.9,0.15615448735759932
20230718_133237_aug1_jpg.rf.DTsV4uLVWnuL7tf96Wro.jpg,Pleine,0.9,0.43675213675213675
20230718_133237_aug2_jpg.rf.jyG7Jp1EC26YleZ7GpSU.jpg,Pleine,0.9,0.21595168679716784
20230718_133243_aug1_jpg.rf.FmGrqpKrizfaVlmHpLsO.jpg,Pleine,0.9,0.6673552296357502
20230718_133243_aug2_jpg.rf.DMlSSJy7QIAnUBMkBVTU.jpg,Pleine,0.9,0.35714285714285715
20230718_133246_aug1_jpg.rf.iMyxiqISLkqPafwLxYwf.jpg,Pleine,0.9,0.9502135807924584
20230718_133246_aug2_jpg.rf.G8Rh4EN8AYZvjvw4L1pS.jpg,Pleine,0.9,0.622046204620462
20230718_133249_aug1_jpg.rf.cr9TA9eDCfO39QBrrflr.jpg,Pleine,0.9,0.2713068181818182
20230718_133249_aug2_jpg.rf.wlrv9dRYkIi3iYLtPj2P.jpg,Pleine,0.9,0.437653411880216
20230718_133254_aug1_jpg.rf.PvRbXr17UEZtZz8wNHzZ.jpg,Pleine,0.9,0.6267832489645652
20230718_133254_aug2_jpg.rf.0hHdAPG49frnj0BHuvUv.jpg,Percée,0.75,0.007272727272727273
20230718_133300_aug1_jpg.rf.QAYI1J9XbHJldJ1KpsX6.jpg,Pleine,0.9,0.179
20230718_133300_aug2_jpg.rf.MqOCwOdHjPoFrQnimDof.jpg,Percée,0.75,0.003968253968253968
20230718_133334_aug1_jpg.rf.Iegg7wemGrWZg3aDaYua.jpg,Pleine,0.9,0.25109649122807015
20230718_133334_aug2_jpg.rf.lZ9edOBoagJk2tG4bGab.jpg,Percée,0.75,0.040695415695415696
20230718_133337_aug1_jpg.rf.WO88n9wvsa4gwnxIbqwW.jpg,Pleine,0.9,0.13007677756759764
20230718_133337_aug2_jpg.rf.Cvjbyi43FmFbWwVhQFo2.jpg,Percée,0.75,0.041754018169112506
20230718_133340_aug1_jpg.rf.nLauFOvn33k7M0jahEkF.jpg,Semi-cerclée,0.8,0.08995958641683724
20230718_133340_aug2_jpg.rf.hCDQWxQUUrUQcg7QKRqu.jpg,Pleine,0.9,0.15741162190866334
20230718_133342_aug1_jpg.rf.VsjEq3w8yBwNR9yVaKMg.jpg,Pleine,0.9,0.12526752273943284
20230718_133342_aug2_jpg.rf.05E2smboa1tFIj4FX70h.jpg,Percée,0.75,0.04542936288088643
20230718_133349_aug1_jpg.rf.CtOdTgNZOTXSVgQ1NGgq.jpg,Semi-cerclée,0.8,0.07389473684210526
20230718_133349_aug2_jpg.rf.775FHcwAKPatf6TQmk4d.jpg,Semi-cerclée,0.8,0.08054226475279107
20230718_133351_aug1_jpg.rf.0bRmtlmNXYn6GF9f3llC.jpg,Semi-cerclée,0.8,0.1130952380952381
20230718_133351_aug2_jpg.rf.uMiCZNC7tiKjHzPPoHZd.jpg,Pleine,0.9,0.24335664335664337
20230718_133355_aug1_jpg.rf.qNGDbRJN0dEX4Ivt6o8C.jpg,Semi-cerclée,0.8,0.05923087266370849
20230718_133355_aug2_jpg.rf.eHyYjBrkXKqKwPRwpuUA.jpg,Percée,0.75,0.04462759462759463
20230718_133357_aug1_jpg.rf.7hUwrbhZskI96rQYoSe1.jpg,Pleine,0.9,0.13917940466613032
20230718_133357_aug2_jpg.rf.dImqzGxpHeXvGE8HBlqY.jpg,Pleine,0.9,0.26274285714285717
20230718_133359_aug1_jpg.rf.W7FopCY9QniKtpmhNcGJ.jpg,Pleine,0.9,0.17390029325513195
20230718_133359_aug2_jpg.rf.GlNDWUnkHXnlOIxf897P.jpg,Percée,0.75,0.03593220338983051
20230718_133402_aug1_jpg.rf.2psvB7qGXwW1BMKxJKCN.jpg,Pleine,0.9,0.17182789805426144
20230718_133402_aug2_jpg.rf.8pb1O3EQCdVItWWzBBEV.jpg,Percée,0.75,0.02757201646090535
20230718_133412_aug1_jpg.rf.2e1kC0IKFoW0IBtpn2jq.jpg,Semi-cerclée,0.8,0.08811928811928812
20230718_133412_aug2_jpg.rf.4l4Z44rYoYd7d8PDMp6z.jpg,Percée,0.75,0.04899084200231173
20230718_133415_aug1_jpg.rf.mRdtVFcvXEwts9x8jXYd.jpg,Pleine,0.9,0.18206396686608375
20230718_133415_aug2_jpg.rf.MXFSeq4SGKxQGVZNkr2R.jpg,Semi-cerclée,0.8,0.11914323962516733
20230718_133417_aug1_jpg.rf.V1XPuSvifqSnd8UBJWhR.jpg,Pleine,0.9,0.30589769598608896
20230718_133417_aug2_jpg.rf.MlIWkGK1nbb4tM20WZta.jpg,Pleine,0.9,0.19658119658119658
20230718_133434_aug1_jpg.rf.J9BT7f6JOFLF7QAzJefH.jpg,Semi-cerclée,0.8,0.09193527339162208
20230718_133434_aug2_jpg.rf.f5fPqP1R7lbXzV6EFN1h.jpg,Semi-cerclée,0.8,0.09231776516804889
20230718_133435_aug1_jpg.rf.VmfsQmVcbW4q6hvpj8Ax.jpg,Semi-cerclée,0.8,0.0685266999615828
20230718_133435_aug2_jpg.rf.sh0R6Vix7D2wcFz3IMLg.jpg,Semi-cerclée,0.8,0.07729468599033816
20230718_133440_aug1_jpg.rf.e3SE3DwY8uVfYL8s6p0y.jpg,Semi-cerclée,0.8,0.0637008192204548
20230718_133440_aug2_jpg.rf.BHXjsmW7cnjHfflAJ8SE.jpg,Percée,0.75,0.015248640248640248
20230718_133444_aug1_jpg.rf.zYR1BWhqrkPlEBcKLvBX.jpg,Semi-cerclée,0.8,0.051644736842105264
20230718_133444_aug2_jpg.rf.jrXf2a8ZGZQIFqn3VtOI.jpg,Pleine,0.9,0.21739130434782608
20230718_133447_aug1_jpg.rf.tdKmOQLX25vegK8xErNo.jpg,Pleine,0.9,0.12350014632718759
20230718_133447_aug2_jpg.rf.Aov30oAlJhQufVAKJQyq.jpg,Percée,0.75,0.0233201581027668
20230718_133449_aug1_jpg.rf.8Pjwd1XLteFWNLhmtuLL.jpg,Pleine,0.9,0.1334503950834065
20230718_133449_aug2_jpg.rf.smGAyvccunAa1JkXPOJa.jpg,Percée,0.75,0.018253968253968255
20230718_133451_aug1_jpg.rf.LkusMG0VQU0KdHslEqHm.jpg,Semi-cerclée,0.8,0.11510416666666666
20230718_133451_aug2_jpg.rf.7tf1EmDwuEARAZPHfzF6.jpg,Percée,0.75,0.022215269086357948
20230718_133457_aug1_jpg.rf.ulOdlk8JQqVyEvPNkoFh.jpg,Percée,0.75,0.048701298701298704
20230718_133457_aug2_jpg.rf.ATq2AzU1R14taLBujaZR.jpg,Percée,0.75,0.011217948717948718
20230718_133504_aug1_jpg.rf.6ukRd3nZwMPOpmhExVE3.jpg,Semi-cerclée,0.8,0.09914320685434516
20230718_133504_aug2_jpg.rf.JLy6GjeZBR7h7WTNmhT2.jpg,Semi-cerclée,0.8,0.05555555555555555
20230718_133513_aug1_jpg.rf.5wiw87PHkBN15DbajylU.jpg,Pleine,0.9,0.2965544871794872
20230718_133513_aug2_jpg.rf.kY6qZXBxqCuT4W5DKVA6.jpg,Pleine,0.9,0.28850341123530265
20230718_133517_aug1_jpg.rf.7SNTexqQIUQ0OsfPtvQf.jpg,Semi-cerclée,0.8,0.10508374092189121
20230718_133521_aug1_jpg.rf.X8UuHADXB3IYj1smYsmc.jpg,Pleine,0.9,0.3
20230718_133521_aug2_jpg.rf.ykMQQUDEotQVQXHhyGgT.jpg,Semi-cerclée,0.8,0.08892164087447801
20230718_133523_aug1_jpg.rf.YLFTnfjoIVs5dBEtL1Fi.jpg,Semi-cerclée,0.8,0.11956935975609756
20230718_133523_aug2_jpg.rf.WMgzmx9QWGdmMQWs9sxU.jpg,Semi-cerclée,0.8,0.07065357788685095
20230718_133527_aug2_jpg.rf.o6bRXcuuEydcJ7YiTzZ5.jpg,Pleine,0.9,0.20555555555555555
20230718_133529_aug1_jpg.rf.n6DeC9ZMqlq4xzbRvTmZ.jpg,Pleine,0.9,0.3867872807017544
20230718_133529_aug2_jpg.rf.umvloyPkSPhJi1hbkm0H.jpg,Pleine,0.9,0.14910714285714285
20230718_133534_aug2_jpg.rf.fLhqMbschDf3J2SnZkwU.jpg,Semi-cerclée,0.8,0.09820390231296033
20230718_133535_aug2_jpg.rf.Ltiz47MwBdZQ3EHhhsJr.jpg,Semi-cerclée,0.8,0.1055930568948891
20230718_133547_aug2_jpg.rf.tneHfSOULi3hGH4HbIgc.jpg,Pleine,0.9,0.49063989108236894
20230718_133551_aug1_jpg.rf.vVox7dOJw5hnRTj8zuOX.jpg,Pleine,0.9,0.17056603773584905
20230718_133551_aug2_jpg.rf.adPuDjxSFePDqgB057MJ.jpg,Pleine,0.9,0.14147065540077644
20230718_133553_aug1_jpg.rf.DPSBYMWTxiQRHYhlNsb8.jpg,Pleine,0.9,0.12052845528455285
20230718_133553_aug2_jpg.rf.K6I4BXRrsiPHJ96Lh5XW.jpg,Pleine,0.9,0.13665218843969262
20230718_133600_aug2_jpg.rf.qbhU8FtmEMPcscTRNgQu.jpg,Pleine,0.9,0.5782312925170068
20230718_133602_aug1_jpg.rf.tKrbma6CrX88snIQKQH6.jpg,Pleine,0.9,0.22779496243923994
20230718_133602_aug2_jpg.rf.iwM0PJM3FmoXoaCXBFaG.jpg,Pleine,0.9,0.16366443643849718
20230718_133608_aug1_jpg.rf.52xxXx6GsCYVV2typuka.jpg,Semi-cerclée,0.8,0.09170771756978653
20230718_133608_aug2_jpg.rf.rF4Rs2qfbjxGnujwQaqO.jpg,Semi-cerclée,0.8,0.05733768728390319
20230718_133612_aug1_jpg.rf.T69BJeGscc3LMjCw9cfK.jpg,Semi-cerclée,0.8,0.07459312839059674
20230718_133612_aug2_jpg.rf.j7V6aquzdCpnQSmZs1SF.jpg,Percée,0.75,0.02745995423340961
20230718_133615_aug1_jpg.rf.BLj0Sf5KGkWSVZ66Xq5N.jpg,Semi-cerclée,0.8,0.057147482596729804
20230718_133615_aug2_jpg.rf.mJPReMSv0Lv1wCSRizXH.jpg,Semi-cerclée,0.8,0.07083333333333333
20230718_133624_aug2_jpg.rf.ketZw9BHg7KTDJrS7HMM.jpg,Pleine,0.9,0.23431762545899631
20230718_133626_aug1_jpg.rf.KgzC3kHtv46nd6DZTRDk.jpg,Pleine,0.9,0.1605794421328402
20230718_133626_aug2_jpg.rf.Us83KWywNUpsjcFLUydD.jpg,Percée,0.75,0.017543859649122806
20230718_133630_aug1_jpg.rf.Qzwrs38K1ma7FN6sFqAQ.jpg,Percée,0.75,0.03403409090909091
20230718_133630_aug2_jpg.rf.wGEbXQrRn4fIY1gBD6Na.jpg,Pleine,0.9,0.19896246566981995
20230718_133639_aug2_jpg.rf.waxeR2cwUVaHrDWDCI9G.jpg,Percée,0.75,0.048196517412935326
20230718_133645_aug1_jpg.rf.BHeNVGNFW2fU4zAo8nP9.jpg,Semi-cerclée,0.8,0.09341397849462366
20230718_133645_aug2_jpg.rf.MjYQdzTemjGL8LfWHPWD.jpg,Percée,0.75,0.03999475478625754
20230718_133646_aug2_jpg.rf.WwRVb1MvawnacOOdCdtq.jpg,Semi-cerclée,0.8,0.06572890025575448
20230718_133649_aug1_jpg.rf.IQ2e3BxUiAdDZnVCXul2.jpg,Semi-cerclée,0.8,0.07522407170294494
20230718_133649_aug2_jpg.rf.sRJW8XMIQlSZc0TKXhGj.jpg,Semi-cerclée,0.8,0.05099941211052322
20230718_133653_aug1_jpg.rf.82E9LHbySLUvvvFTJpAU.jpg,Semi-cerclée,0.8,0.09564660691421255
20230718_133653_aug2_jpg.rf.zXOniT9twnMOA9VWRn2S.jpg,Semi-cerclée,0.8,0.1058187095922945
20230718_133654_aug1_jpg.rf.qvcxfmtTpbhnLpi4BSel.jpg,Pleine,0.9,0.18721198156682028
20230718_133654_aug2_jpg.rf.BtnRCk3HVKfvc1PrTtog.jpg,Pleine,0.9,0.1434090909090909
20230718_133728_aug1_jpg.rf.pwNZ5XRJV6WtNF9uHt7W.jpg,Pleine,0.9,0.23362941541003926
20230718_133728_aug2_jpg.rf.IjeChlcqjcdE6hu2l4p8.jpg,Pleine,0.9,0.21778701778701778
20230718_133729_aug1_jpg.rf.2aCiOkNJ5HGI6jcOF1jY.jpg,Pleine,0.9,0.3078000164731077
20230718_133729_aug2_jpg.rf.sGzyQ2l0A7QAv7vHdEvw.jpg,Pleine,0.9,0.1859283555212554
20230718_133745_aug1_jpg.rf.LhKehUWBJsP0Ef7fLrHS.jpg,Pleine,0.9,0.15596072931276297
20230718_133745_aug2_jpg.rf.S2rc7VYJseCpPRkT7QZM.jpg,Pleine,0.9,0.1778176535930958
20230718_133757_aug1_jpg.rf.WoMaKmP70G2xhOsTzX8B.jpg,Percée,0.75,0.010935441370223979
20230718_133757_aug2_jpg.rf.2AcvhgjR1Y1PowIMkIC5.jpg,Percée,0.75,0.0
20230718_133758_aug1_jpg.rf.FFjh6O5kA7W6QCQ62kFc.jpg,Percée,0.75,0.003828608667318345
20230718_133758_aug2_jpg.rf.iK5e8Lyv1ioY7iWeuwUM.jpg,Percée,0.75,0.0
20230718_133810_aug1_jpg.rf.hSuuOsCqKEqgAZPow4BT.jpg,Pleine,0.9,0.36562560246770776
20230718_133810_aug2_jpg.rf.OJQvksYRJ3xjZjXBPDpc.jpg,Semi-cerclée,0.8,0.11275314723590586
20230718_133812_aug1_jpg.rf.UqwE7FUOJrSQL5oc3XRE.jpg,Pleine,0.9,0.3602952602952603
20230718_133814_aug1_jpg.rf.05FlL6uL2lJZ7aLS8E0W.jpg,Pleine,0.9,0.4518934254348094
20230718_133814_aug2_jpg.rf.uO8dLoGhx4Vy8f3jmCjj.jpg,Percée,0.75,0.04100298016647826
20230718_133830_aug1_jpg.rf.Moqs652eAuwEuU89T99t.jpg,Pleine,0.9,0.24748576275293832
20230718_133830_aug2_jpg.rf.uqc62xYCCY5pmvlgZuOS.jpg,Pleine,0.9,0.2204112509456021
20230718_133856_aug1_jpg.rf.h3POPC8mlYXcQF04bcF7.jpg,Pleine,0.9,0.17346470843403358
20230718_133856_aug2_jpg.rf.M08jdXu0k8dpOY90i42H.jpg,Pleine,0.9,0.1683492163452579
20230718_133904_aug1_jpg.rf.df5cKNK5WFlyFmajahnd.jpg,Percée,0.75,0.003013115916341723
20230718_133904_aug2_jpg.rf.5O5Hrc53PciX0cBdyiVr.jpg,Percée,0.75,0.0003940110323089047
20230718_133908_aug1_jpg.rf.80Ewjd0a2khDXimuEf2x.jpg,Pleine,0.9,0.27654682274247494
20230718_133908_aug2_jpg.rf.ps9D5yYbovoay5KZjE6t.jpg,Pleine,0.9,0.20704171450440106
20230718_133911_aug1_jpg.rf.JiU8hRrZdw5CmDtKJrzD.jpg,Pleine,0.9,0.2137056842939196
20230718_133911_aug2_jpg.rf.SW0RbHjmJ7VXdM6F4640.jpg,Percée,0.75,0.0
20230718_133916_aug1_jpg.rf.BVxMfhiP1lVSuJ3yiRIX.jpg,Percée,0.75,0.0007352941176470588
20230718_133916_aug2_jpg.rf.YDU3lingV1vYDhwtGwTw.jpg,Percée,0.75,0.0
20230718_133925_aug1_jpg.rf.nyzC8IHpNd2qfZDr3a0G.jpg,Pleine,0.9,0.14405301709103593
20230718_133925_aug2_jpg.rf.Gw5WZ6wDtdWQlTF8mw7b.jpg,Pleine,0.9,0.15484330484330483
20230718_133928_aug1_jpg.rf.4Ml8v7batd2DOLGQRtqa.jpg,Percée,0.75,0.009043817934782608
20230718_133928_aug2_jpg.rf.8QQ4nz2pk7PjDzVCN8Ca.jpg,Percée,0.75,0.00037509377344336085
20230718_133930_aug1_jpg.rf.WGr6ydrh3syrXuyOsZ2E.jpg,Percée,0.75,0.0065125366330185605
20230718_133930_aug2_jpg.rf.dR4TZ2qrC5x2s95D9M9v.jpg,Percée,0.75,0.00034217279726261765
20230718_133943_aug2_jpg.rf.u8jSEEN3PLEBf5QUTbNP.jpg,Percée,0.75,0.0
20230718_133950_aug2_jpg.rf.ChdXT1IXem52NhbJLguG.jpg,Percée,0.75,0.0
20230718_133956_aug1_jpg.rf.z6uapuDzmfVxVPzJHfP0.jpg,Pleine,0.9,0.1865590092277805
20230718_133956_aug2_jpg.rf.BZ4mhbNtTdDQJ3Om6z0h.jpg,Pleine,0.9,0.1453948207679551
20230718_134002_aug1_jpg.rf.DWD3DZX5jXjUqrZP5T7A.jpg,Percée,0.75,0.0028379772961816306
20230718_134002_aug2_jpg.rf.IJY36aOE9cZawPhwNuS5.jpg,Percée,0.75,0.0
20230718_134010_aug1_jpg.rf.W6WgW8gZjpgbnLmRjeqW.jpg,Pleine,0.9,0.1657986111111111
20230718_134010_aug2_jpg.rf.uxnDz8QJlnjvsLBcaoFo.jpg,Pleine,0.9,0.13991489361702128
20230718_134013_aug1_jpg.rf.4yl7gRUhrefnqSYhvhvX.jpg,Pleine,0.9,0.15544871794871795
20230718_134015_aug1_jpg.rf.mnTNLNulOep3qcDjgVS0.jpg,Semi-cerclée,0.8,0.09930555555555555
20230718_134015_aug2_jpg.rf.2SuHZYtrvByF8GYJkS25.jpg,Semi-cerclée,0.8,0.09003601440576231
20230718_134020_aug1_jpg.rf.nHYL7aNVqzUnfuFTKqJF.jpg,Percée,0.75,0.0005973715651135006
20230718_134020_aug2_jpg.rf.XvfMr6VOfVRyHsNdItyf.jpg,Percée,0.75,0.03177966101694915
20230718_134022_aug1_jpg.rf.BVcXcZ0OyuB1AJGLVC88.jpg,Percée,0.75,0.0
20230718_134022_aug2_jpg.rf.75JqMbGfP8YAHb9soC7L.jpg,Percée,0.75,0.0
20230718_134048_aug1_jpg.rf.BNWPi6zAk5KpSgfCquz1.jpg,Pleine,0.9,0.39039125431530497
20230718_134048_aug2_jpg.rf.M8pcpQpvbVlXlztEL0st.jpg,Pleine,0.9,0.35417400493131385
20230718_134051_aug1_jpg.rf.8PFx9cjtsMEQVT6rvLtI.jpg,Pleine,0.9,0.638581700967022
20230718_134051_aug2_jpg.rf.7Amv1z3d7I3JZJXKTuzG.jpg,Percée,0.75,0.04807692307692308
20230718_134056_aug1_jpg.rf.sHnmPVCDG4AIni0bau4W.jpg,Pleine,0.9,0.13417438727905906
20230718_134056_aug2_jpg.rf.tQXtuPWHE3neSiZTcUpS.jpg,Semi-cerclée,0.8,0.11226526814413805
20230718_134058_aug1_jpg.rf.ovFLjfoqpO777wu8Hv5j.jpg,Pleine,0.9,0.5978703703703704
20230718_134058_aug2_jpg.rf.UU7qWw1sw4JX0VClnVGo.jpg,Pleine,0.9,0.39186507936507936
20230718_134105_aug1_jpg.rf.dIlVlrLvxU4NMxUph50O.jpg,Pleine,0.9,0.4254492472073822
20230718_134105_aug2_jpg.rf.eS1wNhxMFcOJ4zVNT3BS.jpg,Pleine,0.9,0.3743666729217489
20230718_134109_aug1_jpg.rf.AHhW5Rl5R2a5yMqhirZh.jpg,Pleine,0.9,0.3065635308838585
20230718_134109_aug2_jpg.rf.VS4NMFgO8EEM9lq4BkLu.jpg,Pleine,0.9,0.24621857157167185
20230718_134118_aug1_jpg.rf.Xm4ZCV3SaJSEyC95D4wT.jpg,Pleine,0.9,0.45689655172413796
20230718_134118_aug2_jpg.rf.9nyEfVebmd76xdKLXTB7.jpg,Pleine,0.9,0.3675555555555556
20230718_134122_aug1_jpg.rf.fxTC5G26wfK9ATNub1VI.jpg,Pleine,0.9,0.4893743204507265
20230718_134132_aug1_jpg.rf.4KIomjcWcKnDQOCjThY4.jpg,Pleine,0.9,0.3165264524871549
20230718_134132_aug2_jpg.rf.yCuUlbKI4IcVgywknPS6.jpg,Pleine,0.9,0.2133993148077655
20230718_134141_aug1_jpg.rf.53OBqNtzfMpfp4jdBAQd.jpg,Semi-cerclée,0.8,0.10905099628503884
20230718_134141_aug2_jpg.rf.6lX4RS6vdnFmTYPxQ23M.jpg,Pleine,0.9,0.2752506725360724
20230718_134145_aug1_jpg.rf.IwaTWKNpGCkWla9uugME.jpg,Pleine,0.9,0.8168922305764411
20230718_134145_aug2_jpg.rf.65ooyszICDaXSNQOj71q.jpg,Semi-cerclée,0.8,0.11173076923076923
20230718_134149_aug1_jpg.rf.Vwwe3F0Ea0ypRvTinjHI.jpg,Pleine,0.9,0.3421559809841963
20230718_134149_aug2_jpg.rf.A533kha2rR2rtUxxSO1G.jpg,Pleine,0.9,0.30474475220469505
20230718_134200_aug1_jpg.rf.gc7kf6nTH000pSOxoIXw.jpg,Percée,0.75,0.016253869969040248
20230718_134204_aug1_jpg.rf.G5LtdreWJcFeldlmne3O.jpg,Pleine,0.9,0.30713164386633773
20230718_134209_aug1_jpg.rf.RtCPxd6BRlWHv7Q1SwhP.jpg,Pleine,0.9,0.6295165394402036
20230718_134209_aug2_jpg.rf.j3vhYkaoIyeqVbpj25yq.jpg,Pleine,0.9,0.6276595744680851
20230718_134213_aug2_jpg.rf.Y1UxGJZkeSmJ5RcA6taO.jpg,Pleine,0.9,0.6728759654702408
20230718_134241_aug2_jpg.rf.T6MRTbA3fglIfWSoZigd.jpg,Pleine,0.9,0.2626916975145426
20230718_134247_aug1_jpg.rf.xkoNzYZofxsuBbHGtn1q.jpg,Pleine,0.9,0.23577235772357724
20230718_134250_aug1_jpg.rf.8kls8vRUi1owbZfBHFo6.jpg,Pleine,0.9,0.21238702817650187
20230718_134303_aug1_jpg.rf.QNW8ieD5vDwVWS4q5KrK.jpg,Semi-cerclée,0.8,0.11968166513621059
20230718_134303_aug2_jpg.rf.YCfm05VuMA3UqcYxwjpp.jpg,Semi-cerclée,0.8,0.09494949494949495
20230718_134305_aug1_jpg.rf.BKtfEXkoeFJ0GHOQ4Tu1.jpg,Pleine,0.9,0.1228888888888889
20230718_134307_aug1_jpg.rf.98k1m6M3O4nsoOwOv4dK.jpg,Pleine,0.9,0.12524461839530332
20230718_134307_aug2_jpg.rf.DmLMaSHXMYiB4TsEVMvB.jpg,Semi-cerclée,0.8,0.061711079943899017
20230718_134310_aug1_jpg.rf.7uUWPAd1zYyX9yzLHiUq.jpg,Semi-cerclée,0.8,0.07894736842105263
20230718_134310_aug2_jpg.rf.dcpm2BSUUnJRVtdghGEx.jpg,Semi-cerclée,0.8,0.08557692307692308
20230718_134324_aug1_jpg.rf.Swyg3WHQ35PIlGIqAViN.jpg,Pleine,0.9,0.16142557651991615
20230718_134324_aug2_jpg.rf.tLVD81yiDidQZradRw4Y.jpg,Semi-cerclée,0.8,0.05371334612222527
20230718_134326_aug1_jpg.rf.8AG3h0c5Nvtvv0XtiXiD.jpg,Pleine,0.9,0.15269679300291544
20230718_134326_aug2_jpg.rf.EMwAmq3uI5H0C9xpxE4d.jpg,Semi-cerclée,0.8,0.08545454545454545
20230718_134329_aug1_jpg.rf.TsBPF20bch18n11FsRfT.jpg,Semi-cerclée,0.8,0.10571184995737426
20230718_134333_aug1_jpg.rf.GEjaEcvlCZcjfLGR5c1B.jpg,Pleine,0.9,0.17156177156177158
20230718_134333_aug2_jpg.rf.WcM7wEceShsuLlZ2izoP.jpg,Pleine,0.9,0.17374080362195812
20230718_134336_aug1_jpg.rf.7k03htsZ30bqqeNvifVZ.jpg,Semi-cerclée,0.8,0.09738095238095239
20230718_134336_aug2_jpg.rf.ucJFgpAvtN8kEhlYyOrv.jpg,Semi-cerclée,0.8,0.10154264972776769
20230718_134358_aug1_jpg.rf.LOhUeFcxWT9Jm0yoXBHQ.jpg,Pleine,0.9,0.3325690702739883
20230718_134358_aug2_jpg.rf.01M7l3Y4ReCap8BTAEGm.jpg,Pleine,0.9,0.24163879598662208
20230718_134406_aug1_jpg.rf.sBxBhLnZ0nWh6UKVrkYt.jpg,Pleine,0.9,0.23304761904761906
20230718_134406_aug2_jpg.rf.gg5crh6OZYcyV6YDroQR.jpg,Pleine,0.9,0.2039355992844365
20230718_134409_aug1_jpg.rf.bUehk8FgAfoW6nVkJDRd.jpg,Pleine,0.9,0.25738307934839727
20230718_134409_aug2_jpg.rf.x4fIaRCn51GcbusXTFMa.jpg,Pleine,0.9,0.19226159904126006
20230718_134414_aug1_jpg.rf.JPWovsxvvBVDk0Be9j0L.jpg,Pleine,0.9,0.12990969426612992
20230718_134414_aug2_jpg.rf.k8SEnnvFyKOxn1eeGiZ4.jpg,Semi-cerclée,0.8,0.1067287784679089
20230718_134422_aug1_jpg.rf.ZVmWFCkKJS596fkOxjiB.jpg,Pleine,0.9,0.2019080996884735
20230718_134422_aug2_jpg.rf.vab6jjA5fLyIgD7gkikk.jpg,Semi-cerclée,0.8,0.11572463768115943
20230718_134426_aug1_jpg.rf.jBpuANh1HNq3DO0Wo7A1.jpg,Percée,0.75,0.036814675839066086
20230718_134426_aug2_jpg.rf.FGitmEVw0WY4Cc1AC8nV.jpg,Percée,0.75,0.008334377741571626
20230718_134428_aug1_jpg.rf.ZDVmATLQYJaROCSo09fx.jpg,Percée,0.75,0.04101694915254237
20230718_134428_aug2_jpg.rf.k2V1FoI6V0xT0JGOdVFz.jpg,Percée,0.75,0.015876004016064257
20230718_134448_aug1_jpg.rf.Gx6oaIiqap3GkGT61Rbs.jpg,Pleine,0.9,0.6205533596837944
20230718_134448_aug2_jpg.rf.vlKRcPeRHRrFKgGyVD5y.jpg,Pleine,0.9,0.2557603686635945
20230718_134511_aug1_jpg.rf.7ryk6rvoFfYQ0DpYKle1.jpg,Percée,0.75,0.03888433141919606
20230718_134511_aug2_jpg.rf.aFozlF8AUWU9KS7Jpo0u.jpg,Pleine,0.9,0.13527163527163527
20230718_134514_aug1_jpg.rf.zrB6FtzAGa1TsRovyuyl.jpg,Pleine,0.9,0.12022825659189296
20230718_134514_aug2_jpg.rf.MS2QVyoXtDskyKEkDDG5.jpg,Pleine,0.9,0.14706845725515885
20230718_134523_aug1_jpg.rf.K7RgcLQNxbnq3j3uyFvr.jpg,Pleine,0.9,0.7337979094076655
20230718_134523_aug2_jpg.rf.U2fuIdrdTzwHxay1Bc9W.jpg,Pleine,0.9,0.8912891986062718
20230718_134527_aug1_jpg.rf.wxJwT5kuyUfjP9qdzoUv.jpg,Pleine,0.9,0.8066666666666666
20230718_134527_aug2_jpg.rf.JgCLjnRiMsyhslgZEw9o.jpg,Pleine,0.9,0.24824880919024936
20230718_134537_aug1_jpg.rf.097ohLktdcCWSyVv8RJ5.jpg,Pleine,0.9,0.889431704885344
20230718_134537_aug2_jpg.rf.P4JLqJFJl4Ce4wk53rXX.jpg,Pleine,0.9,0.8994539411206078
20230718_134543_aug1_jpg.rf.Tu3iDSmIULz9PiukqaVn.jpg,Pleine,0.9,0.18410493827160493
20230718_134548_aug1_jpg.rf.45bGp7rjfaWVHRtslj6J.jpg,Percée,0.75,0.0
20230718_134633_aug1_jpg.rf.k4Oszv2AI3nQ0zvPSK0G.jpg,Percée,0.75,0.04554716528826561
20230718_134633_aug2_jpg.rf.rpXKzaBQU01Hf8IUsJYf.jpg,Percée,0.75,0.025553954860396515
20230718_134638_aug1_jpg.rf.UoyuObGARUN2CGZzOi1L.jpg,Pleine,0.9,0.19293108857053226
20230718_134651_aug1_jpg.rf.YR4djaSYVMB6LX0evNda.jpg,Pleine,0.9,0.15594974131559497
20230718_134651_aug2_jpg.rf.dW2H7LAFfuOBAFa3uUeq.jpg,Pleine,0.9,0.14638873132917377
20230718_134701_aug1_jpg.rf.rasUAKPgkghWztrRUKBO.jpg,Semi-cerclée,0.8,0.08895348837209302
20230718_134701_aug2_jpg.rf.faV4ispXYKU4oYoecs9C.jpg,Semi-cerclée,0.8,0.09666666666666666
20230718_134707_aug1_jpg.rf.3t6n46itkEs3vVEdOAFB.jpg,Percée,0.75,0.040238678090575276
20230718_134707_aug2_jpg.rf.2DSt4wstirLh3ZgU1kkm.jpg,Percée,0.75,0.01964491204997534
20230718_134732_aug1_jpg.rf.PFlXNWH0D2MlVYiszB20.jpg,Pleine,0.9,0.6844692440547363
20230718_134732_aug2_jpg.rf.CTPxgYyjuxWnoBXPZGNs.jpg,Pleine,0.9,0.6533268753405582
20230718_134736_aug1_jpg.rf.Ci1fXxvnKlUJ2sKAbIi4.jpg,Pleine,0.9,0.197375
20230718_134738_aug1_jpg.rf.TFNHHxy0hGrzWuAxkXSp.jpg,Pleine,0.9,0.6735474006116208
20230718_134738_aug2_jpg.rf.zrjsFL6baSuMI1LlHVo7.jpg,Pleine,0.9,0.8898554275912767
20230718_134740_aug1_jpg.rf.EZxjxxrTQ5vA6M3leaIx.jpg,Pleine,0.9,0.920319424334167
20230718_134740_aug2_jpg.rf.unOZo3Stkr5Zyrcw4EEF.jpg,Pleine,0.9,0.9357284397346429
20230718_134743_aug1_jpg.rf.mDhk8Yjkzc9Wzsgi0qi7.jpg,Pleine,0.9,0.4262210034832876
20230718_134743_aug2_jpg.rf.suo0VtXk1R2MKWBGjxft.jpg,Pleine,0.9,0.9185464687064228
20230718_134747_aug2_jpg.rf.qKiowAzMLnBVtxRj62YR.jpg,Pleine,0.9,0.44931045373197176
20230718_134751_aug2_jpg.rf.PnSlwOLiMp2l6f27O0X3.jpg,Semi-cerclée,0.8,0.08148148148148149
20230718_134757_aug2_jpg.rf.4xahaSqruD0XuoTnE6Ec.jpg,Pleine,0.9,0.16235014185046215
20230718_134800_aug1_jpg.rf.VC25I7a3ueqoFnyTJTzk.jpg,Pleine,0.9,0.5041816009557945
20230718_134800_aug2_jpg.rf.A7mwZ4D8wEmn6HAsWE3z.jpg,Pleine,0.9,0.4768077601410935
20230718_134801_aug1_jpg.rf.rw5TA1m7sTdhl3EE8QEV.jpg,Pleine,0.9,0.5075154730327144
20230718_134801_aug2_jpg.rf.JkRTSOl8rhjQSmX3kcjR.jpg,Pleine,0.9,0.4826050420168067
20230718_134803_aug1_jpg.rf.GOGnMQi0NHkkjzsNUTJU.jpg,Semi-cerclée,0.8,0.09447393822393822
20230718_134803_aug2_jpg.rf.ruFLP7GuIJAjOuQokKFO.jpg,Pleine,0.9,0.9096728307254623
20230718_134807_aug2_jpg.rf.EyDJZsBMAW5WDlsQyEsx.jpg,Pleine,0.9,0.7843340234644582
20230718_134813_aug1_jpg.rf.QxrxVU41NOvAJQEuLJUA.jpg,Pleine,0.9,0.364167916041979
20230718_134813_aug2_jpg.rf.z8TS62kOTK64hbZEfviA.jpg,Pleine,0.9,0.44154869154869153
20230718_134830_aug2_jpg.rf.EECXGDTdlfIRDZYLyvXo.jpg,Pleine,0.9,0.41583924349881796
20230718_134835_aug2_jpg.rf.IFVMVETj1xDUSqQUHItE.jpg,Pleine,0.9,0.43870412226886235
20230718_134921_aug1_jpg.rf.FJfkQyV9F2qvYihE2EwE.jpg,Pleine,0.9,0.9113349131121643
20230718_134921_aug2_jpg.rf.VgeHy5ntSokx4dZJZNr7.jpg,Pleine,0.9,0.9156030738389576
20230718_134935_aug1_jpg.rf.nuSoHUpJPEsbUhYqlMp6.jpg,Pleine,0.9,0.7890833016356029
20230718_134935_aug2_jpg.rf.cjQK8bDTao7q9SWu7yqq.jpg,Pleine,0.9,0.898554885634989
20230718_134937_aug1_jpg.rf.fmgx7Qur1liiEGLojfmY.jpg,Pleine,0.9,0.8512961597367973
20230718_134937_aug2_jpg.rf.epytmJaUssUxZJ4lHr7u.jpg,Pleine,0.9,0.8977893451577662
20230718_134940_aug1_jpg.rf.28blajA4pgJ2c0JKAUnl.jpg,Pleine,0.9,0.8495997536945813
20230718_134940_aug2_jpg.rf.E5TU9OUmb1mDbv6X9kRa.jpg,Pleine,0.9,0.9033376214979989
20230718_134945_aug1_jpg.rf.AjfCsXvXnBIc9WA1QrNu.jpg,Pleine,0.9,0.31891282673717974
20230718_135021_aug1_jpg.rf.0xJBGI2k5RIyfp4q2XeX.jpg,Percée,0.75,0.030255029304609535
20230718_135021_aug2_jpg.rf.zUMMIAGb4obBsSCjJ2Qv.jpg,Percée,0.75,0.011304347826086957
20230718_135024_aug1_jpg.rf.KdgMuXKfMqm2pKZNdrkK.jpg,Semi-cerclée,0.8,0.06181410974244121
20230718_135026_aug1_jpg.rf.WpMtt9XRUkaVHVL3Qeni.jpg,Semi-cerclée,0.8,0.057777777777777775
20230718_135026_aug2_jpg.rf.7vBSJ3XCQKq5DR0M0tRX.jpg,Percée,0.75,0.021908763505402162
20230718_135028_aug1_jpg.rf.PS1nkxvj186Umkd8jpe2.jpg,Percée,0.75,0.04082597730138714
20230718_135028_aug2_jpg.rf.2vJ3cRM0sbI6UhZ4KJZ3.jpg,Percée,0.75,0.01388499298737728
20230718_135033_aug1_jpg.rf.TNSLm2ukxypnjU7qPdz4.jpg,Semi-cerclée,0.8,0.06388888888888888
20230718_135033_aug2_jpg.rf.nJaNzIszXqlxgEeVkD1S.jpg,Pleine,0.9,0.20383956957691368
20230718_135040_aug1_jpg.rf.e0svlGdXQ0kfX9sQwGOB.jpg,Semi-cerclée,0.8,0.0729559748427673
20230718_135040_aug2_jpg.rf.haMNAgrXXeUfCzzxkqAr.jpg,Percée,0.75,0.03205128205128205
20230718_135111_aug1_jpg.rf.IrJ6d6FJ8oVAw7K1pYXU.jpg,Percée,0.75,0.005434179882444272
20230718_135135_aug1_jpg.rf.P406cdjGasxqOf7p1EQs.jpg,Pleine,0.9,0.3751637931034483
20230718_135138_aug2_jpg.rf.5wpeO2YsIYOOGPaFmPFC.jpg,Percée,0.75,0.0011136712749615976
20230718_135149_aug1_jpg.rf.Up5eXowCGleO602KeLUF.jpg,Percée,0.75,0.039069474347529276
20230718_135149_aug2_jpg.rf.7w65aEOZlSIj6gDuoSE1.jpg,Percée,0.75,0.018472101133391455
20230718_135152_aug1_jpg.rf.zpQVaRRKMDjhIYcdJJWA.jpg,Percée,0.75,0.03095952023988006
20230718_135152_aug2_jpg.rf.19save0a2vo3wcxli9MW.jpg,Percée,0.75,0.01138836500797911
20230718_135208_aug2_jpg.rf.Q6NjBVxpHs6ihOkiGzQ2.jpg,Pleine,0.9,0.32068825582339094
20230718_135212_aug1_jpg.rf.rca8FAq04FkMmww4UPtJ.jpg,Pleine,0.9,0.24019107847137222
20230718_135216_aug1_jpg.rf.ekOoID0zkOAuetF4zfn2.jpg,Semi-cerclée,0.8,0.1101395536978359
20230718_135219_aug1_jpg.rf.HKKSDlTGzFVx6cdsV5d0.jpg,Pleine,0.9,0.18206721070970108
20230718_135222_aug2_jpg.rf.FlfxpBajfz8kpSaRhPJa.jpg,Percée,0.75,0.026714531790673922
20230718_135224_aug1_jpg.rf.he4RXT1TTGOlrCX9sITi.jpg,Semi-cerclée,0.8,0.105412766210766
20230718_135234_aug1_jpg.rf.6WOxm8dqQndqVjevlQwi.jpg,Pleine,0.9,0.16217732884399552
20230718_135234_aug2_jpg.rf.3V44aUofEHNtNdJy0LM1.jpg,Pleine,0.9,0.19631185807656396
20230718_135249_aug1_jpg.rf.n7xmyscnwAcR90z8PKZ7.jpg,Pleine,0.9,0.14130070398927255
20230718_135249_aug2_jpg.rf.8cWqPpZWI9q7eMWnrkpx.jpg,Percée,0.75,0.024144125105663567
20230718_135309_aug2_jpg.rf.fL3puAh2pBFXgWXI9SAE.jpg,Percée,0.75,0.007859254452375801
20230718_135316_aug1_jpg.rf.SixsW9h3JTkaF8Ui2tqN.jpg,Pleine,0.9,0.1383074558846908
20230718_135316_aug2_jpg.rf.zs93tGJ36jEFwwEQVbMT.jpg,Semi-cerclée,0.8,0.11858178053830228
20230718_135325_aug2_jpg.rf.bx8w41EyrskcHxpZoUan.jpg,Percée,0.75,0.0
20230718_135336_aug2_jpg.rf.9llLpIglyvM4l4FN7tlT.jpg,Percée,0.75,0.0
20230718_135342_aug2_jpg.rf.bp1yTcfsfmiuqzBJ2G1R.jpg,Pleine,0.9,0.2086037261879841
20230718_135356_aug1_jpg.rf.TVud9lSHdLb4UV0RCntt.jpg,Percée,0.75,0.0023939808481532147
20230718_135356_aug2_jpg.rf.GRuZg36ngauJURyz59TN.jpg,Percée,0.75,0.0
20230718_135400_aug1_jpg.rf.mW9BR9bYqKVz6mvz4eRj.jpg,Semi-cerclée,0.8,0.09028301886792453
20230718_135400_aug2_jpg.rf.fACitWqMJ4gLqiR98cUu.jpg,Semi-cerclée,0.8,0.06108697348908604
20230718_135420_aug1_jpg.rf.X6FFAxlTmzplR9Jq5SIK.jpg,Pleine,0.9,0.16087880935506732
20230718_135420_aug2_jpg.rf.H8efh6hMIxsmAX9cyoRM.jpg,Pleine,0.9,0.14660732714138286
20230718_135422_aug1_jpg.rf.zzeEkyNyCwregPkocDyF.jpg,Pleine,0.9,0.14671769208124816
20230718_135422_aug2_jpg.rf.rCLcQwaVbR8DKiiNTXx6.jpg,Pleine,0.9,0.1622150997150997
20230718_135434_aug1_jpg.rf.hoYv66SE9nKQH4v9rqiv.jpg,Percée,0.75,0.02769390043999655
20230718_135434_aug2_jpg.rf.FFn3Wm7jOsuub8H5kwe6.jpg,Percée,0.75,0.015556071511492919
20230718_135439_aug1_jpg.rf.WM37bmm9RZIPjDTIVZuZ.jpg,Percée,0.75,0.014042207792207792
20230718_135439_aug2_jpg.rf.dfTjT1cBoSsPa2jGEAId.jpg,Percée,0.75,0.00695989093779149
20230718_135450_aug1_jpg.rf.Lret1tgTGF4weC0rx8ES.jpg,Percée,0.75,0.04488558036945134
20230718_135450_aug2_jpg.rf.EM8wMuMFosIsfkRULJ5k.jpg,Percée,0.75,0.019197207678883072
20230718_135458_aug1_jpg.rf.1eW8War31wIQbbD9iSL4.jpg,Pleine,0.9,0.1215993046501521
20230718_135458_aug2_jpg.rf.ddHkAEFdvD0eTZc7risd.jpg,Percée,0.75,0.041988950276243095
20230718_135507_aug1_jpg.rf.yIYWuCwKpMYXhYmZ4eCt.jpg,Percée,0.75,0.01015101510151015
20230718_135507_aug2_jpg.rf.UZfT1pQEeZKQoAg4LzHX.jpg,Percée,0.75,0.008654970760233919
20230718_135508_aug1_jpg.rf.6QQNdxcuChjxapU8tYFQ.jpg,Percée,0.75,0.006968641114982578
20230718_135508_aug2_jpg.rf.aIccwsrPa2cDAdXUoZfu.jpg,Percée,0.75,0.00874224478285392
20230718_135515_aug1_jpg.rf.zxXWTIBH0q7gPV0FmhPS.jpg,Percée,0.75,0.0015301661323229379
20230718_135515_aug2_jpg.rf.3k3bSTar2HjgLgQMfiSn.jpg,Percée,0.75,0.009312638580931265
20230718_135519_aug1_jpg.rf.QLhfapIr1f7vWmwQPrqX.jpg,Percée,0.75,0.009858064516129032
20230718_135519_aug2_jpg.rf.kMEaNstNAvvvV5FbUVV0.jpg,Percée,0.75,0.030207134637514385
20230718_135524_aug1_jpg.rf.ecd0tJeQILAHqcuxVkoX.jpg,Percée,0.75,0.04480639579977328
20230718_135524_aug2_jpg.rf.WOCNI47e9hBW3LLL9ykI.jpg,Percée,0.75,0.02689671197862205
20230718_135529_aug1_jpg.rf.uW004YoGp2clfwNUFA1m.jpg,Semi-cerclée,0.8,0.05476621028158098
20230718_135529_aug2_jpg.rf.HHufY9ZcOQ4mEBH9B1s4.jpg,Percée,0.75,0.034220667998858124
20230718_135531_aug1_jpg.rf.S5ZXDxtsjmD8HavGfnIM.jpg,Percée,0.75,0.008906882591093117
20230718_135531_aug2_jpg.rf.xVvLve6aJNLYKOGE92kb.jpg,Semi-cerclée,0.8,0.05579745202386712
20230718_135536_aug1_jpg.rf.rpXARTcrUm7Dt2Wbky1l.jpg,Percée,0.75,0.006644880174291939
20230718_135536_aug2_jpg.rf.eu9zkxIkIVhIrbVhSn3F.jpg,Percée,0.75,0.04192114337945074
20230718_135540_aug1_jpg.rf.ghSnOmoiwcFX0WTKXTvE.jpg,Percée,0.75,0.033138736263736264
20230718_135540_aug2_jpg.rf.bSMdtGdVD5vZHhrhHTuD.jpg,Percée,0.75,0.0
20230718_135550_aug1_jpg.rf.CrBMfbvSL80MYxrSrDTh.jpg,Pleine,0.9,0.15938251804330392
20230718_135550_aug2_jpg.rf.gyqeN8d0vUVaO4M9PsvS.jpg,Percée,0.75,0.00036845983787767134
20230718_135555_aug1_jpg.rf.ulmHdRZynxxRhBqhisZJ.jpg,Percée,0.75,0.01090526869005387
20230718_135555_aug2_jpg.rf.9bnQgadqm7CzYtA82maJ.jpg,Percée,0.75,0.0017876059322033898
20230718_135559_aug1_jpg.rf.1JkPpPh82TNANW0mdpfe.jpg,Percée,0.75,0.011445096122515477
20230718_135559_aug2_jpg.rf.srrEplncm6KYIctVYfvp.jpg,Percée,0.75,0.010026737967914439
20230718_135601_aug1_jpg.rf.QRmWoBUdqyoTFZrWavfw.jpg,Percée,0.75,0.005185673478356405
20230718_135606_aug2_jpg.rf.2IzeP7AgdK4aSGFGMr5Z.jpg,Percée,0.75,0.002826086956521739
20230718_135612_aug1_jpg.rf.tYMKOgIDZGwjB8mN4Jbf.jpg,Percée,0.75,0.0
20230718_135612_aug2_jpg.rf.tMBpc9Kzbgo1k4M2YoRU.jpg,Semi-cerclée,0.8,0.052750992626205334
20230718_135614_aug1_jpg.rf.Zi7pDAlRHjcw2QKMhn9s.jpg,Percée,0.75,2.736577089376608e-05
20230718_135614_aug2_jpg.rf.KS4MQe0MnuIyPe73wb9a.jpg,Semi-cerclée,0.8,0.055900621118012424
20230718_135616_aug1_jpg.rf.2dwHWqaTm47glI1yTpf9.jpg,Percée,0.75,0.0
20230718_135616_aug2_jpg.rf.s3toVSAgjVKLPWtYUjGc.jpg,Percée,0.75,0.044378628681569235
20230718_135621_aug2_jpg.rf.kxlbuyPpEoEby2F3cMQy.jpg,Semi-cerclée,0.8,0.10403631456263035
20230718_135633_aug1_jpg.rf.FgizWaUqmb9M4ODwk4VS.jpg,Percée,0.75,0.04762812690665039
20230718_135633_aug2_jpg.rf.8cGI5704mLlp5XsklSdt.jpg,Semi-cerclée,0.8,0.11516455972101133
20230718_135636_aug1_jpg.rf.B7O8IvMlkmpHBkUaW2zz.jpg,Semi-cerclée,0.8,0.11726779135156098
20230718_135636_aug2_jpg.rf.4PYBq4A851f5oO8dqiVR.jpg,Semi-cerclée,0.8,0.07193505292364608
20230718_135640_aug2_jpg.rf.fEv8Amu2crPK1lA6LHOU.jpg,Percée,0.75,0.04294753742267554
20230718_135652_aug1_jpg.rf.CEEJBUkNdbDJx9v4Mj4q.jpg,Percée,0.75,0.007478894168748673
20230718_135652_aug2_jpg.rf.cfV794XqoZlLG1u3k9Lo.jpg,Percée,0.75,0.0004441788344747383
20230718_135654_aug1_jpg.rf.6SIfHktg6HEzptM3kQnW.jpg,Percée,0.75,0.0003722882187700951
20230718_135654_aug2_jpg.rf.iyQ00LwOIxfuwBYiQeoF.jpg,Percée,0.75,0.0015863171202977029
20230718_135709_aug1_jpg.rf.gkjSkJxVr74lMWwQn9RR.jpg,Semi-cerclée,0.8,0.10690134539713955
20230718_135709_aug2_jpg.rf.CvAhixLX3m6FrY3CeP5u.jpg,Percée,0.75,0.04418811002661934
20230718_135714_aug1_jpg.rf.Ar1HkgDBDRLg8YkpUDSe.jpg,Semi-cerclée,0.8,0.09166230594802023
20230718_135714_aug2_jpg.rf.IZFuUlicwKk49vtdL4Wg.jpg,Semi-cerclée,0.8,0.10947455905439099
20230718_135717_aug1_jpg.rf.NXXqXZC2Kgs5DHrTnY5H.jpg,Semi-cerclée,0.8,0.05110274341043572
20230718_135717_aug2_jpg.rf.wJgMTzjn3RKZX1mx1YGj.jpg,Semi-cerclée,0.8,0.07120575071205751
20230718_135729_aug1_jpg.rf.Bw41H5AJ5MOQspsMLSCu.jpg,Pleine,0.9,0.13886404293381038
20230718_135729_aug2_jpg.rf.Rp1uWYnYQr6I3lguxFUq.jpg,Semi-cerclée,0.8,0.1180232284760427
20230718_135736_aug1_jpg.rf.2wqmXiBXcbA6evZhGmCN.jpg,Pleine,0.9,0.14711855800964713
20230718_135736_aug2_jpg.rf.8ntHRUE3xKxrUhkptosa.jpg,Pleine,0.9,0.15579793340987372
20230718_135746_aug1_jpg.rf.ZEcEHwfrbV8TMSz4InLJ.jpg,Semi-cerclée,0.8,0.06679911806750176
20230718_135746_aug2_jpg.rf.OouPhIAgVhWCF7LcO6sT.jpg,Semi-cerclée,0.8,0.058512915655772796
20230718_135752_aug1_jpg.rf.GHCH4JA3AJYoSi8Wb6Il.jpg,Percée,0.75,0.03818294325337604
20230718_135752_aug2_jpg.rf.XWORTkgH84MXdFvKeLN0.jpg,Percée,0.75,0.02754324740140343
20230718_135809_aug1_jpg.rf.FxddeHs0gVHXjhUbjVQx.jpg,Semi-cerclée,0.8,0.10790110185434024
20230718_135809_aug2_jpg.rf.WyDAdHVut8mA3hgfwaao.jpg,Semi-cerclée,0.8,0.06737053795877325
20230718_135811_aug1_jpg.rf.xjDKGJotqbwvtziUotQk.jpg,Percée,0.75,0.025179378155726812
20230718_135811_aug2_jpg.rf.8FHzs0Yuyup76NMl8BoO.jpg,Semi-cerclée,0.8,0.09866863905325443
20230718_135817_aug2_jpg.rf.w2GtWpQruMqMF0Oo3g3O.jpg,Pleine,0.9,0.14091308165057068
20230718_135821_aug1_jpg.rf.2BGNxrmMfojA2sv9Axt9.jpg,Percée,0.75,0.040646853146853144
20230718_135821_aug2_jpg.rf.SYkLDUTtyRHwlyKHIkjm.jpg,Percée,0.75,0.019955654101995565
20230718_135824_aug1_jpg.rf.4mAo2HuI7mnrrRgdkWQ3.jpg,Percée,0.75,0.043030551009274415
20230718_135824_aug2_jpg.rf.3uEfa1bBeyzCIsKWiHCF.jpg,Percée,0.75,0.01910828025477707
20230718_135842_aug2_jpg.rf.k1PuSkXuTmotkuLHwaXU.jpg,Pleine,0.9,0.4722565157750343
20230718_135845_aug1_jpg.rf.V3bBWD3YrCuhF0uZHujW.jpg,Semi-cerclée,0.8,0.10342603211009174
20230718_135845_aug2_jpg.rf.v5td4vho85Bc4NdixPqd.jpg,Pleine,0.9,0.40899634120094697
20230718_135852_aug1_jpg.rf.9tq7MCFPjhUKxdxOckDV.jpg,Semi-cerclée,0.8,0.07797521627308861
20230718_135852_aug2_jpg.rf.O7IpGy0I963LTmOnLcia.jpg,Percée,0.75,0.042260596546310834
20230806_212146_aug1_jpg.rf.afqe0ziyDjW8wQx6RaOv.jpg,Percée,0.75,0.010398253093480296
20230806_212225_aug1_jpg.rf.DbvBKTetWlQdjF6tcMZJ.jpg,Percée,0.75,0.009625668449197862
20230806_212225_aug2_jpg.rf.B6l5yazQRNdqn98iUBkW.jpg,Percée,0.75,0.0
20230806_212229_aug1_jpg.rf.N00sXy7cbIZA8UuThOQ5.jpg,Percée,0.75,0.014878892733564015
20230806_212302_aug1_jpg.rf.8JXM9rOWMIKteCH80L0I.jpg,Percée,0.75,0.021192528735632182
20230806_212318_aug1_jpg.rf.wyu0op17DGFoHmR2mpFO.jpg,Percée,0.75,0.025921538568740854
20230806_212318_aug2_jpg.rf.yKbCm04VKxHsrZjGtHFV.jpg,Percée,0.75,0.01171875
20230806_212320_aug1_jpg.rf.Qi9eCxG0MNgby03sVkiY.jpg,Percée,0.75,0.023008378773773108
20230806_212320_aug2_jpg.rf.vBLU6bxpngasi03EiDM2.jpg,Percée,0.75,0.01291866028708134
20230806_212325_aug1_jpg.rf.DsWbjlmMVlHHzMjTnAsV.jpg,Semi-cerclée,0.8,0.05024390243902439
20230806_212325_aug2_jpg.rf.l7YW50gSCJuPFVZ2nSFQ.jpg,Percée,0.75,0.015625
20230806_212332_aug1_jpg.rf.LSQVx4kiigzzELMH0DW5.jpg,Semi-cerclée,0.8,0.06985645933014355
20230806_212334_aug1_jpg.rf.iH45yEzuYSgCaOVkMqSp.jpg,Semi-cerclée,0.8,0.09586776859504133
20230806_212334_aug2_jpg.rf.kjbdn1AsDDGQXwGxB3dt.jpg,Percée,0.75,0.012965105070368228
20230806_212337_aug1_jpg.rf.u9sO8LhKbM1OB16nP30y.jpg,Semi-cerclée,0.8,0.10427807486631016
20230806_212339_aug1_jpg.rf.A0YEl1hl3B7l9FDHiPx8.jpg,Pleine,0.9,0.9244157740993184
20230806_212350_aug2_jpg.rf.BvH5w9laBcbLmVhAtOdq.jpg,Pleine,0.9,0.8991841491841492
20230806_212351_aug2_jpg.rf.VlNfv0FQfa16xjDVqyUW.jpg,Pleine,0.9,0.9103658536585366
20230806_212426_aug1_jpg.rf.BJ7mK12x5L5Cxtd9Ptzv.jpg,Pleine,0.9,0.9919070512820513
20230806_212431_aug1_jpg.rf.YTr23xo5rLNFSCBmcBiW.jpg,Pleine,0.9,0.9662782048103149
20230806_212431_aug2_jpg.rf.p4ey1vskt5It3nIRARXS.jpg,Pleine,0.9,0.4299438990182328
20230806_212433_aug2_jpg.rf.XgieUyDpzlZUAcwYTu4A.jpg,Pleine,0.9,0.4417547982765374
20230806_212501_aug1_jpg.rf.z7k2oCKeJ9yyeTT9fD97.jpg,Pleine,0.9,0.20748663101604278
20230806_212512_aug2_jpg.rf.cp5uRubHpDI7rZYkdtw6.jpg,Pleine,0.9,0.37264957264957266
20230806_212536_aug1_jpg.rf.8tfNvH8SrdupVXFvFFxj.jpg,Pleine,0.9,0.9348913043478261
20230806_212538_aug1_jpg.rf.JTTroCY3DpVL4OHwGvts.jpg,Pleine,0.9,0.37437754640108645
20230806_212538_aug2_jpg.rf.i9oONpFeeCdNqIa4O6uZ.jpg,Pleine,0.9,0.30944444444444447
20230806_212541_aug1_jpg.rf.7HXmt0eZzDKIIacUt7OO.jpg,Pleine,0.9,0.3392307692307692
20230806_212541_aug2_jpg.rf.oDLcCGb2hRtrR2kTsIko.jpg,Pleine,0.9,0.47058823529411764
20230806_212546_aug2_jpg.rf.kJfZKwQAtkUttfyYzBSH.jpg,Pleine,0.9,0.4075537988581467
20230806_212547_aug1_jpg.rf.6QqB8tez1lo8yAsORDQA.jpg,Pleine,0.9,0.42135961383748993
20230806_212547_aug2_jpg.rf.MNK5AZJaGfuYK13IN42m.jpg,Pleine,0.9,0.39289617486338796
20230806_212552_aug1_jpg.rf.1PWKuHJ7QZ6EeNWMwjqQ.jpg,Pleine,0.9,0.74921875
20230806_212619_aug1_jpg.rf.7C7cuNSCdU19ElgjOMCy.jpg,Pleine,0.9,0.9342105263157895
20230806_212619_aug2_jpg.rf.fRqIErjtknXPiwY55xZI.jpg,Pleine,0.9,0.9587223587223587
20230806_212622_aug1_jpg.rf.DhANjOiFMrooMjpGEwtN.jpg,Pleine,0.9,0.9939393939393939
20230806_212622_aug2_jpg.rf.VXYyEVsqqmtXSHRlgTHb.jpg,Pleine,0.9,0.9984984984984985
20230806_212624_aug1_jpg.rf.lsP7qqVA8qoWlUsKTCQO.jpg,Pleine,0.9,0.9414893617021277
20230806_212631_aug2_jpg.rf.2EMB03CxxGLPeYKPFtNr.jpg,Pleine,0.9,0.9009324009324009
20230806_212637_aug1_jpg.rf.XQa3g6IbJ7U5nV1pzY33.jpg,Pleine,0.9,0.8274285714285714
20230806_212639_aug2_jpg.rf.jj1vacTsKhUk55wETanG.jpg,Pleine,0.9,0.9991596638655462
20230806_212644_aug1_jpg.rf.NGFaZYilEI29LL2Uc2BB.jpg,Pleine,0.9,0.8940162271805274
20230806_212644_aug2_jpg.rf.5gRScSbBTQaGsxhgPW9C.jpg,Pleine,0.9,0.9955300127713921
20230806_212648_aug1_jpg.rf.pkI1SzG4Hx20axxQ8oyl.jpg,Pleine,0.9,0.9043927648578811
20230806_212651_aug1_jpg.rf.zQhq02JCDYTsxpk51gRy.jpg,Pleine,0.9,0.9075091575091575
20230806_212651_aug2_jpg.rf.7CzyZR8ZxcOfF2dgvZn6.jpg,Pleine,0.9,0.9765411893071467
20230806_212654_aug1_jpg.rf.bXlpgo34Pd1dffJh5IYg.jpg,Pleine,0.9,0.8524258760107817
20230806_212654_aug2_jpg.rf.2dm2boofMEzJtxS7ylAy.jpg,Pleine,0.9,0.4021093285799168
20230806_212656_aug2_jpg.rf.9rDXJw2arSbjeBiCgbXV.jpg,Pleine,0.9,0.37521514629948366
20230806_212658_aug1_jpg.rf.uQqnqtINo0cJzV6kW8j9.jpg,Pleine,0.9,0.9037267080745341
20230806_212658_aug2_jpg.rf.JdLrCVXxPtMZljBlg5rk.jpg,Pleine,0.9,0.3803939962476548
20230806_212700_aug1_jpg.rf.gFNsAmnu1lkAqK0vr3Pn.jpg,Pleine,0.9,0.7916666666666666
20230806_212700_aug2_jpg.rf.jJjqygvQVxirhnGyIvDB.jpg,Pleine,0.9,0.8694805194805195
20230806_212703_aug2_jpg.rf.B6zrrFtGkGPGLWtLMgtq.jpg,Pleine,0.9,0.9199604743083004
20230806_212720_aug1_jpg.rf.eVwxLWN2x8KBpplJbMsB.jpg,Pleine,0.9,0.871039056742815
20230806_212720_aug2_jpg.rf.27JXv44jfVzfXp505poP.jpg,Pleine,0.9,0.7181712962962963
20230806_212721_aug1_jpg.rf.ZKwn8ww6SowtzvjWHnmP.jpg,Pleine,0.9,0.9454887218045113
20230806_212721_aug2_jpg.rf.5jLD6kuZBcLQHHec6Se0.jpg,Pleine,0.9,0.9227272727272727
20230806_212732_aug1_jpg.rf.iQiGZp26L19ynOI5W6zk.jpg,Semi-cerclée,0.8,0.06453546453546453
20230806_212738_aug2_jpg.rf.Uz38mR4odNxPA92ZSwCi.jpg,Pleine,0.9,0.8133243907891795
20230806_212741_aug2_jpg.rf.arD8hKIJqdCosWBzwsgj.jpg,Pleine,0.9,0.17316017316017315
20230806_212742_aug2_jpg.rf.8ar5n9L9pJfsChquPEJB.jpg,Pleine,0.9,0.20296610169491525
20230806_212750_aug1_jpg.rf.dpZGSTxfWFlrviNWWH01.jpg,Pleine,0.9,0.22093023255813954
20230806_212755_aug1_jpg.rf.rEAxR4LMq4dEq5DoTOrv.jpg,Pleine,0.9,0.7754559270516718
20230806_212758_aug2_jpg.rf.QwoslZagNT7kxbDtKYi4.jpg,Pleine,0.9,0.9802123552123552
20230806_212759_aug1_jpg.rf.XeoJdh7uOZVMDIldkGlK.jpg,Pleine,0.9,0.6849673202614379
20230806_212814_aug1_jpg.rf.Yd0joDAZqWXMsNTp21u9.jpg,Pleine,0.9,0.8338192419825073
20230806_212817_aug1_jpg.rf.PWbP88cGcT91BYWEjzfd.jpg,Percée,0.75,0.042272727272727274
20230806_212817_aug2_jpg.rf.eiEnfD6t3NIKiwbqKqqF.jpg,Pleine,0.9,0.14097222222222222
20230806_212819_aug1_jpg.rf.3XRmJCAoHPSGEGGONaP4.jpg,Pleine,0.9,0.1596938775510204
20230806_212819_aug2_jpg.rf.pHPPNnHmlt9GwsTMrqfE.jpg,Pleine,0.9,0.12597049689440995
20230806_212820_aug1_jpg.rf.1FMyK72QvOgmUmmrVe4t.jpg,Pleine,0.9,0.7563131313131313
20230806_212832_aug2_jpg.rf.XHHAiZY9kpqBQg4fH6gj.jpg,Pleine,0.9,0.6847953216374268
20230806_212834_aug2_jpg.rf.D4NhDGcYYRlh6JdNpbF1.jpg,Pleine,0.9,0.8192771084337349
20230806_212836_aug1_jpg.rf.wPPrmIz2OfxXvGoUjpJ4.jpg,Pleine,0.9,0.8009838998211091
20230806_212836_aug2_jpg.rf.9HynIxbc8OviDqFW7gYY.jpg,Pleine,0.9,0.7871456500488758
20230806_212841_aug2_jpg.rf.ZPUge2ymlUvmNKKj4Jsy.jpg,Pleine,0.9,0.991875
20230806_212850_aug1_jpg.rf.KzLNwQ0seJIljcNcVY3k.jpg,Pleine,0.9,0.2667677150435771
20230806_212857_aug1_jpg.rf.ZOmwnTch0kLPoLjCsW9k.jpg,Pleine,0.9,0.3694540993661828
20230806_212906_aug1_jpg.rf.PKxzdU4Lqj7H68vCvxlP.jpg,Pleine,0.9,0.8891679748822606
20230806_212908_aug1_jpg.rf.g625mnYNZrsqiWohQ3NH.jpg,Pleine,0.9,0.8246527777777778
20230806_212910_aug1_jpg.rf.VbwqSWS2eKcbNrAhdH05.jpg,Pleine,0.9,0.8902439024390244
20230806_212911_aug1_jpg.rf.m5QWRTVGmRlCZ0v7ZxBU.jpg,Pleine,0.9,0.8262117346938775
20230806_212911_aug2_jpg.rf.IuJ9xasDLnnTe2vpocM0.jpg,Percée,0.75,0.024500322372662798
20230806_212920_aug1_jpg.rf.m81CIVzD9w8HQjNkagSJ.jpg,Semi-cerclée,0.8,0.05596707818930041
20230806_212923_aug1_jpg.rf.59h1bD48mSZEl88eEG5C.jpg,Pleine,0.9,0.8379120879120879
20230806_212925_aug1_jpg.rf.OaMNNMQXMqiP6axNOuCO.jpg,Semi-cerclée,0.8,0.077262044653349
20230806_212936_aug1_jpg.rf.s8R2zCiW3KThJHiunPm8.jpg,Pleine,0.9,0.8080808080808081
20230806_212942_aug1_jpg.rf.3iT60JedPSouZhZWiqov.jpg,Pleine,0.9,0.9768288646143661
20230806_213000_aug1_jpg.rf.O50U8NMVaiv7EGiAzkqg.jpg,Pleine,0.9,0.8996363636363637
20230806_213000_aug2_jpg.rf.Asn8aGPiG7SZLDazYPZG.jpg,Semi-cerclée,0.8,0.11781517942203874
20230806_213004_aug1_jpg.rf.1ddOeGix9iYGKG66MktO.jpg,Pleine,0.9,0.13089560148383678
20230806_213004_aug2_jpg.rf.N6RKI8JtALwjcOePeuo7.jpg,Pleine,0.9,0.6074052306788128
20230806_213007_aug1_jpg.rf.2YP5w3M3okbWH2znWPeE.jpg,Percée,0.75,0.00641697223677318
20230806_213009_aug1_jpg.rf.BQhkde2LWSskbdgxTGk1.jpg,Pleine,0.9,0.9972527472527473
20230806_213009_aug2_jpg.rf.H2UXP4LQDytcMlo1oTp5.jpg,Semi-cerclée,0.8,0.07630853994490358
20230806_213011_aug1_jpg.rf.zTZ20d8NwdJuFj4ck1IU.jpg,Pleine,0.9,0.9941239316239316
20230806_213021_aug1_jpg.rf.qKhTcvPlDhJUvWTTseiw.jpg,Pleine,0.9,0.9984691924990432
20230806_213021_aug2_jpg.rf.RLXBmoxbj7xNQXfuuwfC.jpg,Percée,0.75,0.037586206896551726
20230806_213024_aug1_jpg.rf.gkDIjjAoCmwAqfPaUYF1.jpg,Pleine,0.9,0.8345289335246293
20230806_213038_aug1_jpg.rf.QPRi9P2caWWXccOaBIee.jpg,Pleine,0.9,0.8268144285093437
20230806_213054_aug1_jpg.rf.F1qZvnaxcYqaTG6wle1L.jpg,Pleine,0.9,0.7823529411764706
20230806_213106_aug1_jpg.rf.ok7YgUDEz4R23jQ2PNiE.jpg,Pleine,0.9,0.8816481589713617
20230806_213106_aug2_jpg.rf.pI24KeqbH28Gw51nhXfz.jpg,Pleine,0.9,0.439010989010989
20230806_213109_aug1_jpg.rf.ibGJaQoyjo3M8o3oHQw9.jpg,Pleine,0.9,0.4424928221584192
20230806_213109_aug2_jpg.rf.seC1gbK27JeusAg3LMq9.jpg,Pleine,0.9,0.8065573770491803
20230806_213118_aug1_jpg.rf.imhe9DoOsM3nsRNXZwQC.jpg,Pleine,0.9,0.8961864406779662
20230806_213120_aug1_jpg.rf.AkfogbEgGAEpSbEWrjWD.jpg,Pleine,0.9,0.6682900432900433
20230806_213135_aug1_jpg.rf.VlB3aNrWoUL8p8g2fgo8.jpg,Pleine,0.9,0.8535414165666266
20230806_213143_aug1_jpg.rf.JWUnPwijidlhHrZcvoGO.jpg,Pleine,0.9,0.2912176724137931
20230806_213145_aug1_jpg.rf.BQ0xwRzOnBARJKDU4rbG.jpg,Pleine,0.9,0.801457827143353
20230806_213204_aug2_jpg.rf.uW1yUwyTm612ViGfUjqh.jpg,Percée,0.75,0.00025510204081632655
20230806_213208_aug2_jpg.rf.cWz4vDHlwLHniSm0k89j.jpg,Percée,0.75,0.0
20230806_213210_aug2_jpg.rf.yN5zXgsDNNZBGeIkFSQf.jpg,Percée,0.75,0.0039447731755424065
20230806_213214_aug2_jpg.rf.65d7uBiTm2yYuSovLDGq.jpg,Percée,0.75,0.003771551724137931
20230806_213215_aug2_jpg.rf.g6PAT8d3jg2kcPDi5PKN.jpg,Percée,0.75,0.002232142857142857
20230806_213224_aug1_jpg.rf.ZDe3TlYdd5NVf5uCFSup.jpg,Percée,0.75,0.019157088122605363
20230806_213256_aug1_jpg.rf.fJbkSvkEdY3HcMRZH414.jpg,Pleine,0.9,0.35826032540675845
20230806_213302_aug1_jpg.rf.p9Sr27L30lhTumpBTDqE.jpg,Percée,0.75,0.010207336523125997
20230806_213306_aug1_jpg.rf.PyVZe31qX0X9KjPpGnpV.jpg,Pleine,0.9,0.19589512142703633
20230806_213309_aug2_jpg.rf.qi92EZJ9gsj72xfdWEdV.jpg,Percée,0.75,0.0
20230806_213314_aug1_jpg.rf.RROj2URfNeZlGkXMRSz1.jpg,Percée,0.75,0.010144927536231883
20230806_213316_aug1_jpg.rf.bMcpS0qIcqXx2rtXgYnF.jpg,Pleine,0.9,0.35986842105263156
20230806_213324_aug1_jpg.rf.rJD5tWgG6a4dvTFrrOAD.jpg,Percée,0.75,0.014767932489451477
20230806_213324_aug2_jpg.rf.BG0IweGy6gwNhfZBhxYb.jpg,Percée,0.75,0.0006613756613756613
20230806_213327_aug2_jpg.rf.Zn03U1FkKfxKGCzudbfd.jpg,Percée,0.75,0.0004841442749939482
20230806_213329_aug2_jpg.rf.tyNSHW0xzDu1hbO7ePVh.jpg,Percée,0.75,0.0002403846153846154
20230806_213347_aug1_jpg.rf.XYr0BnHiPU8j9irUbctA.jpg,Percée,0.75,0.022058823529411766
20230806_213347_aug2_jpg.rf.JUvSUFGpgXLn9Znfaetr.jpg,Semi-cerclée,0.8,0.06420068027210885
20230806_213353_aug1_jpg.rf.67NM5V8WYwHUBdc2Z6tC.jpg,Pleine,0.9,0.17264331475164324
20230806_213353_aug2_jpg.rf.rYvGq17h6MsFHaZ4HGkg.jpg,Percée,0.75,0.0
20230806_213354_aug1_jpg.rf.1IYAa9QBX45wEvGGONYp.jpg,Percée,0.75,0.013488372093023256
20230806_213354_aug2_jpg.rf.Ebl0JuWOR7uVufUJs4VH.jpg,Percée,0.75,0.0
20230806_213404_aug1_jpg.rf.gkKffoFyzWYZenGWEMts.jpg,Percée,0.75,0.013461538461538462
20230806_213414_aug1_jpg.rf.cynY9V8wWxPf9UJwxphO.jpg,Pleine,0.9,0.24779040404040403
20230806_213416_aug1_jpg.rf.XojwvloQpG1Ab4XATXa4.jpg,Pleine,0.9,0.14386907669760626
20230806_213416_aug2_jpg.rf.CFny8Szoznhqesr9wUFs.jpg,Percée,0.75,0.001063264221158958
20230806_213418_aug1_jpg.rf.VMegSenpVzZHUf9GnP5D.jpg,Percée,0.75,0.020512820512820513
20230806_213418_aug2_jpg.rf.sTBUCQ9JxgS6dqRjfwA7.jpg,Percée,0.75,0.001254180602006689
20230806_213430_aug1_jpg.rf.9K4EySWP3pp2oYupcsJa.jpg,Pleine,0.9,0.23012417352039993
20230806_213435_aug1_jpg.rf.uVWeL0zoLeOc8nKsfHMa.jpg,Pleine,0.9,0.1763586956521739
20230806_213435_aug2_jpg.rf.evkY2eGvKAzhVhtQB0kx.jpg,Percée,0.75,0.0005952380952380953
20230806_213438_aug1_jpg.rf.bBS6yf4hbQ1my29Wq8vF.jpg,Percée,0.75,0.032196969696969696
20230806_213438_aug2_jpg.rf.n3Kda8HIUjpZKJsh0olD.jpg,Semi-cerclée,0.8,0.05157487566771044
20230806_213440_aug2_jpg.rf.PUnp5PSuDZTijta1ETWs.jpg,Percée,0.75,0.0008710801393728223
20230806_213449_aug1_jpg.rf.r6CboRkak0Nid14ucwK7.jpg,Percée,0.75,0.02782608695652174
20230806_213449_aug2_jpg.rf.CPlHyx91noUJEORSOboC.jpg,Percée,0.75,0.0
20230806_213450_aug1_jpg.rf.NpWjWyDKxXRlIYcAQz0S.jpg,Percée,0.75,0.008333333333333333
20230806_213503_aug1_jpg.rf.NUnHVFzgin41RT9hu9Y6.jpg,Pleine,0.9,0.16525794229087729
20230806_213503_aug2_jpg.rf.ZvsKCNc55ry3rGw3qlJu.jpg,Percée,0.75,0.0
20230806_213505_aug1_jpg.rf.C3lTgY91SauF0wQONMPl.jpg,Percée,0.75,0.03936507936507937
20230806_213505_aug2_jpg.rf.kwSLxEgMH3CSkl08tTUW.jpg,Percée,0.75,0.0007127583749109052
20230806_213509_aug1_jpg.rf.bNRNiCizqrDhrbXfGY3m.jpg,Semi-cerclée,0.8,0.10569105691056911
20230806_213511_aug1_jpg.rf.SS8IV5MTsWx4d6NWWiPR.jpg,Percée,0.75,0.018518518518518517
20230806_213511_aug2_jpg.rf.UddytffqFlO7UXzbpf7S.jpg,Percée,0.75,0.0006988120195667365
20230806_213514_aug1_jpg.rf.Izq1BHIjX97gaiUEtXG0.jpg,Percée,0.75,0.021016949152542375
20230806_213514_aug2_jpg.rf.ku0HQsxjIp3aZ9F1v3cB.jpg,Percée,0.75,0.0012
20230806_213515_aug1_jpg.rf.TG7rdTVxxCurf0LQ9NXx.jpg,Percée,0.75,0.03017241379310345
20230806_213515_aug2_jpg.rf.DgLwnFki4FJhAUAOiDR8.jpg,Percée,0.75,0.0008203445447087777
20230806_213518_aug2_jpg.rf.NSpcA03GWdHW3eR1JjjB.jpg,Percée,0.75,0.0004578754578754579
20230806_213523_aug1_jpg.rf.r7qSKA7i7SLzTI4Xx2AJ.jpg,Percée,0.75,0.02452431289640592
20230806_213523_aug2_jpg.rf.6myB5Vd1TgeJdQE5TnE3.jpg,Percée,0.75,0.0
20230806_213535_aug1_jpg.rf.JE7gdIdM7NBmBN5xxjik.jpg,Percée,0.75,0.029710561625455243
20230806_213535_aug2_jpg.rf.FH8qfLaNHBfvAzYdXfJv.jpg,Percée,0.75,0.003777777777777778
20230806_213537_aug1_jpg.rf.fO15J8bLC2cVxIkcyoHG.jpg,Percée,0.75,0.0311025311025311
20230806_213537_aug2_jpg.rf.zd3ifJ5k5Y8PbiyVkTZB.jpg,Percée,0.75,0.008697542944118286
20230806_213543_aug1_jpg.rf.NnlhTCNOSR9YIo2p7t0D.jpg,Percée,0.75,0.030303030303030304
20230806_213543_aug2_jpg.rf.tTrCyQ1a5MT4cj3RsGM5.jpg,Percée,0.75,0.0013077593722755014
20230806_213556_aug2_jpg.rf.ckPq3YIj4goj5xDGw3Kz.jpg,Percée,0.75,0.0007736943907156673
20230806_213601_aug1_jpg.rf.wVedxWxm83NHIp8QjOZZ.jpg,Pleine,0.9,0.1277749096541043
20230806_213607_aug2_jpg.rf.K1IIedww6ojsbp0RzWvv.jpg,Percée,0.75,0.0
20230806_213610_aug2_jpg.rf.xSMTT5YPFXP2WyZY2jLb.jpg,Percée,0.75,0.0019723865877712033
20230806_213613_aug2_jpg.rf.3yh4qRdS0lYHSxOleZym.jpg,Percée,0.75,0.0014046737326012004
20230806_213649_aug2_jpg.rf.MUQvFClTaoPMRb4yg1zW.jpg,Percée,0.75,0.035526315789473684
20230806_213651_aug2_jpg.rf.MGSyed69VbBxZPmFLwZX.jpg,Percée,0.75,0.0354978354978355
20230806_213658_aug1_jpg.rf.MNvWcwyYACWU4rSn9nbs.jpg,Semi-cerclée,0.8,0.05843681519357195
20230806_213658_aug2_jpg.rf.oTArUlulQfgX0Cf0I0Rs.jpg,Pleine,0.9,0.2896825396825397
20230806_213719_aug1_jpg.rf.ni9Sb8pkWS1RfAHufxBM.jpg,Percée,0.75,0.035860655737704916
20230806_213719_aug2_jpg.rf.zigyr03rOZXC7XCiMMiC.jpg,Pleine,0.9,0.2840755735492578
20230806_213727_aug1_jpg.rf.tEDh681FUy1m9XREAbbz.jpg,Pleine,0.9,0.30357142857142855
20230806_213727_aug2_jpg.rf.HmSroaF50N7h1w5wvUVR.jpg,Semi-cerclée,0.8,0.07307167658730158
20230806_213814_aug1_jpg.rf.cMUTXAO1RATpNuxenYsz.jpg,Percée,0.75,0.03098220171390903
20230806_213816_aug1_jpg.rf.dmDpMzzo2RmWmczfyv5P.jpg,Percée,0.75,0.03695652173913044
20230806_213821_aug1_jpg.rf.rTZ3FiXvlLej4E3gVUul.jpg,Percée,0.75,0.023139462163852407
20230806_213832_aug1_jpg.rf.Z6D6gVYeiBvSxwEhqoj7.jpg,Semi-cerclée,0.8,0.05576086956521739
20230806_213834_aug1_jpg.rf.5rDQyuYSo4RwsdA3EaQN.jpg,Percée,0.75,0.0426902251353662
20230806_213845_aug1_jpg.rf.IsZpHdAthxZIwniLHQZk.jpg,Pleine,0.9,0.13963963963963963
20230806_213851_aug1_jpg.rf.xWB3yQ6ZWNaj8njkp47t.jpg,Pleine,0.9,0.35129819040125887
20230806_213851_aug2_jpg.rf.DnfwzpoCHmtxsyFzry5y.jpg,Semi-cerclée,0.8,0.05387409200968523
20230806_213859_aug1_jpg.rf.ZCh7p8hlRaz247kToI4m.jpg,Pleine,0.9,0.2634321922687563
20230806_213901_aug1_jpg.rf.6alysKOnZtVW1FwCL6RA.jpg,Semi-cerclée,0.8,0.05807676929228309
20230806_213915_aug1_jpg.rf.QDp1MMwsMalFCMInqYuO.jpg,Pleine,0.9,0.313923182441701
20230806_213918_aug1_jpg.rf.MOuIbVEAVq7DK643hMZ0.jpg,Pleine,0.9,0.5227134502923977
20230806_213936_aug2_jpg.rf.oBlkAMjEWYr7vXLm6TBR.jpg,Pleine,0.9,0.45454545454545453
20230806_213939_aug2_jpg.rf.mBMc5KLfNlupXynQaPsa.jpg,Pleine,0.9,0.9845240159528351
20230806_213957_aug2_jpg.rf.qWlUq6I4Wqgcfa3OFfL8.jpg,Percée,0.75,0.0
20230806_213959_aug1_jpg.rf.FhrH2Y7crqNKrAAqXhRz.jpg,Percée,0.75,0.014634146341463415
20230806_213959_aug2_jpg.rf.HXSCuRHGdlvdv9hYAXjd.jpg,Percée,0.75,0.0
20230806_214000_aug1_jpg.rf.ElXlWuL7rKrvnZtpRk9X.jpg,Percée,0.75,0.0152046783625731
20230806_214001_aug1_jpg.rf.KOMUI520e5e9WDoZr3QD.jpg,Percée,0.75,0.022435897435897436
20230806_214006_aug1_jpg.rf.3bxRB8RZd1t2a3tD769P.jpg,Percée,0.75,0.011824324324324325
20230806_214006_aug2_jpg.rf.L3HtiC7L2SZohCgNMhLb.jpg,Percée,0.75,0.0
20230806_214008_aug1_jpg.rf.Vxd5N1N10Son7E8bc1d8.jpg,Percée,0.75,0.04030501089324619
20230806_214008_aug2_jpg.rf.FktbWIuuKoPFrTRnogDS.jpg,Percée,0.75,0.0
20230806_214011_aug1_jpg.rf.wmrXYv9hLQg47WSEnAZ4.jpg,Percée,0.75,0.0332512315270936
20230806_214011_aug2_jpg.rf.Y96ai4YZz6cRxipAelD8.jpg,Percée,0.75,0.0
20230806_214013_aug1_jpg.rf.3mt1ZFImHfqgwkReUr9w.jpg,Percée,0.75,0.013647642679900745
20230806_214013_aug2_jpg.rf.Awj2CmNdi3tmJ2BlwWJv.jpg,Semi-cerclée,0.8,0.08501848227875625
20230806_214018_aug1_jpg.rf.OpZBTOYnADQH0AeMFJBI.jpg,Percée,0.75,0.04136029411764706
20230806_214018_aug2_jpg.rf.j1TOdT4vUmqwEh72sy7T.jpg,Percée,0.75,0.0
20230806_214028_aug1_jpg.rf.sPw7c2aTXMhi51UOXsRu.jpg,Pleine,0.9,0.400935086055021
20230806_214028_aug2_jpg.rf.WLhQnBo5iltv6KQGtmUT.jpg,Percée,0.75,0.0
20230806_214031_aug2_jpg.rf.zoyy4H3m59V7tmjmwabe.jpg,Pleine,0.9,0.2835707502374169
20230806_214033_aug1_jpg.rf.AKljNUbcb9OKbd5wEQjS.jpg,Percée,0.75,0.04121621621621622
20230806_214033_aug2_jpg.rf.6rVcB4LdbCz30Nd1XCFI.jpg,Pleine,0.9,0.2210899424014178
20230806_214038_aug2_jpg.rf.SEblGRP8i7MSK3B15kH9.jpg,Pleine,0.9,0.24128205128205127
20230806_214113_aug1_jpg.rf.gNoD8x2R1gh8xQyxbb8I.jpg,Semi-cerclée,0.8,0.05392857142857143
20230806_214113_aug2_jpg.rf.RIMm4GkeLadBqbEvbqrg.jpg,Pleine,0.9,0.19991186839012925
20230806_214114_aug2_jpg.rf.cCcs9m55U5sRlnuFo4LL.jpg,Pleine,0.9,0.20064279155188247
20230806_214117_aug1_jpg.rf.Cn92e3XCYuReZ2kRd4Ae.jpg,Percée,0.75,0.0018838304552590266
20230806_214121_aug2_jpg.rf.lDFkbYu4NFcXdIP6v6A4.jpg,Pleine,0.9,0.1974891774891775
20230806_214131_aug1_jpg.rf.MxaE5RanUxX6gY8uXtdb.jpg,Percée,0.75,0.03213166144200627
20230806_214131_aug2_jpg.rf.aZ2irMk9VEEEFLXclXDo.jpg,Percée,0.75,0.0
20230806_214133_aug1_jpg.rf.HjjWLy9KMnZLRXhfDk16.jpg,Semi-cerclée,0.8,0.0783625730994152
20230806_214133_aug2_jpg.rf.M5doK5WymtetYbyjKAln.jpg,Percée,0.75,0.0
20230806_214138_aug1_jpg.rf.EUT3CkJDVpZhxIlWP3xa.jpg,Semi-cerclée,0.8,0.11290322580645161
20230806_214141_aug1_jpg.rf.0SI5C7SuOAtjQ5kKvUUm.jpg,Pleine,0.9,0.16341743119266056
20230806_214141_aug2_jpg.rf.kTZmtiWCSQg1HYeXSxTt.jpg,Percée,0.75,0.0
20230806_214144_aug2_jpg.rf.Zungq25vhbeDE8HRYyMV.jpg,Pleine,0.9,0.20577871740662437
20230806_214146_aug1_jpg.rf.LXGnr0CW6fVbaOnkbp4A.jpg,Pleine,0.9,0.18468731735827001
20230806_214148_aug2_jpg.rf.b44Fv7W56dLndVP0nBQd.jpg,Pleine,0.9,0.22859972891252214
20230806_214156_aug1_jpg.rf.padyoHRLHQXohvgnDVg0.jpg,Percée,0.75,0.0006037189084762135
20230806_214159_aug1_jpg.rf.KM47wcRSZwYlhHX2auvW.jpg,Pleine,0.9,0.36917404129793513
20230806_214205_aug2_jpg.rf.ZZvwFuQBEtE2mFx5htvL.jpg,Percée,0.75,0.014689265536723164
20230806_214209_aug1_jpg.rf.KxnzbOp1YEvkC4lZicgk.jpg,Percée,0.75,0.04462474645030426
20230806_214212_aug1_jpg.rf.OYQXGzYCAKipIVvyzu9f.jpg,Percée,0.75,0.0
20230806_214212_aug2_jpg.rf.F4WNonV6ph77hqrDaxO2.jpg,Percée,0.75,0.009386733416770964
20230806_214214_aug1_jpg.rf.GhLRiEv9jAp5UykKuksd.jpg,Percée,0.75,0.0062413314840499305
20230806_214215_aug1_jpg.rf.WcJaXP45njIuCETtjzeC.jpg,Percée,0.75,0.002147766323024055
20230806_214225_aug1_jpg.rf.YJ25F0RR1hRVmIvFGvEs.jpg,Semi-cerclée,0.8,0.08216619981325864
20230806_214229_aug1_jpg.rf.wIDYrdK5LRonXPd7eC0n.jpg,Pleine,0.9,0.1479020979020979
20230806_214229_aug2_jpg.rf.nYMEfHjmcJio4aqTZqHR.jpg,Semi-cerclée,0.8,0.08981132075471698
20230806_214235_aug1_jpg.rf.vZVL25xUZ9XrTHSWnEwo.jpg,Semi-cerclée,0.8,0.07766990291262135
20230806_214235_aug2_jpg.rf.m6H6eaHm8bCJ4hKTend8.jpg,Semi-cerclée,0.8,0.05925190334326382
20230806_214241_aug1_jpg.rf.uB7LKKzWGfrfz74TNIaY.jpg,Semi-cerclée,0.8,0.051067073170731704
20230806_214245_aug1_jpg.rf.vDQG8JLHa7sMmPgx6aEz.jpg,Pleine,0.9,0.23468057366362452
20_jpg.rf.0cwXhpHGxE4kMZQqxvhy.jpg,Pleine,0.9,0.3957099523328037
20_jpg.rf.1JsfpKERT3Y8X9iB3MQs.jpg,Pleine,0.9,0.2856283652193837
20_jpg.rf.8VdMYhwdnTI2V5U0BoGo.jpg,Pleine,0.9,0.43413365346138455
20_jpg.rf.Bu6sgeBEukNz55TKSv1X.jpg,Pleine,0.9,0.434093637454982
20_jpg.rf.EBTM7jZSGWU8eM9gEW2K.jpg,Pleine,0.9,0.39874657265961616
20_jpg.rf.FuAYbJmWa86FwcIYs5Pj.jpg,Pleine,0.9,0.14366071428571428
20_jpg.rf.JYn1itoxL5NtYTU6jIvs.jpg,Pleine,0.9,0.2856283652193837
20_jpg.rf.x6UhYmR3Gaxzjw9yVuLp.jpg,Pleine,0.9,0.3968338071853192
20_jpg.rf.YG0vkn9ngL3rQkRNs3Xs.jpg,Pleine,0.9,0.14248231132075473
21-offset_535735-jpg_dropout_aug_png_jpg.rf.vxH4yB0cZZ3S2W9LJr4V.jpg,Pleine,0.9,0.6317146228555868
21-offset_535735-jpg_flip_aug_png_jpg.rf.zYdRpRo6TflFt4aYn42Y.jpg,Pleine,0.9,0.7122813500862282
21-offset_535735-jpg_shear_aug_png_jpg.rf.rT4ad2CtCAXkFLMpo2J5.jpg,Pleine,0.9,0.6433989339893399
21-offset_535735_jpg.rf.1cLEL9Tjtx7wfL6N4ZXo.jpg,Pleine,0.9,0.6368110816386678
21-offset_535735_jpg.rf.GBNgamQNpSzB5MK5YD9o.jpg,Pleine,0.9,0.6368110816386678
21_jpg.rf.6lRdQ9gtCEDeeQupUmvK.jpg,Pleine,0.9,0.2243050152083186
21_jpg.rf.BEI3W2KMLDklSSiGVaVK.jpg,Pleine,0.9,0.20851417490072952
21_jpg.rf.kq9R6VYtPHXyY8VbQTwG.jpg,Pleine,0.9,0.31652923538230887
21_jpg.rf.mrBZUf2IeuOpqX9BkH5u.jpg,Pleine,0.9,0.2895599035505899
21_jpg.rf.oLmQrXaOepMX4Rd4v6PD.jpg,Pleine,0.9,0.36093666742787545
21_jpg.rf.omnjlEDP3aEA93vZjkZL.jpg,Pleine,0.9,0.2895414971746213
21_jpg.rf.oOzEBtuJreqZBRgPMkpc.jpg,Pleine,0.9,0.3610223034178275
21_jpg.rf.WsoyValz0Dtopjczn4e0.jpg,Pleine,0.9,0.4441324441324441
21_jpg.rf.xnFAPz88llb7VfdSWHBo.jpg,Pleine,0.9,0.4466590811001687
21_jpg.rf.Za9XyVJ0kMxNRmLAwM9s.jpg,Pleine,0.9,0.21118979067776827
22-fashion-blogs-slaves-to-fashion-2012-08-20-0821lebron-james-glasses_fa-jpg_aug_png_jpg.rf.pNph7nAYfZYcJCuwUzB6.jpg,Pleine,0.9,0.47288897492149523
22-fashion-blogs-slaves-to-fashion-2012-08-20-0821lebron-james-glasses_fa_jpg.rf.J0rs8yqd1BGFs1RElCrA.jpg,Pleine,0.9,0.8509229534510433
22-fashion-blogs-slaves-to-fashion-2012-08-20-0821lebron-james-glasses_fa_jpg.rf.uYivZFhDsfIngDcQa7FB.jpg,Pleine,0.9,0.33656033689917225
22-fashion-blogs-slaves-to-fashion-2012-08-20-0821lebron-james-glasses_fa_jpg.rf.yjoKcmFQqQ20QjlT7wg2.jpg,Pleine,0.9,0.8507129734931327
22-fashion-blogs-slaves-to-fashion-2012-08-20-0821lebron-james-glasses_fa_jpg.rf.z3P6DhJyCR2NI54Ccbtr.jpg,Pleine,0.9,0.3365482356358004
22-jpg_cloud_affine_aug_png_jpg.rf.2LMGbC2pz2a6qnrih0YP.jpg,Percée,0.75,0.000111781801922647
22-jpg_dropout_aug_png_jpg.rf.r5zUuIL2KVZwVG7ZLwDp.jpg,Pleine,0.9,0.159825681564812
22-jpg_flip_aug_png_jpg.rf.cYKDSRvIMgr3uKBXnJwr.jpg,Pleine,0.9,0.16997612165388964
22-jpg_shear_aug_png_jpg.rf.NkEKKHhXNiYQZhj1SRO0.jpg,Pleine,0.9,0.14249091381100726
22_jpg.rf.5tokUqcM40um2NUp36xy.jpg,Pleine,0.9,0.2143290831815422
22_jpg.rf.FwCZfurOUrtTG5m5sIls.jpg,Pleine,0.9,0.17325826238212946
22_jpg.rf.fzudKzdbusKvXw8NYI45.jpg,Pleine,0.9,0.12090713902308105
22_jpg.rf.GFtImWhKUW7mg613CXl9.jpg,Pleine,0.9,0.12090713902308105
22_jpg.rf.HKUzyVinlv76RGOPGo2O.jpg,Pleine,0.9,0.18344079784029807
22_jpg.rf.NBl5glCg5DEWej2YPp7I.jpg,Pleine,0.9,0.22519122215170848
23-i_see_you_goldclear_1q5a0093-2_jpg.rf.dQc2KX3OHAiuYRBdbM4Y.jpg,Pleine,0.9,0.20113174182139698
23-i_see_you_goldclear_1q5a0093-2_jpg.rf.oyhzo67Fw1FaDE7OH1V7.jpg,Pleine,0.9,0.20113174182139698
23-jpg_aug_png_jpg.rf.BrBEjCNjoy4RYZodZGVn.jpg,Pleine,0.9,0.9220493125176651
23_jpg.rf.6eVDEGEjmnbOcocTCmZn.jpg,Pleine,0.9,0.7586191496963202
23_jpg.rf.bwI6tpLrjtHtM4rah2E1.jpg,Semi-cerclée,0.8,0.10760869565217392
23_jpg.rf.Gg3GHi6HV5qaF0jS4YCl.jpg,Pleine,0.9,0.7564516129032258
23_jpg.rf.Q0bvYQ4nvPVwg8mr5Hyn.jpg,Pleine,0.9,0.70815644366369
23_jpg.rf.UWPYkokwLv6axYHpyv9G.jpg,Pleine,0.9,0.7081198458010052
23_jpg.rf.We4KH7Rq0UBiJvAMnmoQ.jpg,Pleine,0.9,0.5851604661469875
23_jpg.rf.xdqYcOc2HJTEsQxvX08t.jpg,Pleine,0.9,0.5851343952863884
23_jpg.rf.xLQfIlObJS5hbfKg6odD.jpg,Semi-cerclée,0.8,0.08464849354375897
24-happy-smiling-man-working-on-laptop-picture-id1088355350-jpg_aug_png_jpg.rf.6deFsLutCuSdz6dcLXVj.jpg,Semi-cerclée,0.8,0.08528454928735028
24-happy-smiling-man-working-on-laptop-picture-id1088355350-jpg_aug_png_jpg.rf.ja2wXBfIS26MFWxMz18K.jpg,Pleine,0.9,1.0
24-happy-smiling-man-working-on-laptop-picture-id1088355350-jpg_aug_png_jpg.rf.WfI2Oaz614iVDsqREjtJ.jpg,Percée,0.75,0.04601233609385783
24-happy-smiling-man-working-on-laptop-picture-id1088355350_jpg.rf.BMsf4i68TUgL4qp1CoZ0.jpg,Pleine,0.9,0.419760304004677
24-happy-smiling-man-working-on-laptop-picture-id1088355350_jpg.rf.ccuFxxKN2Xh4UVcNwjLT.jpg,Semi-cerclée,0.8,0.10819988346159255
24-happy-smiling-man-working-on-laptop-picture-id1088355350_jpg.rf.eNGEDpVhACSzb32tIJY1.jpg,Pleine,0.9,0.419760304004677
24-happy-smiling-man-working-on-laptop-picture-id1088355350_jpg.rf.GrUfHtj8CJBUepAgZJFf.jpg,Semi-cerclée,0.8,0.10819988346159255
24-happy-smiling-man-working-on-laptop-picture-id1088355350_jpg.rf.O8didXjcDD4yE9D0fI9c.jpg,Percée,0.75,0.008290362731152206
24-happy-smiling-man-working-on-laptop-picture-id1088355350_jpg.rf.ubxz0evfBOUmLdanr3BR.jpg,Percée,0.75,0.008268136557610242
24_jpg.rf.6Hse9Rp0JtxfX362qJzv.jpg,Pleine,0.9,0.2627642276422764
24_jpg.rf.7TNJu7w00xIlsbmELVxl.jpg,Pleine,0.9,0.3437526048178711
24_jpg.rf.9K7USpfECrLkrlvYpn3e.jpg,Pleine,0.9,0.13754045307443366
24_jpg.rf.DFQPNiKk2e5eQKcjtSC0.jpg,Pleine,0.9,0.1606425702811245
24_jpg.rf.PmFchSBvffW7Gtq7ah23.jpg,Pleine,0.9,0.262520325203252
24_jpg.rf.vu5E7qFnB4wMsTGNB67F.jpg,Pleine,0.9,0.3437526048178711
25-how_often_should_you_get_new_glasses_frames_header_jpg.rf.Fq8x88W4ZSVytIEUCwet.jpg,Semi-cerclée,0.8,0.09655431515671963
25-how_often_should_you_get_new_glasses_frames_header_jpg.rf.tcNX8uzsmK8DTIBBUpcn.jpg,Semi-cerclée,0.8,0.09660798626019751
25-how_often_should_you_get_new_glasses_frames_header_jpg.rf.vShLS3UnlWiFya2QRtdo.jpg,Semi-cerclée,0.8,0.09595417114214107
25-how_often_should_you_get_new_glasses_frames_header_jpg.rf.VtLbeNh7v15EjwKVBB4f.jpg,Pleine,0.9,0.4091122372372372
25-how_often_should_you_get_new_glasses_frames_header_jpg.rf.w1x5owzoBOPxGzzVFeyC.jpg,Pleine,0.9,0.40892454954954954
25-how_often_should_you_get_new_glasses_frames_header_jpg.rf.YvWwcL3acbtWEcrf1HfI.jpg,Semi-cerclée,0.8,0.09559613319011816
25-jpg_aug_png_jpg.rf.y2QWEZDzYynvR1VJW6LM.jpg,Pleine,0.9,0.5178034403945627
25_jpg.rf.34pddExHRpNWPqDqKWTF.jpg,Pleine,0.9,0.7304881412024269
25_jpg.rf.3nAQxj5J6tGdU0KErQHF.jpg,Pleine,0.9,0.326610197920161
25_jpg.rf.4biSeQrR7INeO7VRk7EF.jpg,Pleine,0.9,0.4512449334105385
25_jpg.rf.f5yKoddtjOYbWq0yUVVe.jpg,Pleine,0.9,0.22867747311013484
25_jpg.rf.Futh96BvlCH9gAxvC06g.jpg,Pleine,0.9,0.7247945205479452
25_jpg.rf.kOT2MRaUQDvMgib3AhNS.jpg,Pleine,0.9,0.5593037291150499
25_jpg.rf.PpEMEoYeSBQYSD4Fq8lz.jpg,Pleine,0.9,0.1899424754128781
25_jpg.rf.RGO6CoFo2QYfhqySq5Jo.jpg,Pleine,0.9,0.2665286582999094
25_jpg.rf.VCwdn4teg0bI5ysdwcU7.jpg,Pleine,0.9,0.4512449334105385
25_jpg.rf.zpO6duLR8HFYndTr8WUb.jpg,Pleine,0.9,0.5592402007496348
26-jpg_cloud_affine_aug_png_jpg.rf.GP0aSAlqbhtp7PSYPJD7.jpg,Pleine,0.9,0.24296118566332597
26-jpg_dropout_aug_png_jpg.rf.AukJt2nBW60kQD4l4jkR.jpg,Pleine,0.9,0.30832383888479326
26-jpg_flip_aug_png_jpg.rf.OU5b0Id3lmAnO9qiJ6JZ.jpg,Pleine,0.9,0.321336192890102
26-jpg_shear_aug_png_jpg.rf.WuRZa79UbFZgKXcwKmxU.jpg,Pleine,0.9,0.36635835580426607
26-portrait-handsome-black-guy-glasses-talking-cellphone-touch-african-american-man-somebody-copy-space-162742201-jpg_aug_png_jpg.rf.T4DaCcqJu9V94T87GwTc.jpg,Pleine,0.9,1.0
26-portrait-handsome-black-guy-glasses-talking-cellphone-touch-african-american-man-somebody-copy-space-162742201_jpg.rf.BjxuC7DvWNa4we0gXtXh.jpg,Pleine,0.9,0.34876980114593864
26-portrait-handsome-black-guy-glasses-talking-cellphone-touch-african-american-man-somebody-copy-space-162742201_jpg.rf.fcTKk7V3ejwATz9QlhGl.jpg,Pleine,0.9,0.6172229504890592
26-portrait-handsome-black-guy-glasses-talking-cellphone-touch-african-american-man-somebody-copy-space-162742201_jpg.rf.Jbj9lBWuUGOs1kojw9B5.jpg,Pleine,0.9,0.6171893381735067
26-portrait-handsome-black-guy-glasses-talking-cellphone-touch-african-american-man-somebody-copy-space-162742201_jpg.rf.LDw5FpHOe07tzctm8uPh.jpg,Pleine,0.9,0.3488035052241321
26-portrait-handsome-black-guy-glasses-talking-cellphone-touch-african-american-man-somebody-copy-space-162742201_jpg.rf.ucg9Z8a1vCvQYceYRC44.jpg,Pleine,0.9,0.448322298283021
26-portrait-handsome-black-guy-glasses-talking-cellphone-touch-african-american-man-somebody-copy-space-162742201_jpg.rf.yhRaumJOK7Rdsx3UGiTY.jpg,Pleine,0.9,0.448322298283021
26_jpg.rf.3UH3tmGUcmDvngpKuNWn.jpg,Pleine,0.9,0.3038768963079767
26_jpg.rf.O46MLJmaREOWULVJgsKC.jpg,Semi-cerclée,0.8,0.09163533834586467
26_jpg.rf.QdMCVQc3XGYFfN4MMxqB.jpg,Semi-cerclée,0.8,0.08404268745880604
26_jpg.rf.QmX8t03i6CJMbFX9wnkv.jpg,Pleine,0.9,0.3038768963079767
26_jpg.rf.TxM2oUEMu1hsLxugTHxK.jpg,Semi-cerclée,0.8,0.07716827798795012
26_jpg.rf.U48UrqStfRZS7ccSreTH.jpg,Semi-cerclée,0.8,0.06797817008960516
27-man-with-long-hair-glasses-and-a-beard-cn32ap-jpg_aug_png_jpg.rf.9va2jBz79j9pukdKjUus.jpg,Pleine,0.9,0.15354669093482987
27-man-with-long-hair-glasses-and-a-beard-cn32ap-jpg_aug_png_jpg.rf.HTyLzeBPzuNo22nkxHFI.jpg,Pleine,0.9,1.0
27-man-with-long-hair-glasses-and-a-beard-cn32ap-jpg_aug_png_jpg.rf.jOaVadQiNMvv0FoZZ1Ua.jpg,Pleine,0.9,1.0
27-man-with-long-hair-glasses-and-a-beard-cn32ap_jpg.rf.7qskoMrDHSw1PfwQxmAn.jpg,Pleine,0.9,0.17029744449099288
27-man-with-long-hair-glasses-and-a-beard-cn32ap_jpg.rf.mCU7iPw0AdYs3Bjhsgda.jpg,Pleine,0.9,0.4441469582031831
27-man-with-long-hair-glasses-and-a-beard-cn32ap_jpg.rf.PCDxaOpuPjomovVyL3Qs.jpg,Pleine,0.9,0.3431783536585366
27-man-with-long-hair-glasses-and-a-beard-cn32ap_jpg.rf.QAzMNWm3uQQxx6gzJnBJ.jpg,Pleine,0.9,0.44440725866428676
27-man-with-long-hair-glasses-and-a-beard-cn32ap_jpg.rf.SIGTnaEYrSsxJNa6j4jy.jpg,Pleine,0.9,0.3430640243902439
27-man-with-long-hair-glasses-and-a-beard-cn32ap_jpg.rf.vdA8D7OImLQ4hqfYaxlc.jpg,Pleine,0.9,0.1704171404632234
27_jpg.rf.6jw1hNsL6k8cMzHZPATP.jpg,Semi-cerclée,0.8,0.10510204081632653
28-5cd4f5b6200000320096481b_jpeg_jpg.rf.lJ0gmoPwxAuKML8ngsHw.jpg,Pleine,0.9,0.26778877887788777
28-5cd4f5b6200000320096481b_jpeg_jpg.rf.yZX4nuxDt5ipyak8c2VP.jpg,Pleine,0.9,0.2678382838283828
28_jpg.rf.23EZBVsNy4JerTVcx1Rd.jpg,Pleine,0.9,0.2980381617844665
28_jpg.rf.7PpFab5k3z0ur4S9dnkq.jpg,Pleine,0.9,0.2981725342649825
28_jpg.rf.mjZCxr1bin1NStCjsKhc.jpg,Pleine,0.9,0.14687953555878083
28_jpg.rf.qCYDwyEjpaD6IsevZeSs.jpg,Pleine,0.9,0.14241596166803924
28f3d11c3465ce2e74d8a4d65861de51_jpg.rf.VWStf9TnPp7D2UtEbgbK.jpg,Pleine,0.9,0.27654936563462645
29-jpg_aug_png_jpg.rf.VlJvvJoq8dl6wOEkaQ1f.jpg,Pleine,0.9,0.7309353673223605
29_jpg.rf.2yTzb8TDcmGwrJtoYr1k.jpg,Pleine,0.9,0.15223880597014924
29_jpg.rf.dD5Wvf3QvdkdtyUyECER.jpg,Semi-cerclée,0.8,0.10646138925930416
29_jpg.rf.dre0m2Un6ZvQ7jWwZSHI.jpg,Pleine,0.9,0.15280788177339902
29_jpg.rf.EXr291gthpoVRgjHoiBW.jpg,Pleine,0.9,0.133629191321499
29_jpg.rf.QXZ2ixaVR2CYApimo1bK.jpg,Semi-cerclée,0.8,0.1065583707116014
29_jpg.rf.spZAocqz6FQkQj28Z9la.jpg,Pleine,0.9,0.14556627461345314
2_daa9beac-94ec-4fd9-8bf4-c45aacac3ff4_800x_png-jpg_cloud_affine_aug_png_jpg.rf.Y5b6KVT79mjhrgQUohOm.jpg,Percée,0.75,0.016207362728785358
2_daa9beac-94ec-4fd9-8bf4-c45aacac3ff4_800x_png-jpg_dropout_aug_png_jpg.rf.RD9lliazbR4u7WaG1eNg.jpg,Pleine,0.9,0.334159301866298
2_daa9beac-94ec-4fd9-8bf4-c45aacac3ff4_800x_png-jpg_flip_aug_png_jpg.rf.qAhArLSGQSIJr6fCOOo5.jpg,Pleine,0.9,0.25307233146067415
2_daa9beac-94ec-4fd9-8bf4-c45aacac3ff4_800x_png-jpg_shear_aug_png_jpg.rf.oqhRb6Amw3hgJ4BFnuZL.jpg,Pleine,0.9,0.3362505852059925
2_daa9beac-94ec-4fd9-8bf4-c45aacac3ff4_800x_png_jpg.rf.e5MbWCcwvgv51jXWBxCs.jpg,Pleine,0.9,0.278254039497307
2_daa9beac-94ec-4fd9-8bf4-c45aacac3ff4_800x_png_jpg.rf.N71lR6KlNoDGLlYFDb9W.jpg,Pleine,0.9,0.27826806552962297
2_jpg.rf.1UVCnuwo1qzAwQfLSje8.jpg,Pleine,0.9,0.4369699042407661
2_jpg.rf.3UP9qCcFGb1Y2zIepNoW.jpg,Pleine,0.9,0.5546375372393247
2_jpg.rf.dNCD34YjpQw06cc1v622.jpg,Pleine,0.9,0.5606912855628923
2_jpg.rf.ETvHyLbiVlG94RDP0ep2.jpg,Pleine,0.9,0.4369699042407661
2_jpg.rf.ovonzr8RQKXmcLW8yWtq.jpg,Pleine,0.9,0.5584795321637427
2_jpg.rf.sc2cN4ldTkbLeUvMenAc.jpg,Pleine,0.9,0.2936632258237271
3-jpg_aug_png_jpg.rf.z0kT3ub5BfB3itSLRA1s.jpg,Pleine,0.9,0.6198517761308459
3-photo-jpg_aug_png_jpg.rf.hoolsAafpT79ftAoqBv2.jpg,Pleine,0.9,0.4567500423465643
3-photo-jpg_aug_png_jpg.rf.is0m3XJhheHlQxA1prM6.jpg,Pleine,0.9,1.0
3-photo_jpg.rf.cueM2ZeC3fWZHx8q3liq.jpg,Semi-cerclée,0.8,0.11563021907849494
3-photo_jpg.rf.KA2RRiueHjdnSa9F42qz.jpg,Semi-cerclée,0.8,0.11572846055604677
3-photo_jpg.rf.qFLAGQWcesflPcZf45sd.jpg,Pleine,0.9,0.5455307262569833
3-photo_jpg.rf.SIuc8Ty8BWxyYkglI3Oy.jpg,Pleine,0.9,0.5164477141355754
3-photo_jpg.rf.XKKpwnNBFjIcGHFgQPWP.jpg,Pleine,0.9,0.5457635009310987
3-photo_jpg.rf.zYDZr61FxO5mKUyXn1R4.jpg,Pleine,0.9,0.5167104571728849
30-jpg_cloud_affine_aug_png_jpg.rf.HO4vjo47g6VDmedoSVh8.jpg,Percée,0.75,0.013909981291955541
30-jpg_dropout_aug_png_jpg.rf.g7lqzz0EPoqIhfcNIHRm.jpg,Pleine,0.9,0.1935966735966736
30-jpg_flip_aug_png_jpg.rf.qnKdFtNliF1TngOuvVJQ.jpg,Pleine,0.9,0.15340227817745802
30-jpg_shear_aug_png_jpg.rf.xYjSmoXXQz181QgpsChT.jpg,Pleine,0.9,0.1512794041737335
30-manwearingglasses-jpg_cloud_affine_aug_png_jpg.rf.XvStroVaOopXqUzD2b84.jpg,Semi-cerclée,0.8,0.05455641515121069
30-manwearingglasses-jpg_dropout_aug_png_jpg.rf.2PqbcsAvEnJ1rbN5Qulh.jpg,Pleine,0.9,0.26307615729218514
30-manwearingglasses-jpg_flip_aug_png_jpg.rf.5IGH6P6d77P0yAcuhPMz.jpg,Pleine,0.9,0.2147803980012273
30-manwearingglasses-jpg_shear_aug_png_jpg.rf.e2G4Xfzab1efAFeNd7ln.jpg,Pleine,0.9,0.21444929506906177
30-manwearingglasses_jpg.rf.GSFhtru1bJ4YIp7UzGf7.jpg,Pleine,0.9,0.24277016742770166
30-manwearingglasses_jpg.rf.mRKXruKdqdeKqm7nEviO.jpg,Pleine,0.9,0.2427501401906593
30412c6618320c1f6bfa50d3ddde94d4-jpg_aug_png_jpg.rf.NK7oEaPh9h1ayuVi18eU.jpg,Pleine,0.9,0.2580203023943119
30412c6618320c1f6bfa50d3ddde94d4_jpg.rf.GBBP3IvaYxmcDol6kq2B.jpg,Pleine,0.9,0.25237059591126576
30412c6618320c1f6bfa50d3ddde94d4_jpg.rf.hupZ5LEATPWBGyJZi0iV.jpg,Pleine,0.9,0.2523995940263883
30_jpg.rf.1IXBZocHj2IxKZjQRdyB.jpg,Pleine,0.9,0.13935340022296544
30_jpg.rf.3KyoOP4mQTKJJSIgH3zr.jpg,Pleine,0.9,0.16415904349221633
30_jpg.rf.HlNPf10XDNNDA27pAROM.jpg,Pleine,0.9,0.16429947038998555
30_jpg.rf.RPPseyxfN60Og2O3u2sI.jpg,Semi-cerclée,0.8,0.10529223862557197
30_jpg.rf.t6cDM9GBEoqzLn10f5tw.jpg,Pleine,0.9,0.18776595744680852
30_jpg.rf.zcn3FOgrtnP0qVg0jtl0.jpg,Semi-cerclée,0.8,0.09764735643814824
31-jpg_dropout_aug_png_jpg.rf.vicbXHrpzupDzOTSWWvB.jpg,Pleine,0.9,0.394811115935736
31-jpg_flip_aug_png_jpg.rf.Ps1WPtgk2NFvAjru1W3x.jpg,Pleine,0.9,0.368856048166393
31-jpg_shear_aug_png_jpg.rf.YrgcHUnN6bqFpAGDz93g.jpg,Pleine,0.9,0.3302691116932603
31_jpg.rf.6subsWyet0JT1HqseCLN.jpg,Semi-cerclée,0.8,0.10266383781235267
31_jpg.rf.aFRqtoKecW7KLvY74z40.jpg,Semi-cerclée,0.8,0.09934307133472448
31_jpg.rf.lkdFc0VQdzv2QEmgCVgs.jpg,Pleine,0.9,0.3579155398377366
31_jpg.rf.LrQxiZ4dyMYYHzeAG6OT.jpg,Semi-cerclée,0.8,0.09366157328805885
31_jpg.rf.SADDgAVdfohr0LRGTXEe.jpg,Semi-cerclée,0.8,0.0821292424987703
31_jpg.rf.YllmmwIGcapmwVtt3EK3.jpg,Pleine,0.9,0.3579155398377366
32-7360-jpg_aug_png_jpg.rf.AOVpr0zmhsje6nOWKGZq.jpg,Pleine,0.9,0.8344155844155844
32-7360-jpg_aug_png_jpg.rf.WdEZ7tAKeQT2z0iZ9ndC.jpg,Pleine,0.9,0.6230210354140515
32-7360-jpg_aug_png_jpg.rf.XUBocwm7Z7M4riPpQIfI.jpg,Pleine,0.9,0.6158372115774321
32-7360_jpg.rf.6dMagUZ9H4cf7uLeg7G2.jpg,Pleine,0.9,0.6334607624508867
32-7360_jpg.rf.8Ub2xmaQpsWpyaD3LK5c.jpg,Pleine,0.9,0.13621901590825009
32-7360_jpg.rf.9FfR3JpamGBTQTAHgHcB.jpg,Pleine,0.9,0.6333439524264628
32-7360_jpg.rf.JIzrKRTidMoMM1uNmIJx.jpg,Pleine,0.9,0.6127886507196852
32-7360_jpg.rf.rpeg7Schpyo6GD4AROp6.jpg,Pleine,0.9,0.13624015643993445
32-7360_jpg.rf.V1VorK9LQ1J2Edrn77lo.jpg,Pleine,0.9,0.6127472299886093
320616_best_eyewear_0_jpg.rf.1F25v0FGpM5L3gEtktZr.jpg,Semi-cerclée,0.8,0.05466288594833018
320616_best_eyewear_0_jpg.rf.acUi0VoYlcetSdbQK8oa.jpg,Pleine,0.9,0.1255826392603347
320616_best_eyewear_0_jpg.rf.AINxohEqm3cj0a4ZA4B0.jpg,Percée,0.75,0.04338938505341542
320616_best_eyewear_0_jpg.rf.cAveDtAAd3F6gD9NyIBU.jpg,Semi-cerclée,0.8,0.11292781380169194
320616_best_eyewear_0_jpg.rf.PeNnIYLKJ0T6BNMqUEbS.jpg,Pleine,0.9,0.23156973846169496
320616_best_eyewear_0_jpg.rf.VBzxlUc3w7CfjTZ3CrlS.jpg,Pleine,0.9,0.15146218773979025
320616_best_eyewear_0_jpg.rf.VtuAbkw9fImPJmTIA4Bn.jpg,Percée,0.75,0.00780493452907246
32_jpg.rf.9tC15cBPcumTYIlL4px5.jpg,Pleine,0.9,0.2175257731958763
32_jpg.rf.Cc6mR3HiIccCTi2CFyZs.jpg,Pleine,0.9,0.22503373819163291
32_jpg.rf.d2XTPaS0dEC3MfLScKJv.jpg,Pleine,0.9,0.13899779694559575
32_jpg.rf.nX60bPyb03IGzbXOt0KR.jpg,Pleine,0.9,0.46926526388409795
32_jpg.rf.rVqPqASQ7wQ2qP8d9ZlH.jpg,Pleine,0.9,0.18709738537324744
32_jpg.rf.SkX6gzkitfGqwsIF6Eyz.jpg,Pleine,0.9,0.46687456687456685
33-cheatereyeglasses-1305385414_770x533-jpg_cloud_affine_aug_png_jpg.rf.pbEEnEhWCkTA9oIMgwSK.jpg,Percée,0.75,0.022520325203252034
33-cheatereyeglasses-1305385414_770x533-jpg_dropout_aug_png_jpg.rf.5ZpXm17ztHAhnl4i802b.jpg,Pleine,0.9,0.25573743656899656
33-cheatereyeglasses-1305385414_770x533-jpg_flip_aug_png_jpg.rf.k5rRHRvA6mvVz0WOBSgv.jpg,Pleine,0.9,0.20951238209512382
33-cheatereyeglasses-1305385414_770x533-jpg_shear_aug_png_jpg.rf.gOohGovAoRm4uFawnX9S.jpg,Pleine,0.9,0.2322078462246914
33-cheatereyeglasses-1305385414_770x533_jpg.rf.8hcjZiLso3TyJViulMOv.jpg,Pleine,0.9,0.23256767842493847
33-cheatereyeglasses-1305385414_770x533_jpg.rf.N9yNlZuVUZfOz23hEOO8.jpg,Pleine,0.9,0.23255248685929572
33_jpg.rf.78QOXCV4PkQMPN1misuz.jpg,Semi-cerclée,0.8,0.10792410714285715
33_jpg.rf.DoCh4SnhtKnLmFXUgn5X.jpg,Pleine,0.9,0.14275599128540306
33_jpg.rf.jmALQlpXmoQz1ghEWpeZ.jpg,Semi-cerclée,0.8,0.10792410714285715
33_jpg.rf.NmXoPOe2xVHef2AjwTTB.jpg,Pleine,0.9,0.1501761995120629
33_jpg.rf.Owl9PqDaUxVjjUDeazkJ.jpg,Pleine,0.9,0.13893487858719647
33_jpg.rf.yNCMH4fCpx3HtO41sB0d.jpg,Semi-cerclée,0.8,0.10411522633744856
34-jpg_aug_png_jpg.rf.1cMKLvUmAUGwPni7R61n.jpg,Pleine,0.9,0.974609375
34-jpg_aug_png_jpg.rf.pKTbouCQuOGC7NQujEMj.jpg,Percée,0.75,0.012164606572203798
34-man-glasses-computer_jpg.rf.A3ifzbqiArMMcH9QRWSW.jpg,Pleine,0.9,0.17607598186018653
34-man-glasses-computer_jpg.rf.QDdI8PzTdkGT2Z6OR75a.jpg,Pleine,0.9,0.17607598186018653
34_jpg.rf.6h7782hsjDv5hyQ75E2q.jpg,Pleine,0.9,0.17213181118937737
34_jpg.rf.78dEYxAIJX51EMScuhbY.jpg,Pleine,0.9,0.5387852757199274
34_jpg.rf.EfRPHCrGfBkWYgnMViVF.jpg,Pleine,0.9,0.19186387066541705
34_jpg.rf.Ho4Emq8UFN0z7MYvph46.jpg,Semi-cerclée,0.8,0.10910315411381749
34_jpg.rf.hY21GrsmjXwiRO00hTpg.jpg,Percée,0.75,0.015303755255908366
34_jpg.rf.jIUz2Aqkvqcljcx5UuIy.jpg,Pleine,0.9,0.5366185349737981
34_jpg.rf.T7fiiq7WExRamn8CrtKG.jpg,Pleine,0.9,0.621475594091201
34_jpg.rf.V6QALUUMkqPJUT6Ph09P.jpg,Pleine,0.9,0.6188336069437446
34_jpg.rf.WYzqRgcR9JCltskRQ1Gx.jpg,Percée,0.75,0.015314569536423841
34_jpg.rf.X6BrWk0P7LWzdK0E2Rb5.jpg,Pleine,0.9,0.24015285126396238
35-jpg_dropout_aug_png_jpg.rf.26wiQoIFqSAMuvr1okON.jpg,Pleine,0.9,0.3606684602649007
35-jpg_flip_aug_png_jpg.rf.kJSCcFaXPfFQzwR7rwNy.jpg,Pleine,0.9,0.36339409003037837
35_jpg.rf.CMRNZsg70akEvEhRyWVG.jpg,Pleine,0.9,0.40374078624078624
35_jpg.rf.D3GABqhshCn3Xan3jBSx.jpg,Pleine,0.9,0.35285659509202455
35_jpg.rf.HPwYFQUh6MvLaE2UME60.jpg,Pleine,0.9,0.4088615578681804
35_jpg.rf.WNterh5SkegOTwuLCMqZ.jpg,Pleine,0.9,0.32980932757718473
35_jpg.rf.xDwgwC51ynkaKqRJ443Z.jpg,Pleine,0.9,0.4182187968315136
35_jpg.rf.ZpU03ge9N1Gnd0NLIACV.jpg,Pleine,0.9,0.35285659509202455
36-depositphotos_74556409-stock-photo-man-with-glasses-smiling-jpg_cloud_affine_aug_png_jpg.rf.QFFhu6BiCqi1rLPNVAEj.jpg,Percée,0.75,0.0
36-depositphotos_74556409-stock-photo-man-with-glasses-smiling-jpg_dropout_aug_png_jpg.rf.vkSDqmWOSMCSDOCgd6m0.jpg,Pleine,0.9,0.13645089285714285
36-depositphotos_74556409-stock-photo-man-with-glasses-smiling-jpg_flip_aug_png_jpg.rf.i6KIOIdBJVWraV9VcRZg.jpg,Semi-cerclée,0.8,0.10879386100625038
36-depositphotos_74556409-stock-photo-man-with-glasses-smiling-jpg_shear_aug_png_jpg.rf.Pk2q2XPsiopJsgV8joix.jpg,Semi-cerclée,0.8,0.09565049418885418
36-depositphotos_74556409-stock-photo-man-with-glasses-smiling_jpg.rf.44sgmyEEYj4ltBrxHSvv.jpg,Pleine,0.9,0.12209507042253522
36-depositphotos_74556409-stock-photo-man-with-glasses-smiling_jpg.rf.nE6KvP9q9qZGO0l94fjV.jpg,Pleine,0.9,0.12209507042253522
36-jpg_dropout_aug_png_jpg.rf.cykqU3OUtrkLvSlfJIsA.jpg,Pleine,0.9,0.4534258091635141
36-jpg_flip_aug_png_jpg.rf.WxFoibun0vXM60sZjXLb.jpg,Pleine,0.9,0.40922510249599736
36-jpg_shear_aug_png_jpg.rf.dRR1DbKjQeSwrlZubcu4.jpg,Pleine,0.9,0.3543531654978509
36_jpg.rf.4bHDnW35RXekDmXQyDAC.jpg,Pleine,0.9,0.42009554630913853
36_jpg.rf.BKCqBq0hAlI4px556bNo.jpg,Pleine,0.9,0.2928600242033078
36_jpg.rf.mJi1xyRzRS1IodAJ30Qe.jpg,Pleine,0.9,0.42009554630913853
36_jpg.rf.vnLgruQGP8KQ82S1FTTP.jpg,Semi-cerclée,0.8,0.10667848699763594
36_jpg.rf.YkfOIJGWmgh15fD9SeDI.jpg,Pleine,0.9,0.30504398826979473
37-barryjenkins-ta-645629730-jpg_aug_png_jpg.rf.mYJaSI60EGq7PynShJ7k.jpg,Pleine,0.9,0.714498391627602
37-barryjenkins-ta-645629730-jpg_aug_png_jpg.rf.nNmzjbRlmOdqNV04tM1F.jpg,Pleine,0.9,0.4089386850529426
37-barryjenkins-ta-645629730-jpg_aug_png_jpg.rf.vyYzSXi4X4l1uzhzejv0.jpg,Percée,0.75,0.02204242000466154
37-barryjenkins-ta-645629730_jpg.rf.aHfoLIyLXpEwE1ZgjKOE.jpg,Pleine,0.9,0.5196911196911197
37-barryjenkins-ta-645629730_jpg.rf.k7rf0JBNcFSMX4Fqz7rG.jpg,Pleine,0.9,0.5595843301435407
37-barryjenkins-ta-645629730_jpg.rf.KuUN3H5ht7MjgpF6d0B6.jpg,Semi-cerclée,0.8,0.08806573275862069
37-barryjenkins-ta-645629730_jpg.rf.MtzLLKDLsj4J1OYeRjaz.jpg,Pleine,0.9,0.5593849681020734
37-barryjenkins-ta-645629730_jpg.rf.okgQ8GpFeyDpMC8CI7uk.jpg,Pleine,0.9,0.5196911196911197
37-barryjenkins-ta-645629730_jpg.rf.RxEiPDxuLMo5VeHknkuU.jpg,Semi-cerclée,0.8,0.08839393532805581
37-jpg_aug_png_jpg.rf.Fk2BhQnLZYDMx9bJJg1H.jpg,Semi-cerclée,0.8,0.06733741615631379
37-jpg_aug_png_jpg.rf.sjq61cP6lpVPMgYsuOUb.jpg,Pleine,0.9,0.9033189033189033
37-jpg_aug_png_jpg.rf.uiCHgKxNLyUJTUhfPTjQ.jpg,Pleine,0.9,0.585350975975976
37_jpg.rf.09grFyZkouW8rWSKBRaO.jpg,Semi-cerclée,0.8,0.07370654683891906
37_jpg.rf.eUpTvfuQNAPxX1qEgdhu.jpg,Pleine,0.9,0.15544249152019735
37_jpg.rf.gp6hXX1siyw9MyWdyFRR.jpg,Pleine,0.9,0.15963613937711996
37_jpg.rf.izZEpdQjfldW4raSG5qw.jpg,Semi-cerclée,0.8,0.07351931598327405
37_jpg.rf.PDBDTq8Qk739z5LUqAnQ.jpg,Pleine,0.9,0.13616446578631453
37_jpg.rf.PYwkB63hVmleURXA9BS2.jpg,Pleine,0.9,0.15370196813495782
37_jpg.rf.qmyldTGzbpW6Hh4N8T4G.jpg,Pleine,0.9,0.7382195535830831
37_jpg.rf.vNjLfyMEx1gunyAMTVx6.jpg,Pleine,0.9,0.7381542879519645
37_jpg.rf.ZDA1Y0mELWsc1D9P0cTJ.jpg,Pleine,0.9,0.7123670212765958
37_jpg.rf.ZQxzgsEyBi5rkHXGaCd5.jpg,Pleine,0.9,0.7122340425531914
38-cute-young-guy-wearing-glasses-8365442-jpg_aug_png_jpg.rf.fVY4YZixjWT7DNjNxATJ.jpg,Semi-cerclée,0.8,0.06474142411642411
38-cute-young-guy-wearing-glasses-8365442-jpg_aug_png_jpg.rf.pVOHQh7qR7JsTpnkO5rm.jpg,Pleine,0.9,0.3947381062947365
38-cute-young-guy-wearing-glasses-8365442-jpg_aug_png_jpg.rf.SdDUdYL52w89nfB1yP5v.jpg,Semi-cerclée,0.8,0.10009207085773211
38-cute-young-guy-wearing-glasses-8365442_jpg.rf.3OK8yIgUP4ef7WxE3zW6.jpg,Semi-cerclée,0.8,0.06780113090792703
38-cute-young-guy-wearing-glasses-8365442_jpg.rf.4CbhlQoTSnIWqksgMzHn.jpg,Pleine,0.9,0.28584694983085324
38-cute-young-guy-wearing-glasses-8365442_jpg.rf.JO7Vgx2TzpgT9lDqaESy.jpg,Semi-cerclée,0.8,0.06804118211885202
38-cute-young-guy-wearing-glasses-8365442_jpg.rf.MFHtA50sqDbUtWU7w6Ab.jpg,Semi-cerclée,0.8,0.11156156156156156
38-cute-young-guy-wearing-glasses-8365442_jpg.rf.pVvVEQ4tnHfMzmX2ALgx.jpg,Pleine,0.9,0.2861114788825632
38-cute-young-guy-wearing-glasses-8365442_jpg.rf.vY8KQ8YImehBPsyrNvTA.jpg,Semi-cerclée,0.8,0.11155954160438465
38_jpg.rf.QvWfbr0L6174ftXM9o46.jpg,Pleine,0.9,0.28402956298200516
38_jpg.rf.rAGmitskbLyOxU66XuGR.jpg,Pleine,0.9,0.24911242603550296
39-handsome-guy-glasses-white-shirt-260nw-552011224-jpg_aug_png_jpg.rf.I2VD2jQgOmfw9Zw6KZap.jpg,Pleine,0.9,0.19355074316181572
39-handsome-guy-glasses-white-shirt-260nw-552011224_jpg.rf.086NTF35hq5aGewO0q9O.jpg,Pleine,0.9,0.23450424320550006
39-handsome-guy-glasses-white-shirt-260nw-552011224_jpg.rf.BcT6TJ2ZKBgdZFYD1Ckb.jpg,Pleine,0.9,0.23445053174347405
39-handsome-guy-glasses-white-shirt-260nw-552011224_jpg.rf.luxMrO5blJFvSFrFJscF.jpg,Pleine,0.9,0.21159117608667277
39-handsome-guy-glasses-white-shirt-260nw-552011224_jpg.rf.Vel5O01K4neVtuHTdOtx.jpg,Pleine,0.9,0.18766637089618457
39-handsome-guy-glasses-white-shirt-260nw-552011224_jpg.rf.Z39xysRSTW6wcLkWLtah.jpg,Pleine,0.9,0.2115259104555541
39-handsome-guy-glasses-white-shirt-260nw-552011224_jpg.rf.ZgIoBApM5AnmMg8LY9YX.jpg,Pleine,0.9,0.18760299150716186
39-jpg_aug_png_jpg.rf.l0MCZIW5KECis39aA0x2.jpg,Pleine,0.9,1.0
39-jpg_aug_png_jpg.rf.wlkJKaBUQpivzVXFcPEb.jpg,Pleine,0.9,0.1884287840706669
39-jpg_aug_png_jpg.rf.YfGqYvqGZKn5q7Us0iot.jpg,Pleine,0.9,0.19199531718738566
3924707f5b327e848f5ce8879d031654_png-jpg_aug_png_jpg.rf.6XEkASHr4rjwnvrerTuA.jpg,Pleine,0.9,0.9998154105796108
3924707f5b327e848f5ce8879d031654_png_jpg.rf.17kqEFOcdCk2BXfriw0F.jpg,Pleine,0.9,0.22556390977443608
3924707f5b327e848f5ce8879d031654_png_jpg.rf.L9goDgjR6rIsIk2TAzTd.jpg,Pleine,0.9,0.22556390977443608
39_jpg.rf.5cGp2i7Gwe5RbiO2z0b0.jpg,Pleine,0.9,0.17687277051129607
39_jpg.rf.dESqEVNDO6fIQxuDnlZw.jpg,Pleine,0.9,0.3351829477483928
39_jpg.rf.EVIixB9WEx5rgDkoAxih.jpg,Pleine,0.9,0.23101604278074866
39_jpg.rf.HcFTvFqhYToXrnt0vZEi.jpg,Pleine,0.9,0.31611634810686945
39_jpg.rf.jB2m3uwtNmt82SFqQoWh.jpg,Pleine,0.9,0.20156494522691706
39_jpg.rf.kzskLP4mKKBkzoirQnEn.jpg,Pleine,0.9,0.3151954177897574
39_jpg.rf.mJbvf0acpqD0WwhAgo2t.jpg,Pleine,0.9,0.2373015873015873
39_jpg.rf.OvDZOZsUKz1F2ZxbuRhB.jpg,Semi-cerclée,0.8,0.10847934918648311
39_jpg.rf.qf542HqYZG3SijwHfhoh.jpg,Semi-cerclée,0.8,0.10852628285356695
39_jpg.rf.rL93iqEX5ThCrlPRyLlP.jpg,Pleine,0.9,0.33516803150311003
3_jpg.rf.75XX1SDnfx6wNIOWAqyG.jpg,Pleine,0.9,0.5732672888616891
3_jpg.rf.axxMNynW7ISO5MwbUO6w.jpg,Pleine,0.9,0.5723598932520015
3_jpg.rf.EJErDVTtRRpgYBA9pOjX.jpg,Pleine,0.9,0.1292987491659341
3_jpg.rf.fVc3BOyCKJbmBgCIkufO.jpg,Pleine,0.9,0.12165753702576587
3_jpg.rf.Jwph3vjGZeepeTjJ4DH6.jpg,Pleine,0.9,0.13066601210931109
3_jpg.rf.NT1CRn63X3ibdbGed08F.jpg,Semi-cerclée,0.8,0.1130905966040198
3_jpg.rf.SMRJIVy5Zhjt1uhsY9m2.jpg,Pleine,0.9,0.24182908545727136
3_jpg.rf.suiAm7i7QmwbRMZn79Jm.jpg,Pleine,0.9,0.5330227743271222
3_jpg.rf.T70hHMO9WgqFO1QALYMd.jpg,Pleine,0.9,0.5330434782608696
3_jpg.rf.Vpkn0zppKOl0ZvDeqkvW.jpg,Pleine,0.9,0.2417648318697794
3b7e15477ff47dec885d50e364f75404_jpg.rf.2bYCx3NvdDEYriETYQIr.jpg,Pleine,0.9,0.4152322639092812
4-actor-comedian-chris-rock-appears-on-nbc-news-today-show-news-photo-1591642573-jpg_aug_png_jpg.rf.kDXnii3yh5gRiaktSfy3.jpg,Pleine,0.9,0.589049701197689
4-actor-comedian-chris-rock-appears-on-nbc-news-today-show-news-photo-1591642573_jpg.rf.AeiROSJQQ0Uuamkm6rfG.jpg,Pleine,0.9,0.6912511542012927
4-actor-comedian-chris-rock-appears-on-nbc-news-today-show-news-photo-1591642573_jpg.rf.aF5tWjlqGhDmrhWLrSOa.jpg,Pleine,0.9,0.7598287271311794
4-actor-comedian-chris-rock-appears-on-nbc-news-today-show-news-photo-1591642573_jpg.rf.ouDj0EnrmjCvofF3bELm.jpg,Pleine,0.9,0.7576788218793828
4-actor-comedian-chris-rock-appears-on-nbc-news-today-show-news-photo-1591642573_jpg.rf.Yd8aFNUvBXr8Ht7Vp5QS.jpg,Pleine,0.9,0.6978864484044758
4-actor-comedian-chris-rock-appears-on-nbc-news-today-show-news-photo-1591642573_jpg.rf.zAcUC478DvbgCCHawOnC.jpg,Pleine,0.9,0.6931520061728395
4-actor-comedian-chris-rock-appears-on-nbc-news-today-show-news-photo-1591642573_jpg.rf.zH3N3HKuB4U5NKRNyblp.jpg,Pleine,0.9,0.697842825048531
4-jpg_aug_png_jpg.rf.0j4SKQSTOC5zJLJOQHGw.jpg,Pleine,0.9,0.34036725801431683
4-jpg_aug_png_jpg.rf.fMxQB5DhFDH8l13IuIfK.jpg,Pleine,0.9,0.5288041755079145
4-jpg_aug_png_jpg.rf.gkeB5tf0fd971FHKsAEg.jpg,Percée,0.75,0.024993933511283668
40-jpg_cloud_affine_aug_png_jpg.rf.JE8XpCgl4r4SGYgD6MnN.jpg,Pleine,0.9,0.21268775777916968
40-jpg_dropout_aug_png_jpg.rf.40Isx2bWcl57uxrZ35pm.jpg,Pleine,0.9,0.5211584633853541
40-jpg_flip_aug_png_jpg.rf.cBORswynfmKqV6nstkdp.jpg,Pleine,0.9,0.5023310301958065
40-jpg_shear_aug_png_jpg.rf.vvDByioHIcRo08amatue.jpg,Pleine,0.9,0.5090458126641377
40-why-wear-eyeglasses-hero-compressor-jpg_aug_png_jpg.rf.qnK8h1fFikBqY0tWXkud.jpg,Pleine,0.9,0.9747747747747748
40-why-wear-eyeglasses-hero-compressor-jpg_aug_png_jpg.rf.xMoUzlR6xST8dMmfmmnT.jpg,Pleine,0.9,0.708356597803834
40-why-wear-eyeglasses-hero-compressor-jpg_aug_png_jpg.rf.Xz1PMlEcMrV6CuiLK0TH.jpg,Pleine,0.9,1.0
40-why-wear-eyeglasses-hero-compressor_jpg.rf.24TqklzTwIA8toDMJYOW.jpg,Pleine,0.9,0.33568139963167587
40-why-wear-eyeglasses-hero-compressor_jpg.rf.96h8b2l7gg9aMv3KXZOX.jpg,Semi-cerclée,0.8,0.06129634569218458
40-why-wear-eyeglasses-hero-compressor_jpg.rf.EizoG8qjyjRrz2WYGvGL.jpg,Pleine,0.9,0.33558931860036834
40-why-wear-eyeglasses-hero-compressor_jpg.rf.j1j7Kw0Bb7rU0PYAPFtP.jpg,Semi-cerclée,0.8,0.06145638837023206
40-why-wear-eyeglasses-hero-compressor_jpg.rf.n4kzbXWsyM79nslYtiuu.jpg,Pleine,0.9,0.3082681375583948
40-why-wear-eyeglasses-hero-compressor_jpg.rf.xJskT315QfbhEfgNyS8F.jpg,Pleine,0.9,0.3082681375583948
40_jpg.rf.0eXc68U9DJB7fDcjyoPg.jpg,Pleine,0.9,0.5044688644688645
40_jpg.rf.1tg77TpetOcMRMCK3iDa.jpg,Semi-cerclée,0.8,0.07083365288749137
40_jpg.rf.D651sQXig8liyPS8zasW.jpg,Semi-cerclée,0.8,0.07063405467660787
40_jpg.rf.i7kJE1heO2Gnx6Kwpxb3.jpg,Semi-cerclée,0.8,0.11854043392504932
40_jpg.rf.IKOWidCDLDpqgv93dsfM.jpg,Pleine,0.9,0.12462518740629686
40_jpg.rf.pfwcKADhhrVa6YMouGqx.jpg,Pleine,0.9,0.5048395313295976
41-jpg_aug_png_jpg.rf.Te82AydqiBNSTiIGKrGf.jpg,Pleine,0.9,0.19254004234116717
41-jpg_aug_png_jpg.rf.xe9hZa2uzLStko5fVRKZ.jpg,Pleine,0.9,1.0
41-jpg_aug_png_jpg.rf.yUEC33qLygXVSZTzYgUd.jpg,Pleine,0.9,0.19584854891408804
41-tumblr_m78m33018o1r7g3sdo1_1280-jpg_aug_png_jpg.rf.AxaEH7LQMI9pP15RZTzH.jpg,Pleine,0.9,0.7655548297542255
41-tumblr_m78m33018o1r7g3sdo1_1280-jpg_aug_png_jpg.rf.Ptg9E5mF8Nyn63oIO1AK.jpg,Pleine,0.9,0.31322393822393824
41-tumblr_m78m33018o1r7g3sdo1_1280-jpg_aug_png_jpg.rf.TtJo0eHqgzF2smAxw8S1.jpg,Pleine,0.9,0.20647818971841317
41-tumblr_m78m33018o1r7g3sdo1_1280_jpg.rf.36cZ9zOqIpapHnylJDeV.jpg,Pleine,0.9,0.3589764602241298
41-tumblr_m78m33018o1r7g3sdo1_1280_jpg.rf.5Anj42RNZ3RmmW6qMhB9.jpg,Pleine,0.9,0.2903458213256484
41-tumblr_m78m33018o1r7g3sdo1_1280_jpg.rf.89Ph9paXEyFqEQyG5tZB.jpg,Pleine,0.9,0.2782152230971129
41-tumblr_m78m33018o1r7g3sdo1_1280_jpg.rf.c3A3gkhA3jG1tSmh4cnj.jpg,Pleine,0.9,0.2782819520441301
41-tumblr_m78m33018o1r7g3sdo1_1280_jpg.rf.kcS9cZ6O5unlmb9ymZb0.jpg,Pleine,0.9,0.288356856080199
41-tumblr_m78m33018o1r7g3sdo1_1280_jpg.rf.leV76PbMRhfj83OMk0DB.jpg,Pleine,0.9,0.35831677430038084
418ngUXoywL-_AC_SX466__jpg.rf.hcit5vH9P4Jm1bWkcwuF.jpg,Pleine,0.9,0.15365306712962962
418ngUXoywL-_AC_SX466__jpg.rf.rxpOpxU1UiM5MIJwlr5k.jpg,Pleine,0.9,0.1575964861751152
41_jpg.rf.1cL6mUdk3sjN8pJ5vNDv.jpg,Pleine,0.9,0.16152569971427694
41_jpg.rf.1QL1zLgW0gguxXOGO20i.jpg,Pleine,0.9,0.15748253324318234
41_jpg.rf.5sNkiqnu1dCjbSZlplhs.jpg,Percée,0.75,0.031970421922575036
41_jpg.rf.dPFNAxNbbJkgLfvMk6MW.jpg,Pleine,0.9,0.24502469695128015
41_jpg.rf.EWfyPXHzXw3l9XSsoj19.jpg,Pleine,0.9,0.14120799835085548
41_jpg.rf.ISibBBdMRAJ2diDhJx7C.jpg,Pleine,0.9,0.13886745228908123
41_jpg.rf.JY6gCguRo7tMJiQzsPTR.jpg,Pleine,0.9,0.24890079232228546
41_jpg.rf.KfXYLSnWHa1S1kZi5ZAf.jpg,Pleine,0.9,0.2460916681470954
41_jpg.rf.U0j3NCGNLLcbLrSP6Xm3.jpg,Pleine,0.9,0.2488784733846669
41_jpg.rf.x2ts96AalcB8drq57Xhv.jpg,Percée,0.75,0.031970421922575036
42-4546-jpg_aug_png_jpg.rf.If5Fa3wng4nnzLRHTEZC.jpg,Pleine,0.9,0.9273956367148062
42-4546_jpg.rf.86NBY9KFsrGlPZMLOgyZ.jpg,Pleine,0.9,0.9033092498439033
42-4546_jpg.rf.FxEQXSSgkNMwathdhFFw.jpg,Pleine,0.9,0.9031754526804032
42-4546_jpg.rf.gMjDKot8xZ6sdJXbBHlL.jpg,Pleine,0.9,0.9571760782765126
42-4546_jpg.rf.PzklmsCUqlHwVhZmXulS.jpg,Pleine,0.9,0.956895798759717
42-jpg_aug_png_jpg.rf.9w7zrbkzKncrtYR857lG.jpg,Pleine,0.9,1.0
42-jpg_aug_png_jpg.rf.Ck34l6sv8rhra48nRnGW.jpg,Pleine,0.9,0.2647387266023823
42-jpg_aug_png_jpg.rf.I7HLclBQvUnA8gUy1bGa.jpg,Pleine,0.9,0.19490189985795456
42_jpg.rf.27E8l6drBkM9MwSud7Nk.jpg,Pleine,0.9,0.17156252593145796
42_jpg.rf.fd6OHIzlzdyPLytKRH77.jpg,Pleine,0.9,0.2311397951641854
42_jpg.rf.FSQCQJlft2l4t2PzEVK5.jpg,Pleine,0.9,0.25642263859378017
42_jpg.rf.hSxj4uRRXFJR8jKQoHZk.jpg,Pleine,0.9,0.1283406311339272
42_jpg.rf.m9yqPXrNJnM3t2DEZUIC.jpg,Pleine,0.9,0.2311529933481153
42_jpg.rf.mjKanvaAkX2mr9rWHl5E.jpg,Pleine,0.9,0.2917329205656793
42_jpg.rf.OykV95NYxIa7SMkg5rGP.jpg,Pleine,0.9,0.29191585168507705
42_jpg.rf.rGQsKlnELFZeDXrqbA7L.jpg,Pleine,0.9,0.2563743480780375
42_jpg.rf.uMZEaPvGDgCCKIkAGNDC.jpg,Pleine,0.9,0.1216491248473571
43-btorchia-gq-pena-20670002-201-201-jpg_cloud_affine_aug_png_jpg.rf.XZcFzJaC9k9xPNrBstrD.jpg,Semi-cerclée,0.8,0.11583062078586376
43-btorchia-gq-pena-20670002-201-201-jpg_dropout_aug_png_jpg.rf.bCeE6DxxvbeAXGrEWWAi.jpg,Pleine,0.9,0.24402319067161748
43-btorchia-gq-pena-20670002-201-201-jpg_flip_aug_png_jpg.rf.EGs3zgdZrV3VkVQlvL8f.jpg,Pleine,0.9,0.21515258253546382
43-btorchia-gq-pena-20670002-201-201-jpg_shear_aug_png_jpg.rf.EHrq2vBj29ZBiK7CCBfk.jpg,Pleine,0.9,0.2125792572463768
43-btorchia-gq-pena-20670002-201-201_jpg.rf.fMEphgg0rdvHxUySygV6.jpg,Pleine,0.9,0.21329699490783907
43-btorchia-gq-pena-20670002-201-201_jpg.rf.NdF2LEwuovsrD0Glko0p.jpg,Pleine,0.9,0.21341174783045255
43-jpg_cloud_affine_aug_png_jpg.rf.T0ZDhKuOyJpdxBBKgB8H.jpg,Percée,0.75,0.0
43-jpg_dropout_aug_png_jpg.rf.rhElM3yJIUXBFLYM3EMM.jpg,Pleine,0.9,0.18816493547371735
43-jpg_flip_aug_png_jpg.rf.QKx1exjXYp4BvI3Zqlaw.jpg,Pleine,0.9,0.16430461628932666
43-jpg_shear_aug_png_jpg.rf.ktoafm1qdiUAayx5AWB9.jpg,Pleine,0.9,0.1718928958365578
43_jpg.rf.9mdmogSe8HL5aEUH3h2y.jpg,Pleine,0.9,0.17269772481040085
43_jpg.rf.fr7VpY8vGYXe4vt2JQhT.jpg,Pleine,0.9,0.27966886914255334
43_jpg.rf.jdneRAcSzxXVCKDiRvo4.jpg,Pleine,0.9,0.2853894938375015
43_jpg.rf.RoKG3xbv1iohYIPn9fnO.jpg,Pleine,0.9,0.17269772481040085
44-gettyimages-845811314_sf-jpg_cloud_affine_aug_png_jpg.rf.9eT5LupD0gRnp03yCWna.jpg,Percée,0.75,0.0030230983609138575
44-gettyimages-845811314_sf-jpg_dropout_aug_png_jpg.rf.nPD4xR0yt6jNOfUaTTrW.jpg,Pleine,0.9,0.4642599277978339
44-gettyimages-845811314_sf-jpg_flip_aug_png_jpg.rf.f1u7u4fLD9r74oqjuZ70.jpg,Pleine,0.9,0.4675090252707581
44-gettyimages-845811314_sf-jpg_shear_aug_png_jpg.rf.zOLI5dJ8xnIuWLOW63CN.jpg,Pleine,0.9,0.45412672725009334
44-gettyimages-845811314_sf_jpg.rf.2m4vKsepd4RKRswKxYfJ.jpg,Pleine,0.9,0.4602258022774327
44-gettyimages-845811314_sf_jpg.rf.gsELC950DX6JHO0aztXE.jpg,Pleine,0.9,0.4602258022774327
44_jpg.rf.1iB6o8Z1kpaupusC1x4I.jpg,Pleine,0.9,0.3053298989498712
44_jpg.rf.IoVGsI68mgfgfz9ozQgf.jpg,Pleine,0.9,0.3963857323232323
44_jpg.rf.N8uQtqpNolmGGjxsTFon.jpg,Pleine,0.9,0.33193174595413877
44_jpg.rf.VQYSmFZ8yCGOSJdctdiy.jpg,Pleine,0.9,0.3125723938223938
45-04_chanel_eyeglasses_picture_04_hd_jpg.rf.cwmWW3SHv8FV7wP7jhiZ.jpg,Pleine,0.9,0.2765231092436975
45-04_chanel_eyeglasses_picture_04_hd_jpg.rf.vs7YrekUHbQYYergXAnA.jpg,Pleine,0.9,0.2765231092436975
45-04_chanel_eyeglasses_picture_04_hd_jpg.rf.xglqyCIfBinenLUtXkMq.jpg,Pleine,0.9,0.19902676399026764
45-04_chanel_eyeglasses_picture_04_hd_jpg.rf.y0m1Ud0UmIqZ5xNSBUnx.jpg,Pleine,0.9,0.19888990267639903
45-jpg_cloud_affine_aug_png_jpg.rf.DuHYMdmy7hIpBd5yoDAc.jpg,Percée,0.75,0.012174253804454313
45-jpg_flip_aug_png_jpg.rf.CR12GcRv1IXN0daHiSMk.jpg,Semi-cerclée,0.8,0.0945569200132758
45-jpg_shear_aug_png_jpg.rf.YaPyPtw3dyjwH9F9SN39.jpg,Semi-cerclée,0.8,0.08756590365785769
4589711-05-2_jpg.rf.dT9tAlCIpfftSwoNSSKZ.jpg,Semi-cerclée,0.8,0.0701140873015873
45_jpg.rf.2rR1Lk9ICto5wbiuKjHz.jpg,Pleine,0.9,0.3347547974413646
45_jpg.rf.2xeMZDcH8l5KseNYQ59q.jpg,Semi-cerclée,0.8,0.10168085413360266
45_jpg.rf.5UaDYyoyZsxrMYOXvfCN.jpg,Pleine,0.9,0.2666764490095378
45_jpg.rf.6uobrswwVuTct0Sjx4bU.jpg,Semi-cerclée,0.8,0.10168085413360266
45_jpg.rf.jfRGJ8EVjH2zzwCvhxKW.jpg,Pleine,0.9,0.32536204268292684
45_jpg.rf.prD42aI7BSjWUl2X8rUg.jpg,Pleine,0.9,0.3357245337159254
46-jpg_aug_png_jpg.rf.cALtBY1uA94vEWQC8bWb.jpg,Pleine,0.9,0.6757567493864194
46-shutterstock_1359025880-e1563827644941-scaled-jpg_aug_png_jpg.rf.PUqUcbAcvzdFEgBykxhW.jpg,Pleine,0.9,0.7020879120879121
46-shutterstock_1359025880-e1563827644941-scaled-jpg_aug_png_jpg.rf.TyGbd35qstpVygcj157j.jpg,Semi-cerclée,0.8,0.06654681931434699
46-shutterstock_1359025880-e1563827644941-scaled-jpg_aug_png_jpg.rf.XpiNtWIK7FJm1jwIYff2.jpg,Pleine,0.9,0.7327186107269095
46-shutterstock_1359025880-e1563827644941-scaled_jpg.rf.1E8UFFvBQrdFGJPkyizQ.jpg,Pleine,0.9,0.601018675721562
46-shutterstock_1359025880-e1563827644941-scaled_jpg.rf.2Lsvei3MT5OLjD1TSyOt.jpg,Pleine,0.9,0.29646853146853147
46-shutterstock_1359025880-e1563827644941-scaled_jpg.rf.JXImBfxCSoGCkfXX3JFk.jpg,Pleine,0.9,0.6009147292193617
46-shutterstock_1359025880-e1563827644941-scaled_jpg.rf.taCTJFYE2tJR0eLpVwZV.jpg,Pleine,0.9,0.12084142787761049
46-shutterstock_1359025880-e1563827644941-scaled_jpg.rf.UZeXJtBz7piAdlrWxD7i.jpg,Pleine,0.9,0.2966083916083916
46-shutterstock_1359025880-e1563827644941-scaled_jpg.rf.Zw9keaN8fgsV8VZb59y4.jpg,Pleine,0.9,0.12072000971345313
46_jpg.rf.dUdCvNJeBY3o9Q4AidGg.jpg,Pleine,0.9,0.3452086280056577
46_jpg.rf.E0kCDsuuzX5IKWgBVer1.jpg,Pleine,0.9,0.3208413926499033
46_jpg.rf.Fs2ssplIu6inB02ZOHfM.jpg,Pleine,0.9,0.34551803394625175
46_jpg.rf.gkhKBH9922mu6iobg1HM.jpg,Semi-cerclée,0.8,0.09536
46_jpg.rf.iyUb51o4mK7nUvr6JWe7.jpg,Percée,0.75,0.011290814769606347
46_jpg.rf.lt24Ni5f7G2IVt0GLgRj.jpg,Pleine,0.9,0.2877409285992977
46_jpg.rf.nuSCF52pMmTNiPyLdx01.jpg,Pleine,0.9,0.30377622377622376
46_jpg.rf.o3pHUSMEBt4BUhXBsEo7.jpg,Semi-cerclée,0.8,0.09528
46_jpg.rf.UQYXY9yBRPorBVvmnSC7.jpg,Percée,0.75,0.01119177253478524
46_jpg.rf.xiXJ97FFg5DQJGFJiFV6.jpg,Pleine,0.9,0.2406802501867612
47-banner-11_jpg.rf.1ZlcqeeJ4HqrtIWvLIoj.jpg,Pleine,0.9,0.47529019652913457
47-banner-11_jpg.rf.NtjjgwvzBt852U1BN73b.jpg,Pleine,0.9,0.47540512584760375
47-jpg_aug_png_jpg.rf.ECjSX32Vm19fQzNDUweT.jpg,Pleine,0.9,0.19596789379531118
47-jpg_aug_png_jpg.rf.yEmeL8CEJoC8qH4fMati.jpg,Pleine,0.9,1.0
47-jpg_aug_png_jpg.rf.yTylQUCNkFrA9iX2zOgt.jpg,Semi-cerclée,0.8,0.09108686205398098
47_jpg.rf.BEa9DVu281gxpqaj2j8V.jpg,Pleine,0.9,0.19272455583694778
47_jpg.rf.BuxN4L31NWAq809TLQtx.jpg,Semi-cerclée,0.8,0.05442953020134228
47_jpg.rf.FpAyLCJDERRhfGFHrpwh.jpg,Pleine,0.9,0.23639667705088266
47_jpg.rf.NxuseKgXN7jeMQs38jeq.jpg,Pleine,0.9,0.19753086419753085
47_jpg.rf.oNqPNG4YJkccSUxQX3Px.jpg,Pleine,0.9,0.23618899273104882
47_jpg.rf.pbZ4URxEqEixR0oWOHXd.jpg,Semi-cerclée,0.8,0.05442953020134228
47_jpg.rf.T28yjXw1Q7tCFfiK5dmZ.jpg,Pleine,0.9,0.20368197563973628
47_jpg.rf.WIHGSGR0c6W6wPMJTCek.jpg,Pleine,0.9,0.20472352178569417
47_jpg.rf.xs360Vm0pjFNT5kiilsQ.jpg,Pleine,0.9,0.18566681435533894
48-jpg_aug_png_jpg.rf.pVBzPdZsyk5L5aFR0are.jpg,Pleine,0.9,0.18213366738894907
48-jpg_aug_png_jpg.rf.RDzDWq2tVGhda47niG0S.jpg,Pleine,0.9,0.9998637905842146
48-jpg_aug_png_jpg.rf.yqiECHAH88x7XcLpLYOA.jpg,Percée,0.75,0.04700703810936139
48_jpg.rf.28t8zV9xlek1B4k99hrE.jpg,Pleine,0.9,0.16875
48_jpg.rf.gjwrI1IdUim6ij9EnnVz.jpg,Pleine,0.9,0.28088548318433376
48_jpg.rf.PvkEaqgkdMBumZMUDi2m.jpg,Pleine,0.9,0.16568410709899287
48_jpg.rf.RHo25lrAzGXOgZxQc86P.jpg,Pleine,0.9,0.15803727431566686
48_jpg.rf.t1DDpcrTIJupRkYFuj71.jpg,Pleine,0.9,0.28491298283912436
48_jpg.rf.t3BNa6RKDYjxAmvhHqO3.jpg,Semi-cerclée,0.8,0.09537426408746846
48_jpg.rf.UQ3EnfvptRp3ofqS4viH.jpg,Pleine,0.9,0.28088548318433376
48_jpg.rf.UXFTLdMmwcKpreuuumoI.jpg,Semi-cerclée,0.8,0.09540229885057472
48_jpg.rf.uxsOgkjEIlSiPIDMULo4.jpg,Pleine,0.9,0.15413198182820828
48_jpg.rf.VxytyR1QN0raJDMfvDDm.jpg,Pleine,0.9,0.28500394154387243
49-08_v_eye_luke_evans_cmyk-jpg_aug_png_jpg.rf.IM7BdYUvrqYFUKKH6bRi.jpg,Pleine,0.9,0.2901059608424541
49-08_v_eye_luke_evans_cmyk-jpg_aug_png_jpg.rf.OwwX2FSDK8USXtZyf2pr.jpg,Pleine,0.9,0.6149274388878712
49-08_v_eye_luke_evans_cmyk_jpg.rf.5RZvBt7H3LhROeB9Pxmv.jpg,Pleine,0.9,0.2816014697315947
49-08_v_eye_luke_evans_cmyk_jpg.rf.dayzr1upyIlPOAPkG6RH.jpg,Pleine,0.9,0.28217575867052025
49-08_v_eye_luke_evans_cmyk_jpg.rf.dYOG8vhf8UKPQH60UWPS.jpg,Semi-cerclée,0.8,0.10551801801801802
49-08_v_eye_luke_evans_cmyk_jpg.rf.GxRGMNSPfT4VbE2hVcI9.jpg,Semi-cerclée,0.8,0.09561979624553964
49-08_v_eye_luke_evans_cmyk_jpg.rf.pmeXVj4KCgc0k30p7cxf.jpg,Semi-cerclée,0.8,0.10515970515970516
49-08_v_eye_luke_evans_cmyk_jpg.rf.TVPsELAUBkY1NC3bgSYW.jpg,Semi-cerclée,0.8,0.09561979624553964
49_jpg.rf.AeXJa7Iqz8TxEAdO0V6q.jpg,Percée,0.75,0.04461166353130879
49_jpg.rf.eT2LCsCX10921DgyacDn.jpg,Semi-cerclée,0.8,0.07355129551820729
49_jpg.rf.KYZ8lFIIoKjhsmbLpdFW.jpg,Semi-cerclée,0.8,0.11253973356191292
49_jpg.rf.yR237qxveXRTUoQlPGg0.jpg,Semi-cerclée,0.8,0.07037239868565169
4_jpg.rf.30nbSLgtj1lskLUf33hX.jpg,Pleine,0.9,0.3196771935603409
4_jpg.rf.4jJu8hlG0CpD8Fqq6aaF.jpg,Pleine,0.9,0.229052734375
4_jpg.rf.BfkySNldokBONIjWFkSh.jpg,Semi-cerclée,0.8,0.08496503496503496
4_jpg.rf.k7KgFB83gmjKI6QOaJc0.jpg,Pleine,0.9,0.30528846153846156
4_jpg.rf.leIOVoyFYSgd1mYLCrkv.jpg,Semi-cerclée,0.8,0.08447017950202663
4_jpg.rf.Q457mwZQVhHWDKhutgVo.jpg,Percée,0.75,0.045772077989782084
4_jpg.rf.XhdAqNH412XG7ak34xZ7.jpg,Pleine,0.9,0.31951249639724955
4_jpg.rf.Xr63AMzzHu5DcrwhabpZ.jpg,Pleine,0.9,0.3050665680473373
4_jpg.rf.YIGEO2lGSymhp2FLJTaL.jpg,Pleine,0.9,0.19974609375
4_jpg.rf.zie74VmlporWroX8FhnU.jpg,Percée,0.75,0.041195856873822975
50_jpg.rf.9wpevZErZUjxSbmkix7n.jpg,Semi-cerclée,0.8,0.052065625
50_jpg.rf.DbF5yzlqLtNtv2IrbQbv.jpg,Pleine,0.9,0.20157599309153712
50_jpg.rf.HKJbU1qVKEZmZ5f4sDJP.jpg,Pleine,0.9,0.12713095238095237
50_jpg.rf.PrfyXRmYll8a4ncasBDk.jpg,Semi-cerclée,0.8,0.06045090909090909
5164FzCFafL-_AC_SL1500__jpg.rf.9PvoUIP9hvwm7OIudh7I.jpg,Pleine,0.9,0.28206776929702354
5164FzCFafL-_AC_SL1500__jpg.rf.fPPBpMx30HjBTL6ubbsj.jpg,Pleine,0.9,0.1850197208737864
5164FzCFafL-_AC_SL1500__jpg.rf.LPZjdfKk33hOKwbFRurO.jpg,Pleine,0.9,0.3229542525773196
5164FzCFafL-_AC_SL1500__jpg.rf.q4cTz7LqA5AmEZPVtmQE.jpg,Pleine,0.9,0.17660326424778447
5164FzCFafL-_AC_SL1500__jpg.rf.weVvpMtABfFOvX5w1i4s.jpg,Pleine,0.9,0.2600988700564972
5164FzCFafL-_AC_SL1500__jpg.rf.Zo2SLzayneH9QbTTXQ5L.jpg,Pleine,0.9,0.21375661375661376
51_jpg.rf.DbeKHBg465vP9SUR4woU.jpg,Pleine,0.9,0.24475524475524477
51_jpg.rf.Q5FsIe49xbWSwDSzkwgW.jpg,Pleine,0.9,0.2282010582010582
51_jpg.rf.S58XqE52MK1Tp5GfMzTI.jpg,Pleine,0.9,0.2532230740517415
52_jpg.rf.icOxQS7GvrfthvMUmtb2.jpg,Percée,0.75,0.0473568281938326
52_jpg.rf.WC51ntFgO2QatoUFEhB8.jpg,Semi-cerclée,0.8,0.0647279549718574
53_jpg.rf.uTy8yaQBgv4oHW4JALNf.jpg,Percée,0.75,0.019343758474193257
53_jpg.rf.WsYvGErbofdlYPFq1RFx.jpg,Percée,0.75,0.012987778730703258
54_jpg.rf.8no8LQYLB71SMok2eWk7.jpg,Pleine,0.9,0.20653133274492497
54_jpg.rf.jBnAKNj2zqlGlhOAOv1D.jpg,Pleine,0.9,0.2212060764155286
550px-nowatermark-Adjust-Eye-Glasses-Step-7-Version-8_jpg.rf.H7SNzISabiwVrehnspGr.jpg,Pleine,0.9,0.2097276884227768
550px-nowatermark-Adjust-Eye-Glasses-Step-7-Version-8_jpg.rf.ZU3mRCxFSoCBnoN2GMFf.jpg,Pleine,0.9,0.2097276884227768
559e20f3d9018e28935c7198-large_jpg.rf.Deg5OUOnpl2nCauEFSpC.jpg,Percée,0.75,0.04693681171816529
559e20f3d9018e28935c7198-large_jpg.rf.mBhhiVXIJsVSkZG087ka.jpg,Pleine,0.9,0.12183328251560988
559e20f3d9018e28935c7198-large_jpg.rf.mo4JaWuFFbrPD4U8gOGD.jpg,Pleine,0.9,0.2053327640973521
559e20f3d9018e28935c7198-large_jpg.rf.pcqK9I9sv9AtWQjXRNL1.jpg,Semi-cerclée,0.8,0.05317179775012539
559e20f3d9018e28935c7198-large_jpg.rf.UPA3IvihXWbVTOwq09cH.jpg,Percée,0.75,0.04653954543790945
55_jpg.rf.NhuAqeGAyACT1OIjVrNg.jpg,Pleine,0.9,0.4164746297955874
55_jpg.rf.Ri2FOQQNF3xde6krrzWk.jpg,Pleine,0.9,0.4111271966863715
55_jpg.rf.UsC8TK6mLtMldFL5N5QB.jpg,Pleine,0.9,0.45271535580524347
55_jpg.rf.V0ZwFxsqqvcdMFL3iOXk.jpg,Pleine,0.9,0.3763668430335097
5646613689-500x500_jpeg_jpg.rf.oEljcw5RGNTtckbhXhGJ.jpg,Pleine,0.9,0.3855417255178908
5646613689-500x500_jpeg_jpg.rf.q0iYbBA643A4XMO8dD0I.jpg,Pleine,0.9,0.3855417255178908
56_jpg.rf.F56ZBOmjYNxeaFG0HfDg.jpg,Pleine,0.9,0.19605695509309967
56_jpg.rf.GBDmG9XPZkeY4IdujK53.jpg,Pleine,0.9,0.22185467363444947
57_jpg.rf.PiU6qh8Wg4SpmhSUiIiu.jpg,Semi-cerclée,0.8,0.06975308641975309
58_jpg.rf.aLvp6WgO3vP8TYqpmKSs.jpg,Pleine,0.9,0.3717532467532468
58_jpg.rf.byPGPjBQHh5dKaXR57tN.jpg,Pleine,0.9,0.332852086438152
58_jpg.rf.c4trGDfOoyMfZS4VZORe.jpg,Pleine,0.9,0.3417281105990783
58_jpg.rf.SIZvQ5gaKfPnkFoi9E70.jpg,Pleine,0.9,0.2815740740740741
5_jpg.rf.BloNQyxaDkDtsGoYS1jj.jpg,Semi-cerclée,0.8,0.11375722543352601
5_jpg.rf.BWf7IRfxrZoBoWdB2KIz.jpg,Semi-cerclée,0.8,0.11270315803382663
5_jpg.rf.dEkARuuJlSbbIi9AVbE4.jpg,Semi-cerclée,0.8,0.10974720466699077
5_jpg.rf.smTuiH6ye8tsMuX1vPJV.jpg,Pleine,0.9,0.35370879120879123
5_jpg.rf.yUIv1XR6TskZ3Ky0z8Cw.jpg,Pleine,0.9,0.3112010796221322
5_jpg.rf.ZUjjphg5uW2pU69JV0GB.jpg,Pleine,0.9,0.2997605746209098
5c360de4b7b257ec0ea3_jpg.rf.BfOVby70GR8ym1lRf8Lk.jpg,Pleine,0.9,0.1236332343412527
5c360de4b7b257ec0ea3_jpg.rf.UxMnN7RID3pI6UbddFU2.jpg,Pleine,0.9,0.1236366090712743
5e8cb3653404c8a95726c659f3f7e790-jpg_aug_png_jpg.rf.D9uJJhu1MXXOnZKUaAIW.jpg,Pleine,0.9,0.2558288770053476
5e8cb3653404c8a95726c659f3f7e790_jpg.rf.PutT6QR9rBlA9WVZ363T.jpg,Pleine,0.9,0.2853385930309007
5e8cb3653404c8a95726c659f3f7e790_jpg.rf.qmUH1UR5MJwUE5pnvijL.jpg,Pleine,0.9,0.28538555461632387
60_jpg.rf.bX1kjKbGHAZPgh1TPsTT.jpg,Percée,0.75,0.010576057605760575
60_jpg.rf.fKqUnivu7To1L3Jm5foP.jpg,Percée,0.75,0.033843826810361126
60_jpg.rf.Xzx6ckJU74x8sUeBcsFT.jpg,Percée,0.75,0.003927718040621266
61_jpg.rf.AqfV7aJHoMzqjmgXf9VX.jpg,Pleine,0.9,0.38329166666666664
61_jpg.rf.AWg62wTLKI0GILkJ8ygW.jpg,Pleine,0.9,0.41789321789321787
61_jpg.rf.m9ph9IhfxjjXlHiHscp9.jpg,Pleine,0.9,0.3722492784992785
61_jpg.rf.Q3XHi5PmA4DA1Vm9TlxV.jpg,Pleine,0.9,0.39904904904904903
61CAU4vw23L-_UL1500_-jpg_cloud_affine_aug_png_jpg.rf.ENB2rRlOfSA7W34fzXh9.jpg,Pleine,0.9,0.30190382281553396
61CAU4vw23L-_UL1500_-jpg_dropout_aug_png_jpg.rf.hJRTA64cgWvQPryyXWJr.jpg,Pleine,0.9,0.1747917687408133
61CAU4vw23L-_UL1500_-jpg_flip_aug_png_jpg.rf.9k2qQctvuarhX550hkEf.jpg,Pleine,0.9,0.13051307624113476
61CAU4vw23L-_UL1500_-jpg_shear_aug_png_jpg.rf.ZXbXLAmt9TJwv0enZK90.jpg,Pleine,0.9,0.13390625
61CAU4vw23L-_UL1500__jpg.rf.0ic5iE1Sbm7TqwU4S4fc.jpg,Semi-cerclée,0.8,0.115718356918239
61CAU4vw23L-_UL1500__jpg.rf.kowVYbKzDb7Y8ytfn7Ka.jpg,Semi-cerclée,0.8,0.11536539968652038
62_jpg.rf.5H5p7PbQONAu760RUY92.jpg,Pleine,0.9,0.26242620453247
62_jpg.rf.97N5biN8IpkIwQE9E3Oe.jpg,Pleine,0.9,0.31914861246348586
62_jpg.rf.pgwpoZfJKRQCJUhVAYM3.jpg,Pleine,0.9,0.15833965764398347
63_jpg.rf.2aFXeFCm8btJN47P121B.jpg,Semi-cerclée,0.8,0.08686829012830584
63_jpg.rf.Et6k44C1Opb2nQ61XkyT.jpg,Semi-cerclée,0.8,0.08916889185580774
64_jpg.rf.dslKFGL3FaSHqhAYllDy.jpg,Pleine,0.9,0.17264678471575023
64_jpg.rf.lRfmSSKf7ZC7zUJqoHo1.jpg,Pleine,0.9,0.1592932217932218
64_jpg.rf.OxuHiZd4PdohdmlVvbJY.jpg,Pleine,0.9,0.12844578559079048
64_jpg.rf.XO9ZxeKaaXbMlBC9gGE2.jpg,Pleine,0.9,0.16853371783496007
654-jpg_aug_png_jpg.rf.9nP2xDkoEY5pJ8OvTAqY.jpg,Pleine,0.9,0.6911528504752367
65_jpg.rf.6ucAS1zf7YeYxxvwUIGp.jpg,Pleine,0.9,0.3147626808909962
65_jpg.rf.AvLHX0piGXRNUIncpcuq.jpg,Pleine,0.9,0.31814320388349515
65_jpg.rf.vfdbojEV2gWjfXEThYeN.jpg,Pleine,0.9,0.32172628468924763
65_jpg.rf.Z2TfXxJ9OogQxwiEvOHq.jpg,Pleine,0.9,0.3492912987980002
66_jpg.rf.Hyt6ejg1vmzrVFxS3YK3.jpg,Semi-cerclée,0.8,0.06942777110844338
66_jpg.rf.Jt9Py1tAKbv3YIsTlYHO.jpg,Semi-cerclée,0.8,0.06791059619113918
67_jpg.rf.7ZuG39CbLj2rIpe7dJ0o.jpg,Pleine,0.9,0.18817807706696596
67_jpg.rf.oU2XqRGLAYNhkhrSV1OP.jpg,Pleine,0.9,0.1763045171339564
67_jpg.rf.QQV9QCV0MnfRkN2YTXZE.jpg,Pleine,0.9,0.15806593231162197
67_jpg.rf.wkF6wTc3dSkEWmeGyHKA.jpg,Pleine,0.9,0.18365472910927455
68_jpg.rf.K9km58RmPhw1bRGyobif.jpg,Pleine,0.9,0.23456123737373738
68_jpg.rf.KRYPV1SA6ylDKABEFfdt.jpg,Pleine,0.9,0.17083989294710328
68_jpg.rf.TGCFH8PidGRiRIdky6kR.jpg,Pleine,0.9,0.15471415182755388
68_jpg.rf.yHgD1aoYBHN833B4XyGn.jpg,Pleine,0.9,0.22466286307053943
68B1494F-6DF2-4C2B-925A-7180FAF964EE_jpeg-jpg_cloud_affine_aug_png_jpg.rf.5x9aAGPK4pMyABnkRGZt.jpg,Pleine,0.9,0.1928271994773519
68B1494F-6DF2-4C2B-925A-7180FAF964EE_jpeg-jpg_flip_aug_png_jpg.rf.O13yFwGGLlQ8hCb88x7U.jpg,Pleine,0.9,0.32243107769423557
68B1494F-6DF2-4C2B-925A-7180FAF964EE_jpeg-jpg_shear_aug_png_jpg.rf.gz6DRgiwPyAVxqEbbdWM.jpg,Pleine,0.9,0.3104133064516129
69_jpg.rf.Bxe2XGvbuBTKYcMLTP06.jpg,Pleine,0.9,0.4473427046530858
69_jpg.rf.c9jeEa1NqckWezKFiqyN.jpg,Pleine,0.9,0.4489958242195267
69_jpg.rf.Lbk2elxMDYbxzEpZTzRN.jpg,Pleine,0.9,0.43975241510961993
69_jpg.rf.ovF693bULVKUIo1kZcRp.jpg,Pleine,0.9,0.4170358126721763
6_jpg.rf.0NbKnd1PXDOHQXnhHTIU.jpg,Pleine,0.9,0.35550807217473884
6_jpg.rf.1Cn0DA7ZbCiOfMmjCKKp.jpg,Pleine,0.9,0.41002730206006455
6_jpg.rf.3XtnNd195u9jlWfENq1b.jpg,Pleine,0.9,0.12266330602814535
6_jpg.rf.gjbXTY6WQSZzE6IPZdEq.jpg,Pleine,0.9,0.4312034632034632
6_jpg.rf.kinaKxvUdU8NUfgaCUhl.jpg,Semi-cerclée,0.8,0.11507638367142499
6_jpg.rf.LScwPXoWWY0KgIv1kaGz.jpg,Pleine,0.9,0.3648459383753501
6_jpg.rf.mC7V8AZV1JBOZlTbQNaP.jpg,Pleine,0.9,0.12099099099099099
6_jpg.rf.RC7RPEwqrBRjfNQ9ErRS.jpg,Semi-cerclée,0.8,0.1130988600868119
70_jpg.rf.6guY2Jjumdb2g2P7xPFp.jpg,Semi-cerclée,0.8,0.08309542610702789
70_jpg.rf.8agK5QFlrMH6ee1pgOCr.jpg,Semi-cerclée,0.8,0.10231769361221028
70_jpg.rf.h9qKfO1gKVLCnmYqq74L.jpg,Semi-cerclée,0.8,0.07142481874540296
71_jpg.rf.AfCq6HH3JeA268sDb4jJ.jpg,Semi-cerclée,0.8,0.11547428723687717
71_jpg.rf.K7JdTfZ46j6gVr5XDdR4.jpg,Pleine,0.9,0.19288133741258742
71_jpg.rf.w2AjmbxFI8fBUTMwM1vl.jpg,Pleine,0.9,0.12329514457174032
71_jpg.rf.wueiCD3t5mX5pGLlmGna.jpg,Semi-cerclée,0.8,0.07311210131332083
72_jpg.rf.PbaqDN35nFYLKxD2ONC7.jpg,Pleine,0.9,0.2566115702479339
72_jpg.rf.S9YuXabHkmNXuklUPQN7.jpg,Pleine,0.9,0.25692137320044295
73_jpg.rf.8r1EZF1KbFx2bIWxXg7N.jpg,Semi-cerclée,0.8,0.09785653896523713
73_jpg.rf.G6QelpXYBz0e4z7dt69U.jpg,Pleine,0.9,0.12513534899217058
73_jpg.rf.paaizegFA6JNtAsBGkaB.jpg,Pleine,0.9,0.16540733056143245
73_jpg.rf.Zy77g4LrwpANHhChBlNY.jpg,Semi-cerclée,0.8,0.10906793935991016
76_jpg.rf.3PEzKDSPupTi91fT9Gon.jpg,Pleine,0.9,0.1832244008714597
76_jpg.rf.620Iv1KV8bBgvFpdYtz8.jpg,Percée,0.75,0.02464820976160679
76_jpg.rf.gPf614WEZ7IR5gtBoJUi.jpg,Pleine,0.9,0.18848914136101175
76_jpg.rf.JeIpK7LsBQDOHhrbyvaq.jpg,Pleine,0.9,0.19435230258906647
77_jpg.rf.0OZfmCgYS9Q1FB9m87zU.jpg,Pleine,0.9,0.1594757805473468
77_jpg.rf.5R5Ip2vQZBkOv6dHcFob.jpg,Pleine,0.9,0.1255573849214516
77_jpg.rf.CBPDW7bv6RmdFtQAM4Od.jpg,Pleine,0.9,0.17047275641025642
77_jpg.rf.EWYKMcxusUO3La0y9231.jpg,Pleine,0.9,0.16621033589204517
78_jpg.rf.0arNxMgosxz4GdVSZa0b.jpg,Pleine,0.9,0.16434285714285715
78_jpg.rf.V1TPL0ScQt9KJY9NF7Vm.jpg,Semi-cerclée,0.8,0.09657556664757384
78_jpg.rf.yTV9Ipphe4ShWQwGdoCF.jpg,Pleine,0.9,0.18516966904063678
79_jpg.rf.BJCdG1tcUrmQimdBedvp.jpg,Pleine,0.9,0.6102910433893896
79_jpg.rf.IV5YYax6w0NZvs9dyoor.jpg,Pleine,0.9,0.38493059963023263
79_jpg.rf.oQgjyUQUZlQqdeAwWGO9.jpg,Pleine,0.9,0.42973544973544975
79_jpg.rf.z3cK1x58Pux9KH01WgjE.jpg,Pleine,0.9,0.3948767006802721
7_jpg.rf.1o6SI9yYXJGs6sxbeOQQ.jpg,Pleine,0.9,0.30457672036447014
7_jpg.rf.c4pp2rZNrmjGkgNNKcjP.jpg,Pleine,0.9,0.214837336576467
7_jpg.rf.EO3rT1RYSMQTBwi7bMv4.jpg,Pleine,0.9,0.18455123561136602
7_jpg.rf.mI6gieAwaVsgdqzqaqeO.jpg,Pleine,0.9,0.177969000815768
7abf8c68-a210-47c8-995d-5c1e90e365a2_jpg.rf.A7fA8hhjtSDfaXb11ujP.jpg,Pleine,0.9,0.8364039873041064
7abf8c68-a210-47c8-995d-5c1e90e365a2_jpg.rf.ABBoeYoW6cD3CObrAl7j.jpg,Pleine,0.9,0.3677178845975734
7abf8c68-a210-47c8-995d-5c1e90e365a2_jpg.rf.aj0sIE45XSkZZ6ZNgqF3.jpg,Pleine,0.9,0.5738556067588325
7abf8c68-a210-47c8-995d-5c1e90e365a2_jpg.rf.id78Zd6IkKAMzSFM74ZQ.jpg,Pleine,0.9,0.6357929666119321
7abf8c68-a210-47c8-995d-5c1e90e365a2_jpg.rf.PDtyvQI8XgW8JDof8wMs.jpg,Pleine,0.9,0.6216890679042073
7abf8c68-a210-47c8-995d-5c1e90e365a2_jpg.rf.PEyuNxOspuzo6rXr5YIJ.jpg,Pleine,0.9,0.6091597796143251
7abf8c68-a210-47c8-995d-5c1e90e365a2_jpg.rf.SOCYhaVZM5NWp7b9pUjO.jpg,Pleine,0.9,0.6248051303854876
7abf8c68-a210-47c8-995d-5c1e90e365a2_jpg.rf.TfQDbRB4roK7Z5pPt88u.jpg,Pleine,0.9,0.6058823529411764
7abf8c68-a210-47c8-995d-5c1e90e365a2_jpg.rf.WcrydDpakJRh5kXTDPea.jpg,Pleine,0.9,0.6453002139423745
7bc5b3647966d97f-jpg_aug_png_jpg.rf.hhZBGstflQbFGI0csuC3.jpg,Pleine,0.9,0.6580159092205052
7bc5b3647966d97f_jpg.rf.Pibd94OsBiLf30hHS94F.jpg,Pleine,0.9,0.30602613035819143
7bc5b3647966d97f_jpg.rf.XBaTJx80X6It0T5VjXJ5.jpg,Pleine,0.9,0.30604815032295946
8-1-_jpg.rf.7Ub5v3bvYNuXiYD4sAXH.jpg,Pleine,0.9,0.24943115234375
8-1-_jpg.rf.ad0Z247clHivQEDVu07f.jpg,Pleine,0.9,0.12618086283185842
8-1-_jpg.rf.bA6OufAcmMAKC914ELvm.jpg,Semi-cerclée,0.8,0.10144688160676532
8-1-_jpg.rf.CvjVHNiv2IMNKqlMWMBH.jpg,Pleine,0.9,0.24392721645367413
8-1-_jpg.rf.IkqY4hQQuUDvkB8I1z0N.jpg,Pleine,0.9,0.18359109268707482
8-1-_jpg.rf.k1wqYfvBT1ErJTIdIDHw.jpg,Pleine,0.9,0.12122189153439153
8-1-_jpg.rf.qSPCziUgcNcGUKjUZ8mC.jpg,Semi-cerclée,0.8,0.06577074295010846
8-1-_jpg.rf.YRw3kYCpmyKenKqarQg5.jpg,Pleine,0.9,0.16001128899835795
8-1-_jpg.rf.ZrHA5h2wU1dtEqWPSm8A.jpg,Semi-cerclée,0.8,0.06821961009174311
8-10-_jpg.rf.3KWLOPMcB3RmNqKZzTeB.jpg,Percée,0.75,0.01841599758266425
8-10-_jpg.rf.jiKEDFsA3mYJDRtTJcXp.jpg,Pleine,0.9,0.15693590619307832
8-10-_jpg.rf.KHbeWEm2yQCeAo4tG1uL.jpg,Percée,0.75,0.015101584524156702
8-10-_jpg.rf.TKsJIwo1TaEYuAOG76Eh.jpg,Pleine,0.9,0.1357261273209549
8-10-_jpg.rf.w5zdxvnizLWpRCqhstwg.jpg,Percée,0.75,7.075471698113208e-05
8-10-_jpg.rf.x7CrpmVfbH31LjP2k7pl.jpg,Semi-cerclée,0.8,0.08872549019607844
8-10-_jpg.rf.XLZKN7YPgB6KStAx1eyi.jpg,Percée,0.75,0.025693933823529413
8-10-_jpg.rf.Z92MoqxdfP7U1DqrWoqo.jpg,Percée,0.75,0.012713278931750742
8-10-_jpg.rf.Zhc129IrlvXJE6EMKzXM.jpg,Semi-cerclée,0.8,0.09536173844537815
8-100-_jpg.rf.InAp1krgupTfWT8Sxx9F.jpg,Percée,0.75,0.004638271395440919
8-101-_jpg.rf.BF8yhIOovX9neZrCK9Gc.jpg,Percée,0.75,0.046392940254832836
8-101-_jpg.rf.CC77h4gktnih4jFGPseI.jpg,Semi-cerclée,0.8,0.09530634842519685
8-101-_jpg.rf.DMf9l8SIxsK2Hx0fLFft.jpg,Pleine,0.9,0.207172131147541
8-101-_jpg.rf.jCjVh68UIgbMjnUvjpkh.jpg,Semi-cerclée,0.8,0.07153474544778893
8-101-_jpg.rf.l8LtlgjDGmtFOHgX4IIT.jpg,Semi-cerclée,0.8,0.05070150088561574
8-101-_jpg.rf.nYOGYZkI7e5llkecggQ5.jpg,Semi-cerclée,0.8,0.054985945656538616
8-101-_jpg.rf.yh14G4AGMTqSWvWINLRa.jpg,Semi-cerclée,0.8,0.05988646288209607
8-102-_jpg.rf.5qirGztqXifX3BjA0bcv.jpg,Semi-cerclée,0.8,0.06726645534215923
8-102-_jpg.rf.7wQ3JZz1qbogpeGITRru.jpg,Semi-cerclée,0.8,0.11831091883758112
8-102-_jpg.rf.CQYNr3A16AOdwHOq9vWp.jpg,Semi-cerclée,0.8,0.05578125
8-102-_jpg.rf.h3qYR5o8PO7DCid7gmwl.jpg,Pleine,0.9,0.14637896825396826
8-102-_jpg.rf.LTwKPS5Vy7n5VXTHrqk1.jpg,Semi-cerclée,0.8,0.05487471198156682
8-102-_jpg.rf.vl7CEgVNqhOtHgFmAkfu.jpg,Semi-cerclée,0.8,0.11651051740812379
8-102-_jpg.rf.Y9mRZSYt9sZiE5cmoSKu.jpg,Pleine,0.9,0.16075337561374795
8-103-_jpg.rf.ATgy4zim0rvBCrk83o5U.jpg,Pleine,0.9,0.18087459415584414
8-103-_jpg.rf.nuAlj9uHVSQsMEf0M3CU.jpg,Semi-cerclée,0.8,0.08828177472245269
8-103-_jpg.rf.svZEUqqE66gmB3vT9Aqu.jpg,Pleine,0.9,0.22569177391512416
8-103-_jpg.rf.ycscC7YcSOSBH6ELDaR1.jpg,Percée,0.75,0.019675157650182542
8-104-_jpg.rf.L41TV0fqMNF1ktpPM0im.jpg,Semi-cerclée,0.8,0.059302112029384756
8-105-_jpg.rf.4WZ7fKeJLZxlt0RDXWl5.jpg,Semi-cerclée,0.8,0.10800331221198156
8-105-_jpg.rf.4ZQ1FhPdgyMfa8ixyjHn.jpg,Pleine,0.9,0.14974853074141048
8-105-_jpg.rf.6smD6v82kITpFfF6oqOK.jpg,Pleine,0.9,0.23197509765625
8-105-_jpg.rf.eCKIYNTR25rcEgXkKxtG.jpg,Pleine,0.9,0.2521142578125
8-105-_jpg.rf.k3HzafkE497Me6BBS7DE.jpg,Semi-cerclée,0.8,0.10960270100502513
8-105-_jpg.rf.MfIBFUgiPt1SkjaUeAsX.jpg,Pleine,0.9,0.24115817535545023
8-105-_jpg.rf.Oyoo5fHFMwb4S45nXdyh.jpg,Pleine,0.9,0.20033105939004817
8-105-_jpg.rf.soM8DgHaKbhBMnRH2h6L.jpg,Pleine,0.9,0.15852041967509026
8-105-_jpg.rf.Vg9gSOJr2C1hOOpbnqjz.jpg,Pleine,0.9,0.13662228260869566
8-106-_jpg.rf.BZLrCYjjv3JKJPFQc3Lo.jpg,Pleine,0.9,0.1425864909390445
8-106-_jpg.rf.CjNqErwDuLkw7YAUFcw1.jpg,Pleine,0.9,0.15166484586519735
8-106-_jpg.rf.gGaChmbtxqxWUzvF2j2G.jpg,Pleine,0.9,0.16082698919449903
8-106-_jpg.rf.hxaWE8vBAwey6A6WhKuS.jpg,Semi-cerclée,0.8,0.09992876139817629
8-106-_jpg.rf.jkJ18189EA6QTacedrnl.jpg,Pleine,0.9,0.13849276310177155
8-106-_jpg.rf.pcs140hYpixkk2c9a5Lz.jpg,Semi-cerclée,0.8,0.09592854235711379
8-106-_jpg.rf.UIAE1yk4BHzITV2R32FQ.jpg,Pleine,0.9,0.2173820444758427
8-107-_jpg.rf.0p5R5KaiKjqG5a3nKF8G.jpg,Pleine,0.9,0.18795517461669506
8-107-_jpg.rf.g6wtNWBdeaEgD4cZBUM1.jpg,Semi-cerclée,0.8,0.07454333810888251
8-107-_jpg.rf.hRooTAfm2xOKrWTvYv89.jpg,Pleine,0.9,0.1480979461130742
8-107-_jpg.rf.j5J4BSXpUxZsh0dHdUC0.jpg,Semi-cerclée,0.8,0.07167162698412699
8-107-_jpg.rf.qEZjAVTEZ7ZKe6EiDHbY.jpg,Semi-cerclée,0.8,0.11641547736220473
8-107-_jpg.rf.vMmGrDxx7Qcq055Bcx2b.jpg,Semi-cerclée,0.8,0.09356845238095238
8-107-_jpg.rf.zRRy7VsRs3ZmHPMnGNZS.jpg,Semi-cerclée,0.8,0.07084627329192547
8-108-_jpg.rf.5YTvAzzmF3K5ymY6Z2FV.jpg,Semi-cerclée,0.8,0.05023330058939096
8-108-_jpg.rf.6OCNVAc4WmeRpscJ5amv.jpg,Pleine,0.9,0.19389892578125
8-108-_jpg.rf.EBbUu0xTg9PW6KynsNQc.jpg,Percée,0.75,0.03998645510835913
8-108-_jpg.rf.eclvVZfwDUtdLvfT6fSo.jpg,Semi-cerclée,0.8,0.11751680107526882
8-108-_jpg.rf.hWTQfshbc5vhXjjycveS.jpg,Pleine,0.9,0.17964788034865292
8-108-_jpg.rf.IBlxqg2IZqhO4YthEL4N.jpg,Pleine,0.9,0.1719547193877551
8-108-_jpg.rf.oFkLZwLP0ZPMAawT7T1H.jpg,Percée,0.75,0.04110966435185185
8-108-_jpg.rf.uBjetaOJfLS8Mnpw1e25.jpg,Percée,0.75,0.03087713068181818
8-108-_jpg.rf.vj4DRUhrZMJ1AlJThFFo.jpg,Percée,0.75,0.04383445945945946
8-109-_jpg.rf.6wj3eoXGutHXilMgQzMS.jpg,Semi-cerclée,0.8,0.06725429832713754
8-109-_jpg.rf.7pX6Q6kOUm3jxlJQXFFQ.jpg,Pleine,0.9,0.1883942211503416
8-109-_jpg.rf.jk6qNbMIhtR2PDr8iUTO.jpg,Percée,0.75,0.01849410669975186
8-109-_jpg.rf.kt19HmlKsRnu4Wg70cxh.jpg,Semi-cerclée,0.8,0.05926529255319149
8-109-_jpg.rf.qiwIrb15Rb3UpX0DKje0.jpg,Semi-cerclée,0.8,0.05903382146021158
8-109-_jpg.rf.ruoB6CegkgxdpTfd9DA8.jpg,Percée,0.75,0.004805222602739726
8-109-_jpg.rf.uGWTQBrp2BL8ZDPEJhwt.jpg,Pleine,0.9,0.14925582627118644
8-109-_jpg.rf.WoYMt9ljvNjTbnQpudKm.jpg,Pleine,0.9,0.16140355603448275
8-109-_jpg.rf.YYeMQY8p4xMcHH7cNrUJ.jpg,Semi-cerclée,0.8,0.053468309859154926
8-11-_jpg.rf.7dNBlwLHZZAoSQK3ly8i.jpg,Semi-cerclée,0.8,0.0650347263250489
8-11-_jpg.rf.E6O1hcsZ1ZVqp9RuEIZt.jpg,Pleine,0.9,0.17346713362068966
8-11-_jpg.rf.Kp86e30T7SI3TaGSOIz7.jpg,Pleine,0.9,0.2088623046875
8-11-_jpg.rf.KPwyGQhhalzefj3tB251.jpg,Pleine,0.9,0.20699753752345215
8-11-_jpg.rf.LnZptkGIMuMaFXkWpvyr.jpg,Pleine,0.9,0.13165983606557377
8-11-_jpg.rf.NiCI3bLPv8YjUppcX3jv.jpg,Pleine,0.9,0.16934648510242087
8-11-_jpg.rf.PtrNxrULtuBkexYiM91S.jpg,Pleine,0.9,0.17007450599287333
8-11-_jpg.rf.TEYRwwsWP5mSXZz5zBcL.jpg,Pleine,0.9,0.1253510680379747
8-11-_jpg.rf.V6zq2KYNKSXhdKqthvH3.jpg,Percée,0.75,0.043889423076923076
8-110-_jpg.rf.41yp3Zoy8AsNLUJoBhGW.jpg,Pleine,0.9,0.2411609738372093
8-110-_jpg.rf.4NfW8kc3IiHOAGaWCD4C.jpg,Pleine,0.9,0.1744952569079174
8-110-_jpg.rf.DQfzyx7zZoFiZQUW64ua.jpg,Semi-cerclée,0.8,0.0793839558374442
8-110-_jpg.rf.EU6tfFoNLTpKVXJtWH3F.jpg,Percée,0.75,0.033023752910083595
8-110-_jpg.rf.jyyYRwe2zAy6qtauEKnj.jpg,Percée,0.75,0.021212121212121213
8-111-_jpg.rf.CZYJkzXB4xxh7NOYiuj3.jpg,Percée,0.75,0.042781316348195327
8-111-_jpg.rf.WiETbo6QPmcGaG9tBXZE.jpg,Pleine,0.9,0.18143798828125
8-111-_jpg.rf.x48tJWDdqieUxe3h1V2j.jpg,Semi-cerclée,0.8,0.10711613082039911
8-112-_jpg.rf.2BS5xSeHhDwd0TdZwQ73.jpg,Pleine,0.9,0.20910612824675326
8-112-_jpg.rf.2zQIHjSbly799QmsqQHL.jpg,Percée,0.75,0.034482758620689655
8-112-_jpg.rf.A7dE4K8tGsapfc3JpHXZ.jpg,Semi-cerclée,0.8,0.0672650286259542
8-112-_jpg.rf.dfQclxLCcu6F6MpFUGhD.jpg,Percée,0.75,0.026838235294117645
8-112-_jpg.rf.erV9n09y5Z9z3JnnSYQ1.jpg,Semi-cerclée,0.8,0.11583782327586208
8-112-_jpg.rf.oBhwn17vaqPjPbW6DN7f.jpg,Semi-cerclée,0.8,0.07784251412429379
8-112-_jpg.rf.RFRstmHyR8CBCzVN80i4.jpg,Percée,0.75,0.029529272151898735
8-114-_jpg.rf.4ljexxedwXuPKDtycXEE.jpg,Semi-cerclée,0.8,0.06845540927662372
8-114-_jpg.rf.85A6nkr8a0vCSiUtxArJ.jpg,Semi-cerclée,0.8,0.06902599506239038
8-114-_jpg.rf.bidLFZxeEGxcKGIiHpDU.jpg,Percée,0.75,0.04359698103945511
8-114-_jpg.rf.cAgljxPcfPWtv607Ecn5.jpg,Semi-cerclée,0.8,0.06917082185571324
8-114-_jpg.rf.CNgpXLc6yAqfVGFRZdEU.jpg,Pleine,0.9,0.16664491287606867
8-114-_jpg.rf.H2Wm6PIIL9OPkBk647Kh.jpg,Percée,0.75,0.035335234066035136
8-114-_jpg.rf.tEcXGrdN6j2zmv8AOIZE.jpg,Percée,0.75,0.039733333333333336
8-114-_jpg.rf.UYcfsdlhqpvSl1eNVWoW.jpg,Percée,0.75,0.041265606121627066
8-114-_jpg.rf.wLH4pBP1SMFWzkcYsK3G.jpg,Semi-cerclée,0.8,0.06517021669539522
8-115-_jpg.rf.XHyWQIjxb88PnLewFezc.jpg,Percée,0.75,0.019394388686131386
8-116-_jpg.rf.16BwaTmmeeNAyR8FBxyy.jpg,Semi-cerclée,0.8,0.0817955656424581
8-116-_jpg.rf.5eEZga01JJP47kxpP8xV.jpg,Pleine,0.9,0.16701181856899489
8-116-_jpg.rf.eXRzkMcvY4TX1RjvDWTp.jpg,Pleine,0.9,0.2053217821782178
8-116-_jpg.rf.jIKmIDgQgGfEjO9HOXvk.jpg,Semi-cerclée,0.8,0.09559192518248175
8-116-_jpg.rf.JyYIQo2bw2XFEWyWrOwH.jpg,Pleine,0.9,0.15328675581662699
8-116-_jpg.rf.SRxiPz4rAeFoCaE0emRy.jpg,Semi-cerclée,0.8,0.07360776761354518
8-116-_jpg.rf.VrApFePXtIXhuIVNwuzT.jpg,Semi-cerclée,0.8,0.0904621142591511
8-117-_jpg.rf.4HzAkuykbJFkLJt7OUH1.jpg,Pleine,0.9,0.9846090703878514
8-117-_jpg.rf.dPCSEVJx9LOgwL3Bt3Gd.jpg,Pleine,0.9,0.9935225474683544
8-117-_jpg.rf.DvE34tipnpPEGNdMIrXp.jpg,Pleine,0.9,0.9824586737602128
8-117-_jpg.rf.GTutSKW0nLyQIzEpxvqq.jpg,Pleine,0.9,0.9849290780141844
8-117-_jpg.rf.L801S4BidNOX5fhhfYEX.jpg,Pleine,0.9,0.9875517695783133
8-117-_jpg.rf.NuiGOYbcuxklpdGr5W00.jpg,Pleine,0.9,0.9929252740303541
8-117-_jpg.rf.nVVIcSeGj3culVyTpxnN.jpg,Pleine,0.9,0.9921905048076923
8-117-_jpg.rf.qmhuQcegH94zyQyaEun7.jpg,Pleine,0.9,0.9769814902705268
8-117-_jpg.rf.VIcn1vqr4VvPcjRgRBMM.jpg,Pleine,0.9,0.9743712327868238
8-118-_jpg.rf.1MNQQHoZAfs5Ws2dkbBm.jpg,Pleine,0.9,0.12791940789473685
8-118-_jpg.rf.6dUCPQiLErlMbTmnDtqV.jpg,Semi-cerclée,0.8,0.07905435426540285
8-118-_jpg.rf.6P83bTfMkV3NbUYp3Knp.jpg,Semi-cerclée,0.8,0.06393485915492958
8-118-_jpg.rf.6URWzP2A642gBhGjTuMH.jpg,Pleine,0.9,0.22509856215213359
8-118-_jpg.rf.J3XDLwHCZjPNjojTRcpV.jpg,Semi-cerclée,0.8,0.08562523763984745
8-118-_jpg.rf.kqw9Z7v7V6UNC8QlgdEb.jpg,Semi-cerclée,0.8,0.07337687283903188
8-118-_jpg.rf.O8v6Q3QgCe5PIS1gOBgP.jpg,Pleine,0.9,0.20683900523560209
8-119-_jpg.rf.72uYRVugZxQHrJCZQ3mb.jpg,Semi-cerclée,0.8,0.10154701134891272
8-119-_jpg.rf.AWDMKifyIZO33R7vIbUe.jpg,Pleine,0.9,0.17887860800744879
8-119-_jpg.rf.K6oYvIXVPdpNK1842nz2.jpg,Pleine,0.9,0.19378165285451196
8-119-_jpg.rf.nXdenlS6P8q45Sjc3uyv.jpg,Semi-cerclée,0.8,0.07878740648379053
8-119-_jpg.rf.rToIEzSqCszdbmcjsNJy.jpg,Pleine,0.9,0.15003823409461664
8-119-_jpg.rf.RWAvqmEwSRs4rxNe8EO2.jpg,Semi-cerclée,0.8,0.09476613272311213
8-12-_jpg.rf.IjJWGurTM9qZsUcOG1fk.jpg,Pleine,0.9,0.21830357142857143
8-12-_jpg.rf.QzOdziv8ttFzcYpYBcdj.jpg,Pleine,0.9,0.21444755600814663
8-12-_jpg.rf.rvb1QeoahyQv028Sma2d.jpg,Percée,0.75,0.04835209003215434
8-120-_jpg.rf.16bzEkZFKHK7rOXw67zu.jpg,Pleine,0.9,0.13133953327171904
8-120-_jpg.rf.434KHO80APEnDfB65kfy.jpg,Pleine,0.9,0.16050043706293707
8-120-_jpg.rf.BIQBy3YYCs0MtcFzbwzo.jpg,Pleine,0.9,0.2068698347107438
8-120-_jpg.rf.BNOXyQr8062yExTMcTYE.jpg,Pleine,0.9,0.19353723404255319
8-120-_jpg.rf.mkSyfLe9sXVxcPyPuu90.jpg,Pleine,0.9,0.1874537037037037
8-120-_jpg.rf.PYlXpmecjEmFeAZaESI1.jpg,Pleine,0.9,0.18697916666666667
8-120-_jpg.rf.U3fnJVg7DdhNulOqngvy.jpg,Semi-cerclée,0.8,0.10223797505938242
8-120-_jpg.rf.UOk2E9PXoVcBB5Gk8Eh7.jpg,Semi-cerclée,0.8,0.10853199110671936
8-120-_jpg.rf.Z7P6bntZXXOsx8s36YlX.jpg,Semi-cerclée,0.8,0.11687750501002005
8-121-_jpg.rf.2Hlb1r1zjdwXdmXFXUr5.jpg,Pleine,0.9,0.16525634765625
8-121-_jpg.rf.9MM3vlawyg1bXCSn7Uxe.jpg,Semi-cerclée,0.8,0.11948173415492958
8-121-_jpg.rf.CJij46efhtuw58Tb9i1a.jpg,Percée,0.75,0.0435821533203125
8-121-_jpg.rf.IkAgsThxjURt9ljN4KnU.jpg,Percée,0.75,0.0051983173076923074
8-121-_jpg.rf.vFF3JXMke9WRcOl56GT2.jpg,Semi-cerclée,0.8,0.06451063575525813
8-122-_jpg.rf.cfMjqISs3YJJgal6NMPZ.jpg,Pleine,0.9,0.1883642578125
8-122-_jpg.rf.JIB6o3UA9HxTgso899Tn.jpg,Semi-cerclée,0.8,0.089183648111332
8-122-_jpg.rf.OYKLkhlA8ab9wH3Mq8pG.jpg,Percée,0.75,0.00804889298892989
8-123-_jpg.rf.daaXDXim3ZGwvaXBoJgF.jpg,Percée,0.75,0.01328125
8-123-_jpg.rf.G6futzrgLaU7m3Y3b4BE.jpg,Semi-cerclée,0.8,0.06443763766519824
8-123-_jpg.rf.YZimE8lbesbD6ZkOBn9p.jpg,Semi-cerclée,0.8,0.10800274451097805
8-124-_jpg.rf.5jkzMrMtTMn1IG78i60N.jpg,Semi-cerclée,0.8,0.09686316287878788
8-124-_jpg.rf.eCB13Ee8JUQKVXyF6KH2.jpg,Pleine,0.9,0.1885888671875
8-124-_jpg.rf.gLnOz2bFtjE3OGGJr7iT.jpg,Percée,0.75,0.027532958984375
8-125-_jpg.rf.2yTUO5JiaE3hTnSRT9ZN.jpg,Pleine,0.9,0.14544719827586206
8-125-_jpg.rf.AGyWkO2p8TmYdYSn2hES.jpg,Pleine,0.9,0.174305
8-125-_jpg.rf.aLj9z2s4jnbOupqsnVqD.jpg,Semi-cerclée,0.8,0.060584392655367234
8-125-_jpg.rf.nnfrjgXfAoSdWNH5kGkW.jpg,Pleine,0.9,0.12464192708333334
8-125-_jpg.rf.NTYl5eNaCUqx2HGoErGJ.jpg,Pleine,0.9,0.18096240512333966
8-125-_jpg.rf.onf2afaAO59K79KbfjRj.jpg,Semi-cerclée,0.8,0.11620315464895635
8-125-_jpg.rf.RoX7C5SQms9kNSdjOrS0.jpg,Pleine,0.9,0.13094613999498553
8-125-_jpg.rf.wQ8s04X1wrvvgCAZtvCh.jpg,Semi-cerclée,0.8,0.060390625
8-125-_jpg.rf.Yp8KJwDZI9pAnh70J2b4.jpg,Semi-cerclée,0.8,0.09970936433447099
8-126-_jpg.rf.3oNXjArFxAziDVegKAit.jpg,Semi-cerclée,0.8,0.05292157910838132
8-126-_jpg.rf.8GBc77oLLRLpYxVUei82.jpg,Percée,0.75,0.0009698275862068965
8-126-_jpg.rf.D7mK2WBA38QmwmKxSASs.jpg,Percée,0.75,0.005539132882882883
8-126-_jpg.rf.FXV3ZNbznMPTsm5e9iev.jpg,Pleine,0.9,0.14598069105691056
8-126-_jpg.rf.h11AFRxZNwvQfzLRWqF4.jpg,Semi-cerclée,0.8,0.09744724694251715
8-126-_jpg.rf.qQWbaPWCK6vPUbZ1KM9i.jpg,Percée,0.75,0.016316055673154375
8-126-_jpg.rf.vbcarzqTNlZYBJCnRj8U.jpg,Semi-cerclée,0.8,0.09018301792828685
8-126-_jpg.rf.YHrDzyDPuwqmLZnoA179.jpg,Semi-cerclée,0.8,0.05742121848739496
8-126-_jpg.rf.yqA2rZQ0uK2OKxRxIUDI.jpg,Semi-cerclée,0.8,0.07877485795454546
8-127-_jpg.rf.bIhOcm59X6CoECzM99JU.jpg,Pleine,0.9,0.13484901685393258
8-127-_jpg.rf.CNllzBQpqAll7Vz0Y2W0.jpg,Semi-cerclée,0.8,0.1033106718464351
8-127-_jpg.rf.D4Yuz7NifmbMwrpt0pu6.jpg,Semi-cerclée,0.8,0.0735337972166998
8-127-_jpg.rf.eBNKWlDeuIJ3RbgXXstn.jpg,Pleine,0.9,0.1869991028708134
8-127-_jpg.rf.j57Y6q28Wr8GG5LyaHpn.jpg,Semi-cerclée,0.8,0.0788381968641115
8-127-_jpg.rf.M7WNEsbEPuUPGWQFl9u2.jpg,Semi-cerclée,0.8,0.10150510453018341
8-127-_jpg.rf.Uwh3tKanthsWPa5EMRdx.jpg,Pleine,0.9,0.19984375
8-128-_jpg.rf.aMi93dZ8p4DTJUqwIlZ0.jpg,Semi-cerclée,0.8,0.08154163099315069
8-128-_jpg.rf.BDHxXyAOO9sHArYUTQuJ.jpg,Semi-cerclée,0.8,0.07911585365853659
8-128-_jpg.rf.Gkfsf9QWTvYFW46y2ipX.jpg,Pleine,0.9,0.14154769458544839
8-128-_jpg.rf.K7EasIw0bPGGSOE73TYS.jpg,Semi-cerclée,0.8,0.11664076887661141
8-128-_jpg.rf.l08DemOofa4mg2yXi4DA.jpg,Pleine,0.9,0.1546928602058319
8-128-_jpg.rf.pNO9IaCfM3p9jSldhhFh.jpg,Pleine,0.9,0.18778720489038786
8-128-_jpg.rf.VPygnVaaCHDYmZdlZBjs.jpg,Percée,0.75,0.0060401943462897525
8-128-_jpg.rf.WIB9vB4ZRTkzJ8zuJjlz.jpg,Semi-cerclée,0.8,0.07650704592901879
8-128-_jpg.rf.YGCmXMDWkgIJReSCc1Aw.jpg,Pleine,0.9,0.12378148320895523
8-129-_jpg.rf.36jLsYMIYiWfGldwMP7W.jpg,Semi-cerclée,0.8,0.11485481586402266
8-129-_jpg.rf.3UaAlh3gdLc5knvpdOK8.jpg,Semi-cerclée,0.8,0.10266310623556582
8-129-_jpg.rf.ahqigvLsazmZnZPRmVi2.jpg,Pleine,0.9,0.20260587993421053
8-129-_jpg.rf.JrMYTMD1OG2p4zUrPcgq.jpg,Pleine,0.9,0.21441309628975266
8-129-_jpg.rf.suwwBQ0pKSXSg7HE3TEO.jpg,Pleine,0.9,0.1239318307522124
8-129-_jpg.rf.UrSOlgRMbE91ePTpb4Ns.jpg,Pleine,0.9,0.21520579268292683
8-129-_jpg.rf.VjGsVsdwROndOysaqDrY.jpg,Pleine,0.9,0.1632799235993209
8-13-_jpg.rf.B0UcTIims8xUg5p8aCVV.jpg,Percée,0.75,0.02199635922330097
8-13-_jpg.rf.brOHq7Ww62vAhXYGx7US.jpg,Semi-cerclée,0.8,0.08122178329571106
8-13-_jpg.rf.KZMhxYgEsion1BzaF1yt.jpg,Semi-cerclée,0.8,0.1153434065934066
8-13-_jpg.rf.ly1O5m7maW9ZLjazMbwM.jpg,Semi-cerclée,0.8,0.07625
8-13-_jpg.rf.NNwGAtKDDRdj9OVEuX4X.jpg,Semi-cerclée,0.8,0.07730671557562077
8-13-_jpg.rf.NrpIhs0rNBWpmxa2QLYO.jpg,Pleine,0.9,0.19960693359375
8-13-_jpg.rf.QDntSPWDx1KRL1uLMRKW.jpg,Semi-cerclée,0.8,0.10399594425956739
8-13-_jpg.rf.WQxXpKNJOyynmCkubSnL.jpg,Pleine,0.9,0.12987727732793522
8-130-_jpg.rf.LACHAO7lcNYMzQEWrBUM.jpg,Pleine,0.9,0.14964803754266212
8-130-_jpg.rf.mnrGTJwTPwpDx6iKyO8i.jpg,Pleine,0.9,0.16380686560934893
8-130-_jpg.rf.XQFDMFz09Bhk5IPrDSyD.jpg,Percée,0.75,0.045495495495495496
8-131-_jpg.rf.997ZEl9AITGBXKJxvoB8.jpg,Percée,0.75,0.03268452380952381
8-131-_jpg.rf.b5NN2Iw4QwBrNkuNW7rU.jpg,Percée,0.75,0.041039540816326534
8-131-_jpg.rf.DDr932JbpKMk9Z96u2hd.jpg,Semi-cerclée,0.8,0.0968719835907336
8-131-_jpg.rf.Jpks2kdAZmlPZJaootZN.jpg,Semi-cerclée,0.8,0.11615329512893983
8-131-_jpg.rf.JQHsWKZCCVcUdJKo7gig.jpg,Pleine,0.9,0.22449419070512822
8-131-_jpg.rf.Jvpt0mSiP6p7MQKfIdhJ.jpg,Semi-cerclée,0.8,0.10351973684210526
8-131-_jpg.rf.MLzLqdteWMNdreAtNTjN.jpg,Percée,0.75,0.0492736683920521
8-131-_jpg.rf.qVWTmtCdPY7KPFswrl7K.jpg,Semi-cerclée,0.8,0.05907738095238095
8-131-_jpg.rf.yXyRr3OuWTheEqhNth7e.jpg,Percée,0.75,0.0447953216374269
8-132-_jpg.rf.5TesCps0PhV4hSm5CRU3.jpg,Pleine,0.9,0.1819343280075188
8-132-_jpg.rf.D0YUTQmFxci1vqLFhMNT.jpg,Percée,0.75,0.006405518600640552
8-132-_jpg.rf.haXabhnfHgmRGeA0CFlh.jpg,Semi-cerclée,0.8,0.08922038327526133
8-132-_jpg.rf.I9ykmCxP7pBQa2YtRKHB.jpg,Percée,0.75,0.014880415162454873
8-132-_jpg.rf.PBMhjQr2Vn9UC4gkBZbf.jpg,Percée,0.75,0.0228332182320442
8-133-_jpg.rf.65VykX5CklVHg8wNrAcH.jpg,Semi-cerclée,0.8,0.06521883289124668
8-133-_jpg.rf.9v2I1rzpzhXPrzHdYIDv.jpg,Semi-cerclée,0.8,0.08395974099099099
8-133-_jpg.rf.Ey2PHJeM0hKyroMdyaP5.jpg,Pleine,0.9,0.14344706632653062
8-133-_jpg.rf.iCAQvW9uEg2caP5JpRRk.jpg,Pleine,0.9,0.15130084913112166
8-133-_jpg.rf.ohkZqrM13sIJyP1mihLm.jpg,Semi-cerclée,0.8,0.11825941470054446
8-133-_jpg.rf.SD2bkufsJPSHJzqBl9In.jpg,Pleine,0.9,0.2152734375
8-133-_jpg.rf.TG4m8xq8NYmjhEpeIzNw.jpg,Pleine,0.9,0.15107421875
8-133-_jpg.rf.XLEccZF3OVD4xolwjeoF.jpg,Semi-cerclée,0.8,0.06823821339950373
8-133-_jpg.rf.XVjZ3c0wmrWzHAHURko8.jpg,Semi-cerclée,0.8,0.11676682692307692
8-134-_jpg.rf.4FHVMO99dBPm5s00egs4.jpg,Percée,0.75,0.032637332389603244
8-134-_jpg.rf.9o6V4sMLPOs2Lu7zpWXY.jpg,Semi-cerclée,0.8,0.05837331087267001
8-134-_jpg.rf.9rlieoB5smxYZCgJsn1j.jpg,Pleine,0.9,0.12836732683022958
8-134-_jpg.rf.BcsE2rBrP8NhAc2Eirz1.jpg,Percée,0.75,0.01246134817563389
8-134-_jpg.rf.c0cqXBFZcSEg1ugPZqqR.jpg,Percée,0.75,0.042664887109331556
8-134-_jpg.rf.HA40r9WTpHHacnD8kYQJ.jpg,Percée,0.75,0.02375079465988557
8-134-_jpg.rf.YmHEgRXsO2XnF0F2mfm7.jpg,Percée,0.75,0.0
8-135-_jpg.rf.ikq2frIen4wAtGEl9LOa.jpg,Percée,0.75,0.02041457286432161
8-135-_jpg.rf.NTVNOCiHmqAHQz9r80RN.jpg,Percée,0.75,0.012797004132231405
8-135-_jpg.rf.oBodRiDnvtQoRwWuU2GR.jpg,Percée,0.75,0.021380023640661938
8-135-_jpg.rf.rL0iTngxhtQUSR2IY5NU.jpg,Pleine,0.9,0.2074669471153846
8-135-_jpg.rf.ULOLdnC5YE2fmbJ8Q8R4.jpg,Pleine,0.9,0.16671650717703348
8-136-_jpg.rf.3TkXXJreqmZUkVv2kpxq.jpg,Pleine,0.9,0.3294231236196709
8-136-_jpg.rf.DyyJs5Z5o0znl37lKZGn.jpg,Pleine,0.9,0.3347614840989399
8-136-_jpg.rf.J5o2WXdxVftqdL69MUf6.jpg,Pleine,0.9,0.3227101293103448
8-136-_jpg.rf.PurLfLhjuGiZkVj5egwM.jpg,Pleine,0.9,0.3590311768088299
8-136-_jpg.rf.tIrKaJJU5ohRjxRyeYb3.jpg,Pleine,0.9,0.36420751160092807
8-136-_jpg.rf.Tl7aN6TeRj5j6i54UX0a.jpg,Pleine,0.9,0.3135482594936709
8-136-_jpg.rf.UOONBa4WFqGppMPXPRB1.jpg,Pleine,0.9,0.39455322265625
8-136-_jpg.rf.wiG8vMo7otcJxDRApnKb.jpg,Pleine,0.9,0.31337466050214585
8-136-_jpg.rf.WUthsMHWgZlrLY79IV8V.jpg,Pleine,0.9,0.3424874066354004
8-137-_jpg.rf.1EK5OTLDXPv6urjWiaYl.jpg,Pleine,0.9,0.20602322567783093
8-137-_jpg.rf.71tz6CMQU3IfcssOHS4H.jpg,Pleine,0.9,0.1489329954954955
8-137-_jpg.rf.e76PhzMEc63DVRM2yN9f.jpg,Percée,0.75,0.041217339986050754
8-137-_jpg.rf.gC5TjNQZS1KApNYOzh4t.jpg,Semi-cerclée,0.8,0.07667930340007108
8-137-_jpg.rf.H9LcvMes7qmnIPL6u9qF.jpg,Semi-cerclée,0.8,0.05251365147198481
8-137-_jpg.rf.LsJIpzy6EwR1UY4Fvcab.jpg,Pleine,0.9,0.2464794921875
8-137-_jpg.rf.N3zZKU3V688BTfFcfeV5.jpg,Pleine,0.9,0.15368472116763687
8-137-_jpg.rf.oWBk0xD4fUuAWe3cH7nO.jpg,Pleine,0.9,0.17313038643313872
8-138-_jpg.rf.1i6ncodIM2tu6GfjfkUE.jpg,Semi-cerclée,0.8,0.07273296593186372
8-138-_jpg.rf.4JU2dVskW66BVpfU9ZtJ.jpg,Pleine,0.9,0.23182822779605264
8-138-_jpg.rf.4otmCEOCb0GdN3zPGzWV.jpg,Pleine,0.9,0.13413485528942115
8-138-_jpg.rf.4phZUdPlrIniJI7uxyCo.jpg,Semi-cerclée,0.8,0.11279037610619469
8-138-_jpg.rf.ASUGawxQfo08puRORuww.jpg,Pleine,0.9,0.13389600409836067
8-138-_jpg.rf.bgQUsZxVAGbFMxW1uC69.jpg,Pleine,0.9,0.17061170212765958
8-138-_jpg.rf.dMU18DU7chD9ac4Y57f2.jpg,Semi-cerclée,0.8,0.0778125
8-138-_jpg.rf.gK1vB1z44Arkr2Lm1Sdy.jpg,Pleine,0.9,0.12210461469534051
8-138-_jpg.rf.Wl8AhrZHiPhiFpaDEHuP.jpg,Pleine,0.9,0.13155608675373134
8-139-_jpg.rf.7QEd26OXaa1UTBR96URY.jpg,Pleine,0.9,0.1300492243436754
8-139-_jpg.rf.AvbQ1gKF63OD0oRcwIKJ.jpg,Semi-cerclée,0.8,0.09041193181818181
8-139-_jpg.rf.eWRz56fRvMYGiRVCO5hY.jpg,Semi-cerclée,0.8,0.11849547511312217
8-139-_jpg.rf.KmkScNnQ6LEOxVMPe1Yj.jpg,Pleine,0.9,0.22382942275747508
8-139-_jpg.rf.mYRGSPmWYWBjgDSnElMu.jpg,Semi-cerclée,0.8,0.08997733160621761
8-139-_jpg.rf.nchbLehtzRMqXdl0Mis4.jpg,Semi-cerclée,0.8,0.10405285989717224
8-139-_jpg.rf.OEsNV0llSLA7v9TWVA3q.jpg,Pleine,0.9,0.152490625
8-139-_jpg.rf.OLlCEEBlmlOEGnWz5YXE.jpg,Semi-cerclée,0.8,0.0949779501216545
8-139-_jpg.rf.zEDK1GPsXPgyxKMplAUy.jpg,Pleine,0.9,0.14945663234156864
8-14-_jpg.rf.1f1sYr6OVFDAtC16d2Qj.jpg,Semi-cerclée,0.8,0.05174005681818182
8-14-_jpg.rf.fkzM6mR4rcX6qPZOz7lf.jpg,Semi-cerclée,0.8,0.11468268414027424
8-14-_jpg.rf.hri5ypP51kuAKAKDwqCY.jpg,Semi-cerclée,0.8,0.11420294943820225
8-14-_jpg.rf.HT6nkJdezxGD6tq626bA.jpg,Percée,0.75,0.04254524410774411
8-14-_jpg.rf.NkF62ocpIMXsd1pLYOYv.jpg,Semi-cerclée,0.8,0.07663770053475936
8-14-_jpg.rf.Nsjl3VltKvRz0lsTZiEx.jpg,Percée,0.75,0.044239309210526316
8-14-_jpg.rf.nsYjxYKgv2l0btRu5SS3.jpg,Pleine,0.9,0.12873539232053421
8-140-_jpg.rf.1elCezTs5EsFFu9kJXH8.jpg,Pleine,0.9,0.13903028350515464
8-140-_jpg.rf.3YJFsp11VRiUysSc03fW.jpg,Percée,0.75,0.0013338730152889445
8-140-_jpg.rf.bpQbnmoAPGuePA5X0cAk.jpg,Percée,0.75,0.003537761287399961
8-140-_jpg.rf.EnT3yyQoReqKCYkgHqP8.jpg,Semi-cerclée,0.8,0.05784765625
8-140-_jpg.rf.fsI6VcLmg8PRM5MfVURv.jpg,Pleine,0.9,0.24046875
8-140-_jpg.rf.oye2eciinXJP4t0wG10z.jpg,Semi-cerclée,0.8,0.08731195295404814
8-140-_jpg.rf.snSuNUooZfxOq5DICnEm.jpg,Pleine,0.9,0.13617456896551725
8-140-_jpg.rf.ZDtK7UA2S716JhcQ28lk.jpg,Pleine,0.9,0.1739306640625
8-140-_jpg.rf.zlcpoIDUaTv2HfGLSIQU.jpg,Percée,0.75,0.012827715355805243
8-141-_jpg.rf.8aef1OvyFqnzQdoavwg5.jpg,Semi-cerclée,0.8,0.11766736891385768
8-141-_jpg.rf.AjiZjOJddiY2aoZgyLtK.jpg,Percée,0.75,0.029981477252543708
8-141-_jpg.rf.CbRp7Bw1yIHP0CN94q10.jpg,Semi-cerclée,0.8,0.11083351576182136
8-141-_jpg.rf.FhDCtIAIGHqtPmgt1FLX.jpg,Semi-cerclée,0.8,0.09148464532871972
8-141-_jpg.rf.FNafnSCmUsnzIHtolduc.jpg,Semi-cerclée,0.8,0.08139026032315978
8-141-_jpg.rf.JVcWIJ6jU2yPDcQ5GwBu.jpg,Semi-cerclée,0.8,0.10800351466992665
8-141-_jpg.rf.LfEQ9t1qNisJ4hw6T0dZ.jpg,Semi-cerclée,0.8,0.06375651041666666
8-141-_jpg.rf.UkuTgQPZqFrxApyj9K6E.jpg,Percée,0.75,0.00016970973782771536
8-141-_jpg.rf.wCJmkeZVEurOor3nTBK9.jpg,Semi-cerclée,0.8,0.08187724014336918
8-142-_jpg.rf.3ifvc86G88c5BDZBudd6.jpg,Percée,0.75,0.016048073524213502
8-142-_jpg.rf.NSriINxybjQ38IZmpK9P.jpg,Semi-cerclée,0.8,0.06713979007633587
8-142-_jpg.rf.vW2ENOMFnU9GK9CcsLCi.jpg,Percée,0.75,0.018869874135233278
8-142-_jpg.rf.xXFkuUePmE32IqcyPjAi.jpg,Pleine,0.9,0.12874560080442432
8-142-_jpg.rf.Y07CcgoaTO3Hc0m0Hod0.jpg,Percée,0.75,0.02560267857142857
8-143-_jpg.rf.5mAmej0ocJ04gzHCF2uQ.jpg,Semi-cerclée,0.8,0.07877083333333333
8-143-_jpg.rf.9NS2acV60oKCKgxg0yGt.jpg,Semi-cerclée,0.8,0.06543430118110236
8-143-_jpg.rf.bcUqSwTSq1xT82pT27jp.jpg,Semi-cerclée,0.8,0.0743312891440501
8-143-_jpg.rf.hu4cyhYqZHhKr4JlPgZ5.jpg,Semi-cerclée,0.8,0.06483072916666667
8-143-_jpg.rf.jtqeyYrMFyBwhVoUKXkD.jpg,Pleine,0.9,0.1397739483545352
8-143-_jpg.rf.ksuBdp5Z3RXW5lbjhQfJ.jpg,Semi-cerclée,0.8,0.11105294243986254
8-143-_jpg.rf.Om4zhvb85qd51vLKw09w.jpg,Pleine,0.9,0.16729314946619217
8-143-_jpg.rf.qLNyXR9Zy7kBTjPnZZfR.jpg,Semi-cerclée,0.8,0.07208602729885058
8-143-_jpg.rf.zi5dcpfYDWSLVcEt9gXq.jpg,Pleine,0.9,0.2347842261904762
8-144-_jpg.rf.2phewDRk6UvRH3WiKKpZ.jpg,Pleine,0.9,0.194683001819876
8-144-_jpg.rf.aWpWeDN9P5oDqIPqK4x2.jpg,Semi-cerclée,0.8,0.06300635458952092
8-144-_jpg.rf.nvO6kXSTsaxvHKc0fL5w.jpg,Semi-cerclée,0.8,0.08483885357421657
8-144-_jpg.rf.SEgc0ptsx6ReIlv4h6PL.jpg,Semi-cerclée,0.8,0.09502083333333333
8-144-_jpg.rf.SMsn232Gr4QXybQip74o.jpg,Semi-cerclée,0.8,0.09796782217942546
8-144-_jpg.rf.YzYGwTerf9DiuWn93Gs7.jpg,Pleine,0.9,0.1759717200413223
8-144-_jpg.rf.zfcUdl8tDgiYhCott14o.jpg,Semi-cerclée,0.8,0.09738860865910046
8-145-_jpg.rf.crD0PsyTRHmeSJm6dtwf.jpg,Percée,0.75,0.04128681077694236
8-145-_jpg.rf.jUjrUtRGqiZ8JGLRqVL9.jpg,Percée,0.75,0.03686721183800623
8-145-_jpg.rf.XEjT5JqgtGMGlvPV7Q9J.jpg,Percée,0.75,0.04272399749373434
8-146-_jpg.rf.AIL69sgYw7hWbH3o5XNq.jpg,Pleine,0.9,0.1626953125
8-146-_jpg.rf.enH6oNqsvDa1oVXh63Rs.jpg,Pleine,0.9,0.21527669270833333
8-146-_jpg.rf.eSpl8f70ZtS7p13PAsAM.jpg,Pleine,0.9,0.1807585685483871
8-146-_jpg.rf.I6hg7VecFXeYWlyN8qV9.jpg,Pleine,0.9,0.22705282426778242
8-146-_jpg.rf.NyP15ZDbLJhzUo0sdCnW.jpg,Pleine,0.9,0.2324066091954023
8-146-_jpg.rf.QhJ5YNrW5visKXYEv7Ll.jpg,Pleine,0.9,0.19824032026768643
8-146-_jpg.rf.TW01Sx9cF6ZUkAi31YxA.jpg,Pleine,0.9,0.291806640625
8-146-_jpg.rf.Wc5TiskCKhmC9uRsm06a.jpg,Pleine,0.9,0.15989007190265486
8-146-_jpg.rf.wO1Nfk6iHi6PynFfkS58.jpg,Pleine,0.9,0.15965687639198217
8-147-_jpg.rf.d0PLFIzPAqWZJVhPwVBM.jpg,Semi-cerclée,0.8,0.10413396516965102
8-147-_jpg.rf.e7CkdMND2EApV9Ssq9LB.jpg,Pleine,0.9,0.1292309095885412
8-147-_jpg.rf.efZzNBEgShjajzv6SiPa.jpg,Pleine,0.9,0.18993235957259091
8-147-_jpg.rf.JVj4d6GQR8Fm9Hnu4qj4.jpg,Semi-cerclée,0.8,0.06389638626480731
8-147-_jpg.rf.MiC7PWZmQDj8pVbqR0WQ.jpg,Semi-cerclée,0.8,0.09485906652972727
8-147-_jpg.rf.oYLNOS7iMtBDP79oBLFF.jpg,Semi-cerclée,0.8,0.08799160744915462
8-147-_jpg.rf.paM8zEYpGupBCnY77phA.jpg,Pleine,0.9,0.14155350353068985
8-147-_jpg.rf.wOJIGg3GmG74bCowHDXa.jpg,Pleine,0.9,0.20209228515625
8-147-_jpg.rf.xaMYgb2o7phruhMHc5Yk.jpg,Pleine,0.9,0.18389664294836708
8-148-_jpg.rf.KZw8WvMkmGugj4XHEAbV.jpg,Percée,0.75,0.006655092592592593
8-149-_jpg.rf.A7AgDjboxtRqfKHjriQm.jpg,Pleine,0.9,0.1316516064257028
8-149-_jpg.rf.JouVdGvWXMyV2c9wRpyr.jpg,Pleine,0.9,0.27003173828125
8-149-_jpg.rf.lQbiU2ycSCMWpUSPu2Qc.jpg,Pleine,0.9,0.23791748046875
8-149-_jpg.rf.n9hPIPxmBIFq66LoDTi9.jpg,Semi-cerclée,0.8,0.10748976700251889
8-149-_jpg.rf.urtktr0qlLz1Fj1DwcF9.jpg,Pleine,0.9,0.14385566086065574
8-149-_jpg.rf.Ytjgjuy78yklk3Hs4nxq.jpg,Semi-cerclée,0.8,0.1140625
8-15-_jpg.rf.C6n3zLyTtA1KbTAMqAry.jpg,Pleine,0.9,0.12952576714138894
8-15-_jpg.rf.KczZFdGNZRfNMDIXsWlD.jpg,Pleine,0.9,0.163378125
8-15-_jpg.rf.lUK4786J3Be53Y8dJVBE.jpg,Pleine,0.9,0.2543115234375
8-15-_jpg.rf.pABm6Z7xeShZnwaqIf13.jpg,Pleine,0.9,0.12357336956521739
8-15-_jpg.rf.TVKa4uYd2oB6GNaPL5H9.jpg,Pleine,0.9,0.12788240131578948
8-15-_jpg.rf.Y5d0ydk6Z6IAEZ5RyQKO.jpg,Pleine,0.9,0.21164740296803652
8-15-_jpg.rf.ydvfhdjG0QbeBrxN1ltm.jpg,Pleine,0.9,0.1633209161147903
8-150-_jpg.rf.18wlKuR7wx2vqclcrvUK.jpg,Semi-cerclée,0.8,0.1062502217334232
8-150-_jpg.rf.ACbn0oe88yuFdOVw2wTU.jpg,Semi-cerclée,0.8,0.07162069229005884
8-150-_jpg.rf.BBfxYGPxtvvvKxoz78cu.jpg,Semi-cerclée,0.8,0.08083028083028083
8-150-_jpg.rf.EbJIRmyE4gIVESZbG3jp.jpg,Pleine,0.9,0.14281635619364025
8-150-_jpg.rf.IVGC3Dx86t0JFYFeUiPV.jpg,Pleine,0.9,0.14692992035411115
8-150-_jpg.rf.mBrW01AZEeVqZ69L9Ezg.jpg,Pleine,0.9,0.1460681244743482
8-150-_jpg.rf.RDsqeMubb7V888V3R9ke.jpg,Semi-cerclée,0.8,0.06316298323733267
8-150-_jpg.rf.WSZyZhVHFEtzMl95Tfzn.jpg,Pleine,0.9,0.17117296338987414
8-150-_jpg.rf.zVP44TEnMGoWytSfatyw.jpg,Pleine,0.9,0.18850625
8-151-_jpg.rf.4DNx7ccB5jWkAjXfWyyl.jpg,Pleine,0.9,0.28739013671875
8-151-_jpg.rf.5L7ixOYeeZ5hJchnc8Ha.jpg,Semi-cerclée,0.8,0.11004098360655738
8-151-_jpg.rf.74EedT1MkNwwDTQpZoEU.jpg,Pleine,0.9,0.18282507545271628
8-151-_jpg.rf.h5Dg6gGnm8Taz4GcGayC.jpg,Pleine,0.9,0.15235950100806453
8-151-_jpg.rf.hLEgLxpIoMFzLQqHFTnY.jpg,Pleine,0.9,0.16975771869639794
8-151-_jpg.rf.mk3s1Lte9VaxpZ0fXzIw.jpg,Pleine,0.9,0.19856800225733634
8-151-_jpg.rf.psTzXep41lLaKYcut6CI.jpg,Pleine,0.9,0.18813783212560387
8-151-_jpg.rf.vYs1f5yGU6mSyfeiZhf6.jpg,Pleine,0.9,0.19546430067001674
8-151-_jpg.rf.xFMfhB53u9BCEfnhb5Az.jpg,Semi-cerclée,0.8,0.10541914682539683
8-152-_jpg.rf.0GRSewtMJNd5vjthxoVC.jpg,Pleine,0.9,0.1959075
8-152-_jpg.rf.GemCZR8LrHvAmFtCejrc.jpg,Semi-cerclée,0.8,0.09655088062622309
8-152-_jpg.rf.Hhl8R88y4E3bNxXNc3rc.jpg,Semi-cerclée,0.8,0.06045058139534884
8-152-_jpg.rf.KcAHUrDspZnMJ2rSIDsB.jpg,Pleine,0.9,0.16968694885361552
8-152-_jpg.rf.wdKjcYGrk16clXA5IoPV.jpg,Semi-cerclée,0.8,0.058784623579545454
8-152-_jpg.rf.ZdYkNUlu5XpLaqC0tsRd.jpg,Pleine,0.9,0.1917862158908507
8-152-_jpg.rf.zv8WG9zM7YlR4vYyVLp6.jpg,Semi-cerclée,0.8,0.08211588541666667
8-153-_jpg.rf.34ATEe9ZLHfeyiIZdz67.jpg,Percée,0.75,0.03524129746835443
8-153-_jpg.rf.9iR8vP32d74VMmz9WcOz.jpg,Percée,0.75,0.04784048507462686
8-153-_jpg.rf.dI67Y9UwF4CuEkfVnNzp.jpg,Percée,0.75,0.021144411262798635
8-153-_jpg.rf.iUPBn3PW5pouN3BMr7TM.jpg,Percée,0.75,0.013707696506550219
8-153-_jpg.rf.TqbRUWVTrpj6oXFvljRi.jpg,Pleine,0.9,0.1299865831842576
8-153-_jpg.rf.vC0hLzkJqpJ7C2SYugEb.jpg,Pleine,0.9,0.13062285591766723
8-153-_jpg.rf.YOAUUr4B3tBF6Swv7x2x.jpg,Pleine,0.9,0.13223785026269702
8-154-_jpg.rf.1DiVuYvvMIQNwh678bgz.jpg,Pleine,0.9,0.2339125
8-154-_jpg.rf.2jLF8psLg4JE5sHgKKbJ.jpg,Pleine,0.9,0.15108201291079812
8-154-_jpg.rf.dXLZpcOhWirEOSpuvllg.jpg,Pleine,0.9,0.23877992021276595
8-154-_jpg.rf.K3tZrmH8Lv9n0W1Ll7gd.jpg,Pleine,0.9,0.20252546689303905
8-154-_jpg.rf.n3jmuYmD14UFw0PyzHeV.jpg,Pleine,0.9,0.2601220623987034
8-154-_jpg.rf.nubsgFrL50KECyrn8S0s.jpg,Pleine,0.9,0.22117003367003368
8-154-_jpg.rf.SHiORhGBKgYQ518QJiLC.jpg,Pleine,0.9,0.17674319727891155
8-154-_jpg.rf.SSHvWQy5lCLb6Z3OpK9i.jpg,Pleine,0.9,0.2316843220338983
8-154-_jpg.rf.vciSzBnPBgnLtnJQJKi8.jpg,Pleine,0.9,0.20109394408245984
8-155-_jpg.rf.3jF4TjhTFeNg8i45N1J1.jpg,Semi-cerclée,0.8,0.10836541342984256
8-155-_jpg.rf.bXKLMQtXZ2gxnUHEwQ02.jpg,Semi-cerclée,0.8,0.0658085808580858
8-155-_jpg.rf.plRKKi4zJTjnNyymQO74.jpg,Percée,0.75,0.03473959681361976
8-155-_jpg.rf.QcdGr7PByqvE7SYeCiur.jpg,Semi-cerclée,0.8,0.08574910394265232
8-155-_jpg.rf.VcOwZUrDYmcxK2vAqIsv.jpg,Semi-cerclée,0.8,0.11832858499525166
8-156-_jpg.rf.c7pD6PGbHkNuvob29JDy.jpg,Pleine,0.9,0.22707174085850557
8-156-_jpg.rf.DK0QlyqTFYMaGjGGXNGc.jpg,Pleine,0.9,0.16004506641366223
8-156-_jpg.rf.g0RfY1jYevZCKuLzGrof.jpg,Pleine,0.9,0.163603515625
8-156-_jpg.rf.ldIiECioQWzKelBap1Jv.jpg,Semi-cerclée,0.8,0.10240966796875
8-156-_jpg.rf.OQukGKoOtp9otzj58rWR.jpg,Pleine,0.9,0.2559716796875
8-156-_jpg.rf.Q5hFDpkpxeMWaOrQSR1c.jpg,Semi-cerclée,0.8,0.0975537109375
8-156-_jpg.rf.Xs9uTGsNWgpRJ2U7EzX1.jpg,Semi-cerclée,0.8,0.0690676510989011
8-157-_jpg.rf.6Y4146EFFEpCaQqhCW6Y.jpg,Semi-cerclée,0.8,0.11800541516245487
8-157-_jpg.rf.bGaxqIlxNng5w8qOB0fb.jpg,Pleine,0.9,0.188947770979021
8-157-_jpg.rf.EmGbuNRqDuy7rKkVsKE6.jpg,Pleine,0.9,0.25027099609375
8-157-_jpg.rf.oGZpzsglcbcMx5E0N0nS.jpg,Percée,0.75,0.027360474006116207
8-157-_jpg.rf.TX0wfNfU6QCeP8AhMOZm.jpg,Pleine,0.9,0.24026323891625614
8-157-_jpg.rf.wcW7tB6i8bRzJSFQKKxu.jpg,Semi-cerclée,0.8,0.06218255277044855
8-157-_jpg.rf.WKLdQmXoplZYWKKvCTKm.jpg,Percée,0.75,0.03627683080808081
8-158-_jpg.rf.0aCvsWiYVq2L6jzYOeDY.jpg,Pleine,0.9,0.135546875
8-158-_jpg.rf.1PhcLVVVKHShesc0NsrA.jpg,Semi-cerclée,0.8,0.08502630260521042
8-158-_jpg.rf.85bIWVqko2VGA1TEQTSf.jpg,Percée,0.75,0.026905293367346938
8-158-_jpg.rf.d90zvaxHMdtnJIR7wUkh.jpg,Percée,0.75,0.044816125690607736
8-158-_jpg.rf.dHp9j9Q20lNmS0NTBRE9.jpg,Semi-cerclée,0.8,0.09180515414258189
8-158-_jpg.rf.u33ZU0cB23SPZfjXmMDw.jpg,Percée,0.75,0.03184652928416486
8-158-_jpg.rf.WjtyJUpzccCCBtVzRzOS.jpg,Semi-cerclée,0.8,0.0576280847639485
8-159-_jpg.rf.3yAc9te1P7fkHLAEamAz.jpg,Pleine,0.9,0.13193048576214406
8-159-_jpg.rf.4LF3WGEc2TTEdFgasDrN.jpg,Semi-cerclée,0.8,0.059322161835748795
8-159-_jpg.rf.6QIwFtTxO7BQIrMjVZqr.jpg,Percée,0.75,0.036382850241545896
8-159-_jpg.rf.br3gTuguSKeD75E3J6Jx.jpg,Pleine,0.9,0.21663309736086017
8-159-_jpg.rf.FztRasqwRcAoZbOTYweh.jpg,Semi-cerclée,0.8,0.0660423344017094
8-159-_jpg.rf.s8J5414xHrmN3pxQEoat.jpg,Semi-cerclée,0.8,0.0657947744014733
8-159-_jpg.rf.SFYt7TtvoIKeIFTNU1XO.jpg,Percée,0.75,0.01772402108433735
8-159-_jpg.rf.TX6fiouBV7G0inPN6H1Z.jpg,Pleine,0.9,0.15699481865284975
8-159-_jpg.rf.yuL7GT5OU0imoiVaqlFE.jpg,Pleine,0.9,0.14445970695970695
8-16-_jpg.rf.41Ec8lAvtJQcHLvS1kvC.jpg,Pleine,0.9,0.2099921875
8-16-_jpg.rf.ACGQ0O7k1zo3Xf6QJbOK.jpg,Semi-cerclée,0.8,0.06633116883116884
8-16-_jpg.rf.kCfZs0JFnUYEdDrmu20a.jpg,Semi-cerclée,0.8,0.07042014613778706
8-16-_jpg.rf.qemlETNJlkmlCYh63a2b.jpg,Pleine,0.9,0.1564254679144385
8-16-_jpg.rf.wPqUiWkN8slelOKwsIZb.jpg,Pleine,0.9,0.17881146452575025
8-16-_jpg.rf.yEdoCn9QRYIJKKwSEJL9.jpg,Pleine,0.9,0.13365338740458016
8-16-_jpg.rf.yqYjbaRdnRrGlYw7yLHp.jpg,Semi-cerclée,0.8,0.06776125866050808
8-160-_jpg.rf.kHW9QWEo4aTxYNTecCIu.jpg,Percée,0.75,2.281021897810219e-05
8-160-_jpg.rf.segRV9PpL7rohdsvLT5w.jpg,Percée,0.75,0.009939467312348668
8-160-_jpg.rf.yDsPWD3SWp9bUrl9FbHj.jpg,Percée,0.75,0.03623511904761905
8-161-_jpg.rf.5vIJrVsv0HAIEEba1cDt.jpg,Semi-cerclée,0.8,0.10437312643272792
8-161-_jpg.rf.A3ucDRrZthW0eJVX4rJT.jpg,Semi-cerclée,0.8,0.09061638327205883
8-161-_jpg.rf.c3dIYPuZvlezXu6FHDzb.jpg,Semi-cerclée,0.8,0.08403047211313716
8-161-_jpg.rf.Cduo4sAy9aphZKPJ2gSI.jpg,Percée,0.75,0.038327569169960475
8-161-_jpg.rf.ceaixIiTa7MgGJS6UX2H.jpg,Semi-cerclée,0.8,0.06854691885785717
8-161-_jpg.rf.cv8mOpBaF54gvcd3E6j4.jpg,Pleine,0.9,0.1441763816925734
8-161-_jpg.rf.mIQJ7ZS9RJZrW76C3zhj.jpg,Percée,0.75,0.010434583190001148
8-161-_jpg.rf.Oqe1BVDjpDnKBfcPxEpu.jpg,Percée,0.75,0.015535458452722063
8-161-_jpg.rf.wX1BPFBXPug7TeSfmRz7.jpg,Semi-cerclée,0.8,0.05612228260869565
8-162-_jpg.rf.beNBB29PsLnVzkT5nOCh.jpg,Pleine,0.9,0.1797591039279869
8-162-_jpg.rf.FWYYyZJUS8Rs9FpXXM6P.jpg,Pleine,0.9,0.16904531786941582
8-162-_jpg.rf.G3A1G1aOU6EJ5D4Pk0oi.jpg,Semi-cerclée,0.8,0.08536811440677966
8-162-_jpg.rf.Ig3Hem06BXeLiJ7t916x.jpg,Semi-cerclée,0.8,0.06216151531728665
8-162-_jpg.rf.RD8t9NOSu2qA3EPZOHvS.jpg,Semi-cerclée,0.8,0.08827978971962616
8-162-_jpg.rf.svvfwf2KkcQvWW4637a3.jpg,Pleine,0.9,0.20858841723549487
8-162-_jpg.rf.wIyKphKce07KUQeYRw6M.jpg,Pleine,0.9,0.12687442236598892
8-162-_jpg.rf.XUVF2gwKDdpU8hr2FREU.jpg,Semi-cerclée,0.8,0.058486328125
8-162-_jpg.rf.zaQN6JoUYwMJGvTLDVsu.jpg,Pleine,0.9,0.1801075
8-163-_jpg.rf.7nbI9v32DmouqTDA16eT.jpg,Percée,0.75,0.02131109022556391
8-163-_jpg.rf.B1WN7eivanbH94ygQX6V.jpg,Pleine,0.9,0.15396789452495974
8-163-_jpg.rf.cfkimWolPeaDX1FZuuGN.jpg,Semi-cerclée,0.8,0.06795629980079682
8-163-_jpg.rf.DYgyER0r46h9AYAa7r6F.jpg,Semi-cerclée,0.8,0.05601468373493976
8-163-_jpg.rf.J5Zd5UqHTQDu6uZsM0Mr.jpg,Pleine,0.9,0.14036412078152752
8-163-_jpg.rf.jDeXSfoyJPfdZh7urzxN.jpg,Pleine,0.9,0.15018582495812396
8-163-_jpg.rf.OypYqJYenR1dKTZnM2zE.jpg,Pleine,0.9,0.15407455787781352
8-163-_jpg.rf.pjnay6M0tYgtDJ0XYfKF.jpg,Semi-cerclée,0.8,0.09659926470588236
8-163-_jpg.rf.Z3lkwCIkpH1b653I8uBX.jpg,Pleine,0.9,0.20608393719806764
8-164-_jpg.rf.afPFRulzkcPr0XPbZSWM.jpg,Pleine,0.9,0.1640484865470852
8-164-_jpg.rf.CIxU7sdIszO4mf6xACNB.jpg,Pleine,0.9,0.23265697337962962
8-164-_jpg.rf.EVIJmMwZ1Hu4UYoWXtxc.jpg,Semi-cerclée,0.8,0.11729254201680672
8-165-_jpg.rf.2OouxPwjB7fWnRXm43QP.jpg,Semi-cerclée,0.8,0.09942617866004963
8-165-_jpg.rf.9RL8EyOyf8COWxLxZvTc.jpg,Pleine,0.9,0.15764709357277884
8-165-_jpg.rf.aMjdoamL1CSG5KNKZyt7.jpg,Semi-cerclée,0.8,0.10931699535962877
8-165-_jpg.rf.bJk3fuWcnB8QexYEBW1Q.jpg,Semi-cerclée,0.8,0.08567134268537074
8-165-_jpg.rf.FnE3Gnl0JD94S5v9gC6Z.jpg,Semi-cerclée,0.8,0.053877180232558136
8-165-_jpg.rf.HCUESd7dtFnGMN9ENpaR.jpg,Semi-cerclée,0.8,0.06913669517102616
8-165-_jpg.rf.W9sj1NmoQMMh5dvSTps7.jpg,Pleine,0.9,0.12055129716981132
8-165-_jpg.rf.WlACSgzP6QbYrdXcpInK.jpg,Pleine,0.9,0.1551814115308151
8-165-_jpg.rf.wZEC6wA2AfJXkmXjQlk7.jpg,Semi-cerclée,0.8,0.1062227787456446
8-166-_jpg.rf.IBUbJ3gp6k065qr7oQMu.jpg,Pleine,0.9,0.15804933562992127
8-166-_jpg.rf.m8SjrK05FvIVIBiV8faK.jpg,Pleine,0.9,0.136290625
8-166-_jpg.rf.Mq7IyqkNSfS81XpSIPSC.jpg,Pleine,0.9,0.13886490758754863
8-166-_jpg.rf.qRE7FcsaI4jT9FuD9wUE.jpg,Pleine,0.9,0.22865901898734178
8-166-_jpg.rf.U2boMoqhzDYBWYn2qcHE.jpg,Pleine,0.9,0.1715691272430669
8-166-_jpg.rf.v5VEwBSXmRfx40UhV5mj.jpg,Pleine,0.9,0.1524511383161512
8-166-_jpg.rf.XYe80MVI7EqL5KNwF6qn.jpg,Semi-cerclée,0.8,0.0829237759643917
8-167-_jpg.rf.4e46CZfP8p5gOkQ6c118.jpg,Pleine,0.9,0.16597310799319728
8-167-_jpg.rf.Dm6IginizEiUXoC6pIeg.jpg,Semi-cerclée,0.8,0.06148380753005361
8-167-_jpg.rf.k9fmqMqr9YkJlIx2hhzD.jpg,Percée,0.75,0.030794511070110702
8-167-_jpg.rf.ka8bl55beCmOBJoOiT7M.jpg,Semi-cerclée,0.8,0.08135492286751361
8-167-_jpg.rf.L70cb6jOe3mQI6m2uOYG.jpg,Pleine,0.9,0.15272867244525548
8-167-_jpg.rf.PcmT8WxNAfJtaRNXhZBT.jpg,Semi-cerclée,0.8,0.07120726495726495
8-167-_jpg.rf.pVUHurce2eKMLSqFDOp1.jpg,Pleine,0.9,0.12952768729641695
8-167-_jpg.rf.qplIhw7GLSmSY2p17lQ7.jpg,Percée,0.75,0.033407223183391004
8-167-_jpg.rf.yrVvyg2QheCkDppGSTRo.jpg,Semi-cerclée,0.8,0.07498401534526854
8-168-_jpg.rf.4VcFEtx3Wn10539AkicR.jpg,Pleine,0.9,0.21956787109375
8-168-_jpg.rf.7nWZNg98P1QhPsKf1WbN.jpg,Percée,0.75,0.026412866071310093
8-168-_jpg.rf.9fakjyizsHvNyvbRU5Wi.jpg,Percée,0.75,0.015059599829714772
8-168-_jpg.rf.9HDlieEzrTxXVMNcnbyw.jpg,Semi-cerclée,0.8,0.05511766194331984
8-168-_jpg.rf.BD7Hudl7cIEFgs5XPKtR.jpg,Semi-cerclée,0.8,0.09134521484375
8-168-_jpg.rf.dwgMFLdZxtD2Dkyt3HGA.jpg,Pleine,0.9,0.141904296875
8-168-_jpg.rf.gn6cmEH3ld1xWjIUB8ZA.jpg,Pleine,0.9,0.15812030467445742
8-168-_jpg.rf.hmdOywlhBr8Cbj3gyPPI.jpg,Percée,0.75,0.013955788248981965
8-168-_jpg.rf.qvuT4P86vh0L9pTH8kRc.jpg,Percée,0.75,0.01857934857934858
8-169-_jpg.rf.3Afb5IKKJdjnAErBHDgM.jpg,Percée,0.75,0.0
8-169-_jpg.rf.Hfr3kpcVYSps2d70cOaR.jpg,Percée,0.75,0.0026418242491657398
8-169-_jpg.rf.n5JC98F35jqvn1MNL6I4.jpg,Percée,0.75,0.0053402517198248905
8-169-_jpg.rf.NKxLsy5Iymy7fFSkhzm8.jpg,Pleine,0.9,0.1811517764324589
8-169-_jpg.rf.qZixyAgGn9ALbAKGguAQ.jpg,Percée,0.75,0.0469501059244649
8-169-_jpg.rf.sJXoY9WDnvQNnSypyC9n.jpg,Semi-cerclée,0.8,0.07681570022334354
8-169-_jpg.rf.zZFp529kqZ0ssc8FRKZ3.jpg,Percée,0.75,0.011944250871080139
8-17-_jpg.rf.aF4XCq9j41aGTMZ7w39s.jpg,Pleine,0.9,0.143418759828297
8-17-_jpg.rf.Jaj4Ht7QYNKSFsTookXE.jpg,Pleine,0.9,0.2772063193343899
8-17-_jpg.rf.m7Lr6JLy1BK6muUmP98K.jpg,Pleine,0.9,0.2044202450828957
8-17-_jpg.rf.njfMPAjxrHJP4Lr8tv3x.jpg,Pleine,0.9,0.16122738868274583
8-17-_jpg.rf.OdeU2XCNAFpVUnmpHsyb.jpg,Pleine,0.9,0.2699864566613162
8-17-_jpg.rf.oMD9r8Rh1l37s6s4JxAw.jpg,Pleine,0.9,0.17833004468032024
8-17-_jpg.rf.qNF4ojbI85DLH1ma9wUd.jpg,Pleine,0.9,0.13290036900369004
8-17-_jpg.rf.RIiXIGOgWv3QmbQ7GLqM.jpg,Pleine,0.9,0.2792431640625
8-170-_jpg.rf.2GbIPhugIqB914a5wIkN.jpg,Pleine,0.9,0.16064871108949416
8-170-_jpg.rf.4xf47sOV9PniW5OPDtOB.jpg,Semi-cerclée,0.8,0.07929839505933828
8-170-_jpg.rf.52yLjibaCIALJAogbOXv.jpg,Semi-cerclée,0.8,0.07933009941204118
8-170-_jpg.rf.hWHS5cB29vWix15lqXay.jpg,Semi-cerclée,0.8,0.08243060526525094
8-170-_jpg.rf.LxWJA5vaU9PX8xC66en3.jpg,Pleine,0.9,0.1268841911764706
8-170-_jpg.rf.pZqhpJ5ad1YMliH78pwm.jpg,Semi-cerclée,0.8,0.11624169829222011
8-170-_jpg.rf.RO6HBjxrHwp33wnlZBdL.jpg,Semi-cerclée,0.8,0.1110283836689038
8-170-_jpg.rf.VVws3ZAXN5WEIgxDvguK.jpg,Pleine,0.9,0.16751578282828283
8-170-_jpg.rf.xZii6Kx2tHbfpdIyE94m.jpg,Semi-cerclée,0.8,0.11879776200873363
8-171-_jpg.rf.AB2aaTsIm2m3IgHGJQck.jpg,Percée,0.75,0.03946220930232558
8-171-_jpg.rf.Af2VRzY6EFX49WqQmTG3.jpg,Pleine,0.9,0.16498076026119404
8-171-_jpg.rf.BR2aGJCDlKm5GZqWyxMB.jpg,Semi-cerclée,0.8,0.07206210609243698
8-171-_jpg.rf.JXwUlL3Gcbd3HY6Z6X6k.jpg,Pleine,0.9,0.13003114261168386
8-171-_jpg.rf.qDL3l7qN0uUEsuaBp4Pp.jpg,Pleine,0.9,0.21724970143312103
8-171-_jpg.rf.sIL8aRR2rCbxOhmYKS1A.jpg,Pleine,0.9,0.1878759765625
8-171-_jpg.rf.T7xbusTGKF0kTHpOBjAW.jpg,Semi-cerclée,0.8,0.059092207495429615
8-172-_jpg.rf.hvkYpHe6BLMZ9DBMalqW.jpg,Semi-cerclée,0.8,0.08226227426636569
8-172-_jpg.rf.jBpOs7HHQLryb2iHqEaA.jpg,Semi-cerclée,0.8,0.07390768348623854
8-172-_jpg.rf.KcXUFXeCFm0OzQmDXU8l.jpg,Pleine,0.9,0.17255859375
8-172-_jpg.rf.KjuCycPdE22QYYzCzIDb.jpg,Pleine,0.9,0.1774415610142631
8-172-_jpg.rf.QjeDAvMlzYQSOicLGWKA.jpg,Semi-cerclée,0.8,0.053862147177419356
8-172-_jpg.rf.RHUXHLR0k5y1mJieQSRH.jpg,Percée,0.75,0.04062864219114219
8-172-_jpg.rf.sJAsxh5bG9HjPLEqz2oe.jpg,Pleine,0.9,0.1629364991103203
8-172-_jpg.rf.sVg3o4rshaqThVAoYyWU.jpg,Semi-cerclée,0.8,0.060308975563909774
8-172-_jpg.rf.Ydf7TX9cRHbgt2p8twrI.jpg,Pleine,0.9,0.12570727482678984
8-173-_jpg.rf.2dPqyVCQoGdtFllOuDCf.jpg,Semi-cerclée,0.8,0.10540540540540541
8-173-_jpg.rf.8yEONid2Vl8gxERvWeKU.jpg,Percée,0.75,0.04121143958868895
8-173-_jpg.rf.dvIf03PJ1IRlNmAqAEae.jpg,Percée,0.75,0.01775368679775281
8-173-_jpg.rf.gfam3JZqrAvVpR2rK4DD.jpg,Pleine,0.9,0.21164906103286385
8-173-_jpg.rf.mk7Jc1LMrLQlx9NTrY61.jpg,Semi-cerclée,0.8,0.08720833333333333
8-173-_jpg.rf.S4c8aZwF6XR5o31XWigw.jpg,Pleine,0.9,0.20679203956500813
8-173-_jpg.rf.vBoP7s5tiFd2ezIZe4lf.jpg,Percée,0.75,0.017405615482233502
8-173-_jpg.rf.vgF7BFWIs056oEfnCS8L.jpg,Percée,0.75,0.00752023381294964
8-173-_jpg.rf.wOdeEqFclapNxZ1ogXQz.jpg,Semi-cerclée,0.8,0.06938677226027397
8-174-_jpg.rf.2nQVBGmvlJh97qzd5Yom.jpg,Semi-cerclée,0.8,0.10501882530120482
8-174-_jpg.rf.Gjpp8UrBdLSyPDSPzZQZ.jpg,Pleine,0.9,0.1649604569420035
8-174-_jpg.rf.LNO6HQXJ8tjFRJWXTvKw.jpg,Pleine,0.9,0.1622642455858748
8-174-_jpg.rf.ND2kPQERreoz9AoNOS5F.jpg,Pleine,0.9,0.1583799483648881
8-174-_jpg.rf.SAZ9axZYG9GeIA1ws333.jpg,Pleine,0.9,0.21468650950871632
8-174-_jpg.rf.XbKyf6fMHbRXCIJscgs9.jpg,Pleine,0.9,0.241962890625
8-174-_jpg.rf.ZfiCtPRtsQRULuNws6wi.jpg,Semi-cerclée,0.8,0.11677603270223752
8-175-_jpg.rf.9gT4gtVuLmexZ9pUGABv.jpg,Percée,0.75,0.03921837885985748
8-175-_jpg.rf.DA1O8P1mwyJsq1alBKLj.jpg,Pleine,0.9,0.12451478743068392
8-175-_jpg.rf.hMIh0ZJrUit2Ij9ppJsF.jpg,Semi-cerclée,0.8,0.08898002103049421
8-175-_jpg.rf.HPzZWarWHz3apQa3uv76.jpg,Percée,0.75,0.03949342105263158
8-175-_jpg.rf.uzJZjzW6T0yf1b945iwc.jpg,Percée,0.75,0.03190069628647215
8-175-_jpg.rf.XkS5uKnVBwbRk5aW8AKE.jpg,Pleine,0.9,0.20469970703125
8-175-_jpg.rf.yLeE01vqENmeVerfSBOz.jpg,Semi-cerclée,0.8,0.06526662844036697
8-176-_jpg.rf.aN3L3fCN8JScs9ROTPE0.jpg,Semi-cerclée,0.8,0.06806687801932366
8-176-_jpg.rf.bEY4wTQ3bAfAVsQ0zV6L.jpg,Pleine,0.9,0.2311583795562599
8-176-_jpg.rf.D6ZgItKPjgaLMpz1aLAG.jpg,Semi-cerclée,0.8,0.10855496453900709
8-176-_jpg.rf.H4fL4GjurA1qVyxeGuTC.jpg,Semi-cerclée,0.8,0.06750801282051282
8-176-_jpg.rf.O5dSiWT1CqJDNuJEuryb.jpg,Pleine,0.9,0.1694673559479554
8-176-_jpg.rf.OucGnNoGCsKTWakZDPDN.jpg,Pleine,0.9,0.15125
8-176-_jpg.rf.Pcw5TSNPFf8TqSECOe3Z.jpg,Semi-cerclée,0.8,0.06839864417989418
8-176-_jpg.rf.uiGLk1U0PwrgA1HWUyar.jpg,Pleine,0.9,0.17791827749140893
8-176-_jpg.rf.zN3ZzPEuuyrNPQOHkgbW.jpg,Semi-cerclée,0.8,0.08674988677536231
8-177-_jpg.rf.9MWTjspggs0DtHNE7OfB.jpg,Semi-cerclée,0.8,0.07143397177419354
8-177-_jpg.rf.bNby0TTJPUGWrGFv8OKn.jpg,Pleine,0.9,0.1772075177935943
8-177-_jpg.rf.cJxGFt5slyxQb8DZ9lcA.jpg,Semi-cerclée,0.8,0.05907389322916667
8-177-_jpg.rf.FToJ3DwjYENU3d2TDxee.jpg,Pleine,0.9,0.1939724099099099
8-177-_jpg.rf.gCoDBvzIFtKUdYEGf4a8.jpg,Pleine,0.9,0.214482421875
8-177-_jpg.rf.IaAmZjHdBMUQ2Q0tnH3Z.jpg,Pleine,0.9,0.1210057713963964
8-177-_jpg.rf.IF8KkNA0vO3dHWwmvbqv.jpg,Semi-cerclée,0.8,0.06644936534216335
8-177-_jpg.rf.OnzU3YapzgqszSvondX3.jpg,Pleine,0.9,0.13784330082135524
8-177-_jpg.rf.ri0Zw4E2znVpjT9uoW75.jpg,Semi-cerclée,0.8,0.11493496192893402
8-178-_jpg.rf.bfkgVwLGFbG92tl5SzcL.jpg,Semi-cerclée,0.8,0.08383311170212766
8-178-_jpg.rf.ClsjwlzhvlVAk0xNTSgh.jpg,Pleine,0.9,0.13190030602636535
8-178-_jpg.rf.ervg23Ii4LpoxlJuiWuh.jpg,Semi-cerclée,0.8,0.07145532024793388
8-178-_jpg.rf.kkNFjt5EwQd4rG43nKyC.jpg,Percée,0.75,0.004447115384615384
8-178-_jpg.rf.NnN6AT7NNkMUflG5oaX6.jpg,Semi-cerclée,0.8,0.09381833996023857
8-178-_jpg.rf.TvqdRkKZVAHbOYy3CPIB.jpg,Semi-cerclée,0.8,0.07573869163424124
8-178-_jpg.rf.TX8losM6AfdgWc8f1vhx.jpg,Percée,0.75,0.010594383445945946
8-178-_jpg.rf.YonuWWwEWZoqycgEg5nx.jpg,Semi-cerclée,0.8,0.050952560240963854
8-178-_jpg.rf.ZBCk2sfZQ1fvnARIj6is.jpg,Semi-cerclée,0.8,0.062140764508928574
8-179-_jpg.rf.5m6bCvBcDNgF1xcU6q2p.jpg,Pleine,0.9,0.1265893817204301
8-179-_jpg.rf.6QuirKdHxQbJMbKiidpy.jpg,Semi-cerclée,0.8,0.08401124338624338
8-179-_jpg.rf.f0IaO3BXf26ag0wRQIJA.jpg,Semi-cerclée,0.8,0.08643651832460733
8-179-_jpg.rf.gbgoa3u9O5X7Qg0YOcBi.jpg,Pleine,0.9,0.13939612989323844
8-179-_jpg.rf.LRHOkMLA2nSwrP1AnSBk.jpg,Pleine,0.9,0.12233979430379747
8-179-_jpg.rf.MNfx5me9uXukLJA95dlJ.jpg,Pleine,0.9,0.15127337598425197
8-179-_jpg.rf.qzDsx0Y4FOM05GyizP6K.jpg,Pleine,0.9,0.12322091584158416
8-179-_jpg.rf.vTYkbwBPsuUKLj3Gx4Ls.jpg,Pleine,0.9,0.21876771541950113
8-179-_jpg.rf.wIKTCyG347j3ICCbSjO7.jpg,Pleine,0.9,0.1506027253668763
8-18-_jpg.rf.03Gk4vkhVelIYNa2lcse.jpg,Percée,0.75,0.005432692307692308
8-18-_jpg.rf.87G3149h7gW0SbfVnD6S.jpg,Pleine,0.9,0.17726471807628524
8-18-_jpg.rf.h5pFR6XjZX4QZbFXZ13N.jpg,Semi-cerclée,0.8,0.060958014223194745
8-18-_jpg.rf.IAmzwunvvuo9d9iS4ahe.jpg,Percée,0.75,0.008779350828729281
8-18-_jpg.rf.KBJYfIwlFMaqYz1TrOqp.jpg,Semi-cerclée,0.8,0.11523645648312611
8-18-_jpg.rf.xEOJpJLqgLkXbrSjWQLt.jpg,Percée,0.75,0.04417904761904762
8-18-_jpg.rf.ZsthNx45P2eUnqinZTmG.jpg,Percée,0.75,0.017467020170681195
8-180-_jpg.rf.8GaXystERF3URfoPPj8p.jpg,Percée,0.75,0.04949562752885458
8-180-_jpg.rf.bc60gIryocbyxnDfyIgf.jpg,Percée,0.75,0.04459359140774571
8-180-_jpg.rf.DBOA28koPgHyjFvmqRiE.jpg,Semi-cerclée,0.8,0.10038882488479263
8-180-_jpg.rf.dLPe4f9DublEdQBDJNi2.jpg,Percée,0.75,0.04802756532005544
8-180-_jpg.rf.H4is1dloTq6hEMl9QbYB.jpg,Semi-cerclée,0.8,0.09038519143837481
8-180-_jpg.rf.J39kdjtLSGCl6Zn9ydYZ.jpg,Percée,0.75,0.04067000206941046
8-180-_jpg.rf.JzhgxbcVsruvEe1CtJyZ.jpg,Semi-cerclée,0.8,0.05690030581039755
8-180-_jpg.rf.N5habjEB4lv3n4GKVlS6.jpg,Pleine,0.9,0.22227294921875
8-180-_jpg.rf.Y1oZ90FqoLaCLOwX3LFj.jpg,Pleine,0.9,0.1548984375
8-181-_jpg.rf.aEEmXuB4CyPqtsczZaWT.jpg,Semi-cerclée,0.8,0.11495738636363637
8-181-_jpg.rf.ERD0URTplUmBlmvVpDdv.jpg,Pleine,0.9,0.15645491803278688
8-181-_jpg.rf.I0piQwyyEphQg3SnhrdD.jpg,Pleine,0.9,0.21733679983525536
8-181-_jpg.rf.n6PuZ80QcaK902EkMMHX.jpg,Semi-cerclée,0.8,0.11451612903225807
8-181-_jpg.rf.NifEAkUT1EvgjMsiF2ST.jpg,Pleine,0.9,0.22737306843267108
8-181-_jpg.rf.nLybdSO1gegMNzyjcMiU.jpg,Semi-cerclée,0.8,0.11803734756097561
8-181-_jpg.rf.OeJLTvSH444UO5FfY5J5.jpg,Pleine,0.9,0.19945469798657717
8-182-_jpg.rf.46l59QtrtI5xbmqDGNVF.jpg,Pleine,0.9,0.155293581838565
8-182-_jpg.rf.8liTBdQz7xEBhlMszH6k.jpg,Pleine,0.9,0.17717573924731184
8-182-_jpg.rf.hLOO7oDKQCfvLWvs5VJc.jpg,Semi-cerclée,0.8,0.10529076738609112
8-182-_jpg.rf.iCzQuTIITGdUIE1uQX7N.jpg,Semi-cerclée,0.8,0.09578125
8-182-_jpg.rf.LlIzSUp9HsrBViON4SaX.jpg,Semi-cerclée,0.8,0.0985064935064935
8-182-_jpg.rf.M8BkMjvE63prmRdARtK8.jpg,Pleine,0.9,0.2291040348101266
8-182-_jpg.rf.NR8VA4NyPE7Z0iRyDUo5.jpg,Pleine,0.9,0.1527363578680203
8-182-_jpg.rf.PTeqa0z8MGAAwuRZ2Ar6.jpg,Pleine,0.9,0.15234934367541766
8-182-_jpg.rf.XMGTPn7GXomIlYdKB1vM.jpg,Pleine,0.9,0.13939059251559252
8-183-_jpg.rf.2ltXq0JGnZ07e9VvJNeX.jpg,Pleine,0.9,0.223395
8-183-_jpg.rf.6MDiLFhMrT8w0HfOc7h5.jpg,Pleine,0.9,0.12018516553480475
8-183-_jpg.rf.6p3a4N7ufQtMXZvPm5eg.jpg,Semi-cerclée,0.8,0.05577905957943925
8-183-_jpg.rf.eRorajXFpBYIg9kMFEoP.jpg,Percée,0.75,0.044329946319018404
8-183-_jpg.rf.gowXwLHGf1d32VzcUPKz.jpg,Pleine,0.9,0.1640625
8-183-_jpg.rf.M26ZhVXnMX9WvVCqWAg3.jpg,Pleine,0.9,0.17613321245733787
8-183-_jpg.rf.nFJ85sPZPA07rg9BGkES.jpg,Semi-cerclée,0.8,0.08681613573407203
8-183-_jpg.rf.ojkwDFVdCYUwTbp1w4Or.jpg,Pleine,0.9,0.24847010433386837
8-183-_jpg.rf.QrdCCwkMoRg39Xk4oEsR.jpg,Semi-cerclée,0.8,0.08950835475578406
8-184-_jpg.rf.0hKqI4iLFWrOSg4E6Wav.jpg,Semi-cerclée,0.8,0.11174168297455969
8-184-_jpg.rf.fpixmjBLOyh19UowyI9b.jpg,Semi-cerclée,0.8,0.10411856127886324
8-184-_jpg.rf.HSiMry7RMO11HQQXt0U9.jpg,Percée,0.75,0.033678265171503956
8-184-_jpg.rf.JUniug3rgweVTLWOgG2P.jpg,Semi-cerclée,0.8,0.07184844192634561
8-184-_jpg.rf.oo0QRVAJbwGdHvc96Gsp.jpg,Percée,0.75,0.026038461538461538
8-184-_jpg.rf.vAWraSK7nDLLXX6UtubG.jpg,Pleine,0.9,0.17957642180094788
8-184-_jpg.rf.wtO1hdqa9Xovy9illN0z.jpg,Percée,0.75,0.0272671568627451
8-185-_jpg.rf.34A5LjKTthVNbbl0rJKf.jpg,Semi-cerclée,0.8,0.11978782802903407
8-185-_jpg.rf.85WVOyl1xCsVXBbKp0Ix.jpg,Semi-cerclée,0.8,0.10220566417196927
8-185-_jpg.rf.8FifwGYgenkEOJICApjl.jpg,Semi-cerclée,0.8,0.11098357310478522
8-185-_jpg.rf.b5oEq56ZLKKYl2UZ2VMW.jpg,Pleine,0.9,0.14774348706618798
8-185-_jpg.rf.jDWTeD5xl99cA8NIxVIw.jpg,Pleine,0.9,0.16133824021411844
8-185-_jpg.rf.Mo4eRSAD1RYWdSVWBTfs.jpg,Pleine,0.9,0.12527576426095177
8-185-_jpg.rf.QqXu0jRoF9MQAt04c84e.jpg,Pleine,0.9,0.16728282731539124
8-185-_jpg.rf.yduPLQUQEAGAtViGVd7m.jpg,Pleine,0.9,0.14480827626095988
8-185-_jpg.rf.zJmSKGMaslZFtz6r8jRh.jpg,Pleine,0.9,0.16557911908646003
8-186-_jpg.rf.BN6VYdqtQ2RIEt3kwo6c.jpg,Pleine,0.9,0.2108381359300477
8-186-_jpg.rf.G8i7nM22bApwJG40tj8c.jpg,Pleine,0.9,0.14183429118773946
8-186-_jpg.rf.PTW2BsNXDBczPzIRYtxO.jpg,Pleine,0.9,0.12757401315789474
8-186-_jpg.rf.qDNmvGnQyh0b1TceIVzL.jpg,Pleine,0.9,0.15762231399174073
8-186-_jpg.rf.RjJ3xjXfRJX6zNqAxLs9.jpg,Semi-cerclée,0.8,0.05378591075794621
8-186-_jpg.rf.SzCpwXaju3pWFjrVYD3B.jpg,Pleine,0.9,0.1257384417808219
8-186-_jpg.rf.v5kNYXHiT6IbcFJS7QgT.jpg,Percée,0.75,0.0418287037037037
8-186-_jpg.rf.w5kEs7i0JE2i1uige1F4.jpg,Semi-cerclée,0.8,0.05236191860465116
8-186-_jpg.rf.XU5zb7h8MrHZj3WMzfoc.jpg,Semi-cerclée,0.8,0.05732104121475054
8-187-_jpg.rf.8Z3UGxDO2qe5qOpPgMUt.jpg,Semi-cerclée,0.8,0.10987936772046589
8-187-_jpg.rf.agvucsZrOeqz8hjAthSk.jpg,Pleine,0.9,0.20834968602825746
8-187-_jpg.rf.bJi4lED8fGvgz83i9bi1.jpg,Semi-cerclée,0.8,0.11754012645914397
8-187-_jpg.rf.f5Aw00j5somzE26vDhY9.jpg,Percée,0.75,0.034742960750853244
8-187-_jpg.rf.Gv6dDUaYEBHoCgwp8625.jpg,Percée,0.75,0.03487742932862191
8-187-_jpg.rf.nKigg5ACvPPfIlluYa5q.jpg,Semi-cerclée,0.8,0.09344206204379563
8-187-_jpg.rf.RQ6yy1NU1fEfMKU49dFi.jpg,Pleine,0.9,0.14735197368421052
8-187-_jpg.rf.VpPWue2AtO89jHGNXMYM.jpg,Semi-cerclée,0.8,0.062333454457364344
8-187-_jpg.rf.wOePnZ84d5rp96mykJtp.jpg,Semi-cerclée,0.8,0.11898062730627307
8-188-_jpg.rf.2bI40KSSzhvsvDU5S9p0.jpg,Semi-cerclée,0.8,0.08955223880597014
8-188-_jpg.rf.KVw4OkuPTicHkwWqWzCs.jpg,Pleine,0.9,0.16977657004830918
8-188-_jpg.rf.t9OyGCbUxDbcJfKxDkOn.jpg,Semi-cerclée,0.8,0.11106295620437956
8-188-_jpg.rf.TJLiRfOpehOsABLF3mcY.jpg,Percée,0.75,0.0283935546875
8-188-_jpg.rf.w2FHGST35rfhiNmjSV4o.jpg,Percée,0.75,0.018514052013422818
8-188-_jpg.rf.XSrlkF78DvvjKOfqYvtz.jpg,Semi-cerclée,0.8,0.07266658790170133
8-188-_jpg.rf.yB6W4IugzVKE56L332f6.jpg,Percée,0.75,0.028221224340175953
8-189-_jpg.rf.A3RfcXsdf1nr4BM4nCsZ.jpg,Pleine,0.9,0.20204202586206896
8-189-_jpg.rf.fEZNupYJlCZJeMwzeI6E.jpg,Percée,0.75,0.029478882833787468
8-189-_jpg.rf.l8WuORP7fRzz8tIRLmOW.jpg,Pleine,0.9,0.12870535714285714
8-189-_jpg.rf.NXvbQCKEDbl5jUnMXUAd.jpg,Percée,0.75,0.04215254474272931
8-189-_jpg.rf.PzwBeSmlNILsDYU7L4CU.jpg,Semi-cerclée,0.8,0.05744552752293578
8-189-_jpg.rf.QzFp9AD9QcDJKMDTTtHn.jpg,Pleine,0.9,0.1460172134935305
8-189-_jpg.rf.tsbWO31ik5g8k65frW9m.jpg,Semi-cerclée,0.8,0.08918784981343283
8-189-_jpg.rf.vhUfFlqMJv9lOoVGFAiO.jpg,Pleine,0.9,0.16849602473498232
8-189-_jpg.rf.xiSdvyZ4JhIhINxJVk3h.jpg,Pleine,0.9,0.12263513513513513
8-19-_jpg.rf.5NmRi8tZSySPSasRPkaj.jpg,Semi-cerclée,0.8,0.07900605726872247
8-19-_jpg.rf.AJzT8ghay0lYIjl8JGM4.jpg,Pleine,0.9,0.175371891651865
8-19-_jpg.rf.cHrkRC3tpnrVVfhVn6aw.jpg,Semi-cerclée,0.8,0.07406386165577342
8-19-_jpg.rf.foH3IJFgKPESVtgCmiwK.jpg,Semi-cerclée,0.8,0.06965130023640662
8-19-_jpg.rf.yMmgyD1NcWPFnIm3HXeg.jpg,Semi-cerclée,0.8,0.10639575559701493
8-190-_jpg.rf.58dww2T2x7fl6bwAP0Hc.jpg,Percée,0.75,0.035472222222222224
8-190-_jpg.rf.cwKxRUtfUDoVgDQtvXQ7.jpg,Semi-cerclée,0.8,0.08667938468992248
8-190-_jpg.rf.HwkvUBxYpwHKLGxziVSS.jpg,Semi-cerclée,0.8,0.11180914256198347
8-190-_jpg.rf.pVYFE8y2schMgcBjoYmh.jpg,Pleine,0.9,0.1608083468395462
8-190-_jpg.rf.RfqUieEJzWafM1jpJ83E.jpg,Semi-cerclée,0.8,0.07017825178997614
8-190-_jpg.rf.S7KDI4uyDcyCmOsj7NQn.jpg,Semi-cerclée,0.8,0.057005813953488374
8-190-_jpg.rf.vKIukUfRy5CkqqTPMCjo.jpg,Semi-cerclée,0.8,0.07751443161634103
8-190-_jpg.rf.vwLcgolbDlFNmktnzLJO.jpg,Percée,0.75,0.028552872860635698
8-190-_jpg.rf.wibUgskNp6f4AjV2a4WE.jpg,Pleine,0.9,0.12358077422145329
8-191-_jpg.rf.0jsLdCjXe8MThZmBZFkf.jpg,Percée,0.75,0.002658132530120482
8-191-_jpg.rf.4UUtz4ngr1C7mLHwJiSf.jpg,Semi-cerclée,0.8,0.08669235641891893
8-191-_jpg.rf.7LGDleWim0OYQMKk5SrS.jpg,Semi-cerclée,0.8,0.11840070392491468
8-191-_jpg.rf.dNnYZh0jbBTC7YMTXn2T.jpg,Semi-cerclée,0.8,0.09287025043177893
8-191-_jpg.rf.eeL9paRz2mcLa2eMpFiN.jpg,Pleine,0.9,0.13116619809688582
8-191-_jpg.rf.LnM48lpSg180DrAnb9BE.jpg,Semi-cerclée,0.8,0.08355853505843072
8-191-_jpg.rf.M2XzrekArn0wo5rjBTBf.jpg,Pleine,0.9,0.15169542100694444
8-191-_jpg.rf.p8ZSPbjkCjoU8V1oIq04.jpg,Pleine,0.9,0.1631325
8-191-_jpg.rf.RZMRNp09PAaFB5wmbXcE.jpg,Pleine,0.9,0.16384297520661156
8-192-_jpg.rf.3WzBUI7BXPRjzKHBsnq4.jpg,Semi-cerclée,0.8,0.09708904109589041
8-192-_jpg.rf.9C4kNxx20BER0h5Avcdv.jpg,Semi-cerclée,0.8,0.08272783251231527
8-192-_jpg.rf.AQBn4mniUTDunBNOCCKq.jpg,Semi-cerclée,0.8,0.056218479827089336
8-192-_jpg.rf.H8kAgzeZK6FzGDwYQqCH.jpg,Pleine,0.9,0.16380379098360656
8-192-_jpg.rf.IJA38KxFb4avPjNC7Sd0.jpg,Pleine,0.9,0.14206912878787878
8-192-_jpg.rf.RCByf4wF47HRSXQcO4J4.jpg,Percée,0.75,0.04654428680981595
8-192-_jpg.rf.SxMNjRwaZ3bLAjyumhSj.jpg,Pleine,0.9,0.19878173828125
8-192-_jpg.rf.zzR1KBzz43D58jVBQuwY.jpg,Semi-cerclée,0.8,0.05422185430463576
8-193-_jpg.rf.joxxpSyY4QtlTrHVAWiO.jpg,Semi-cerclée,0.8,0.09286265432098766
8-193-_jpg.rf.NUoOj9Dkm0tZSBLIY9dG.jpg,Percée,0.75,0.015273085585585586
8-194-_jpg.rf.EFNwBJEXzJyjHq3IWGAd.jpg,Percée,0.75,0.043616149475524474
8-194-_jpg.rf.h4k9xDVCKFrHhZDlfGsH.jpg,Percée,0.75,0.04849646226415094
8-194-_jpg.rf.IjHWZicG9XbNO0ioNa82.jpg,Percée,0.75,0.02826522435897436
8-194-_jpg.rf.J6HP1j1sOQ3L1xdkXO1R.jpg,Pleine,0.9,0.16764561518324608
8-194-_jpg.rf.n9Gb0GXIsxQ3YVuHarp0.jpg,Semi-cerclée,0.8,0.06587943007662836
8-194-_jpg.rf.pwshFcFCQZcuebu9Nw3L.jpg,Semi-cerclée,0.8,0.07166690180586907
8-194-_jpg.rf.qlFZ9juHxMjDG5tkZ0I9.jpg,Pleine,0.9,0.12414724576271187
8-194-_jpg.rf.V6kKRA3pMBghO16eKgKh.jpg,Semi-cerclée,0.8,0.11363379963898917
8-194-_jpg.rf.yX1slpEvarq5n0mQaYlN.jpg,Pleine,0.9,0.20663330078125
8-195-_jpg.rf.7VC1WX4p0gXZLmeRib3t.jpg,Percée,0.75,0.014582705970265779
8-195-_jpg.rf.ihuV8AQnaoBCv0XBbxjK.jpg,Semi-cerclée,0.8,0.10135220204970664
8-195-_jpg.rf.ugUZxtoIHQra8rAYqMXq.jpg,Percée,0.75,0.002092889908256881
8-196-_jpg.rf.0AlR2FSjfIV3dYSqWfj5.jpg,Percée,0.75,0.008900284500017562
8-196-_jpg.rf.510I1u9ixcXnf2oh03ZC.jpg,Pleine,0.9,0.1644791654556939
8-196-_jpg.rf.Cyj42kO6Oc2nyg9nJBBJ.jpg,Percée,0.75,0.01711842446229593
8-196-_jpg.rf.FGItAYXq7pIAy6BHyQeP.jpg,Semi-cerclée,0.8,0.09722049302788845
8-196-_jpg.rf.i4mUFSPRo2m0IIqOv2oX.jpg,Pleine,0.9,0.15230189732142857
8-196-_jpg.rf.jn4sMPsdZMAMT1Kn05c1.jpg,Percée,0.75,0.010070332480818414
8-196-_jpg.rf.VCWw3GImmjyIRFxhRHSq.jpg,Percée,0.75,0.013489145658263306
8-196-_jpg.rf.wMvjQsZvPk62FncUBX5U.jpg,Semi-cerclée,0.8,0.09288914075993092
8-196-_jpg.rf.x1Dtlao4rCDoYYDtoyQF.jpg,Semi-cerclée,0.8,0.09047826086956522
8-197-_jpg.rf.KHhomyLYJomsoz33fb5a.jpg,Percée,0.75,0.015900493421052632
8-197-_jpg.rf.KoDo1Na7XgOHp8ItH9SF.jpg,Percée,0.75,0.012758928571428572
8-197-_jpg.rf.ljmk4kb2bJdG6PzepGWX.jpg,Semi-cerclée,0.8,0.09031561767880175
8-197-_jpg.rf.nZqIrTskuYfApbGq1ENl.jpg,Percée,0.75,0.029234095982142858
8-197-_jpg.rf.sfnlB3qIJQRFPEe1GlVK.jpg,Semi-cerclée,0.8,0.07808302724631325
8-197-_jpg.rf.UsCCDZT8b2e2tiR8D0aC.jpg,Percée,0.75,0.027267093575707498
8-197-_jpg.rf.XpjF738Bc0iYq0sigGE7.jpg,Semi-cerclée,0.8,0.06669062679700978
8-198-_jpg.rf.61lx1w6EpF3kkXxwKnDx.jpg,Pleine,0.9,0.2581844049520767
8-198-_jpg.rf.kTDWINgpiud4NAx3JhJN.jpg,Semi-cerclée,0.8,0.10306016597510373
8-198-_jpg.rf.Mv7CuDyShCjq3mqWeiS9.jpg,Pleine,0.9,0.18163259845890412
8-198-_jpg.rf.N1iP7mIvKrWemre8wrzb.jpg,Pleine,0.9,0.15892513736263736
8-198-_jpg.rf.XFpERlPW0fxQC7XSRIb6.jpg,Semi-cerclée,0.8,0.1064521563342318
8-199-_jpg.rf.A8vKsz53gNkBu9aSzjuZ.jpg,Percée,0.75,0.038292433537832314
8-199-_jpg.rf.cxI7D58lVFsNzZaFxU91.jpg,Pleine,0.9,0.12447295570698466
8-199-_jpg.rf.HB1x9tHJJMeWcXYOW83m.jpg,Pleine,0.9,0.15751475977198698
8-199-_jpg.rf.oZh6Jb1YWv8KFvc0iO0Z.jpg,Percée,0.75,0.026489143192488265
8-199-_jpg.rf.PnnFa86A8iZDOUyjDPo1.jpg,Semi-cerclée,0.8,0.08784879764065336
8-199-_jpg.rf.swiRAYMGYHYIOZTC6OHh.jpg,Pleine,0.9,0.1564494143780291
8-199-_jpg.rf.Y9GnSVNr4L1iPeIS3vaH.jpg,Pleine,0.9,0.12224029436860068
8-2-_jpg.rf.B9yfSRF9YD07Bjnv9s8A.jpg,Semi-cerclée,0.8,0.06186850461893764
8-2-_jpg.rf.CQfaz7WbBwYHpEbs84rM.jpg,Pleine,0.9,0.19181408898305086
8-2-_jpg.rf.CyPrQwMXkIHHBB3icPVJ.jpg,Pleine,0.9,0.15130126953125
8-2-_jpg.rf.DayFZnf4Yd0axnp3MAV7.jpg,Pleine,0.9,0.1486910120696478
8-2-_jpg.rf.EY4fX99d3BR2ASOY0xu1.jpg,Semi-cerclée,0.8,0.09735119047619048
8-2-_jpg.rf.kBLETNZ48Ap5vomvEWCD.jpg,Pleine,0.9,0.21802014802631578
8-2-_jpg.rf.LKYdvAbDexxKRjOcQiad.jpg,Semi-cerclée,0.8,0.06671875
8-20-_jpg.rf.15MParGy994nwCKTBXH3.jpg,Semi-cerclée,0.8,0.09833577473958334
8-20-_jpg.rf.cbzCRQeqxTHKSBDGB8zz.jpg,Pleine,0.9,0.14641447368421054
8-20-_jpg.rf.exdnkxKGJgckqLSJmskL.jpg,Pleine,0.9,0.13496356502242152
8-20-_jpg.rf.HwLzf0PA7fggHsjiT1Oe.jpg,Pleine,0.9,0.1570156596452328
8-20-_jpg.rf.TM88Lf71r9Jq9SRp3Vqj.jpg,Pleine,0.9,0.13288803351069853
8-20-_jpg.rf.vV2TXGD4Z0ZGXiJpvMqp.jpg,Pleine,0.9,0.21451787340619308
8-20-_jpg.rf.zdLTUc40HGqtCebnFfiP.jpg,Semi-cerclée,0.8,0.10375331860648927
8-200-_jpg.rf.mXaq06S3MD4r8vLJaAV1.jpg,Percée,0.75,0.0022945205479452057
8-200-_jpg.rf.qn2uU9nBU9TQ8xS1q8uK.jpg,Semi-cerclée,0.8,0.08651515151515152
8-200-_jpg.rf.rt7bYcMRxcj7mnjmBZDw.jpg,Pleine,0.9,0.14197567783094098
8-200-_jpg.rf.tEBXZZnfpLC558NwSq6L.jpg,Pleine,0.9,0.21987548828125
8-200-_jpg.rf.U7BP353GKn5xKQVAdRZj.jpg,Pleine,0.9,0.192685546875
8-200-_jpg.rf.V6oJ4qHzZXiuyhhOE4uN.jpg,Percée,0.75,0.03889919833729216
8-200-_jpg.rf.W1moYrwrMhYp5HP8MKLC.jpg,Percée,0.75,0.04865230044345898
8-21-_jpg.rf.4psQqOLIuBcUIKC0mxQA.jpg,Pleine,0.9,0.16770190670277213
8-21-_jpg.rf.B4w5vlkqxW98Y0CXl1S1.jpg,Pleine,0.9,0.2258720930232558
8-21-_jpg.rf.lhh282tQtDOZutntcjEs.jpg,Semi-cerclée,0.8,0.08127410025706941
8-21-_jpg.rf.LxdxMPbHgRV4fL37NAOL.jpg,Pleine,0.9,0.14091346153846154
8-21-_jpg.rf.oMQOPWzKcpfGTZH84JE5.jpg,Pleine,0.9,0.13230825201164184
8-21-_jpg.rf.pz8Nq1QdlOJnA0wG7tjw.jpg,Semi-cerclée,0.8,0.09664454277286136
8-21-_jpg.rf.sTjt4IhBzuo1z2vgk46i.jpg,Pleine,0.9,0.1457333071554786
8-22-_jpg.rf.4e6oLWmrUbiYTrfKTVrT.jpg,Semi-cerclée,0.8,0.07839330808080808
8-22-_jpg.rf.9OOXeKZssgeG9b9ZUNs8.jpg,Semi-cerclée,0.8,0.10340410685805422
8-22-_jpg.rf.boUUES3SFb1NiYr853ZN.jpg,Percée,0.75,0.026405536529680366
8-22-_jpg.rf.DBnmtRfZKx1XsiMHmQuq.jpg,Semi-cerclée,0.8,0.10906053459119497
8-22-_jpg.rf.NiJ2x7kKcNlJNRySEdtv.jpg,Pleine,0.9,0.1327890625
8-22-_jpg.rf.UcgPS8zcuX5GPTv6X0bi.jpg,Semi-cerclée,0.8,0.10519974816849817
8-23-_jpg.rf.cifFrqpEm5zh5tYD4LAk.jpg,Percée,0.75,0.030195961995249408
8-23-_jpg.rf.CRubRXYoQA5O5asE1lFb.jpg,Semi-cerclée,0.8,0.05305414677804296
8-23-_jpg.rf.EGJlBTtbZPgzD9fOVnT4.jpg,Percée,0.75,0.030467949104504614
8-23-_jpg.rf.fLRthiuxSfRUFuyg7nMk.jpg,Percée,0.75,0.031946163366336634
8-23-_jpg.rf.goUw6OQEsQLJVpOw3dGN.jpg,Semi-cerclée,0.8,0.06965583958724203
8-23-_jpg.rf.JfpZNS0L64I73FJ3GJ9K.jpg,Semi-cerclée,0.8,0.11973493303571428
8-23-_jpg.rf.VAUVs2UUBGBbaWZTKL5n.jpg,Semi-cerclée,0.8,0.08874496981891349
8-24-_jpg.rf.4Ta2gS2wkgy5YY9vEqoq.jpg,Pleine,0.9,0.2334956279809221
8-24-_jpg.rf.7uF0fKF2JNIZE4erWjw1.jpg,Pleine,0.9,0.19951266077170418
8-24-_jpg.rf.Bp7UFKkq8pKtE5g1PGPX.jpg,Pleine,0.9,0.18166258517887565
8-24-_jpg.rf.EnGIe3fbFWLkbXpSP8M1.jpg,Pleine,0.9,0.16161468687872763
8-24-_jpg.rf.QdifrFViHvz7GxZIQKJY.jpg,Pleine,0.9,0.1306375
8-24-_jpg.rf.Qo1LBhkFWlZe3MbEJTnW.jpg,Pleine,0.9,0.13513916015625
8-24-_jpg.rf.sAkeXHDGUdEdMoO7ayy9.jpg,Semi-cerclée,0.8,0.09743375267665953
8-24-_jpg.rf.tlC289MxwilPbj7Xp4WH.jpg,Percée,0.75,0.047581931554524365
8-24-_jpg.rf.xqXIVrerLCBpb297fYFY.jpg,Semi-cerclée,0.8,0.06327972113502936
8-25-_jpg.rf.6ZAzwDDLNlQu7gdJRx91.jpg,Semi-cerclée,0.8,0.10958592362344582
8-25-_jpg.rf.Buf7DJUK7WqtsdTeN1W5.jpg,Percée,0.75,0.022061505305039787
8-25-_jpg.rf.deVG5HD3mSVCHpfRjHPF.jpg,Pleine,0.9,0.12522015655577298
8-25-_jpg.rf.ekaJuYMsFb0ZTVJDKtLG.jpg,Percée,0.75,0.02298646907216495
8-25-_jpg.rf.eQL4cCH4ACkbIqldrtAy.jpg,Pleine,0.9,0.19848388671875
8-25-_jpg.rf.IqhZUoOc228muLfknk8S.jpg,Pleine,0.9,0.16223069105691057
8-25-_jpg.rf.metom4Va92EnBjVyFktE.jpg,Percée,0.75,0.016716202445652174
8-25-_jpg.rf.PPT71eFRIwuCWUJV5GLe.jpg,Percée,0.75,0.043704044117647056
8-25-_jpg.rf.yA1iZFLrInwZuB9EVTO6.jpg,Semi-cerclée,0.8,0.11330346563981043
8-26-_jpg.rf.PwGU3Rudu2LAYv4Mgr57.jpg,Semi-cerclée,0.8,0.08089947718631178
8-26-_jpg.rf.Uqz443NzF86qKBEX86xa.jpg,Pleine,0.9,0.18809633027522935
8-26-_jpg.rf.VMsyh8c2FPi0w8hYc3Hb.jpg,Semi-cerclée,0.8,0.11481402853260869
8-27-_jpg.rf.7PccdQmHltOyUTT3xy53.jpg,Pleine,0.9,0.20923394097222223
8-27-_jpg.rf.aIlC3QaZznv2cI4kJxdL.jpg,Pleine,0.9,0.23946022727272728
8-27-_jpg.rf.DOXEnzAN0fZLtNMyXyYG.jpg,Pleine,0.9,0.25270751953125
8-27-_jpg.rf.ENgrmoWlrd6jdpyUe1I8.jpg,Pleine,0.9,0.18411666666666668
8-27-_jpg.rf.GcnOrvXRJIUK7bnkkGu3.jpg,Pleine,0.9,0.2843310546875
8-27-_jpg.rf.MqxYGFFDCVxDgwufoEu1.jpg,Pleine,0.9,0.22270757299270072
8-27-_jpg.rf.RXR3XU50cg38pnaXNgBu.jpg,Pleine,0.9,0.25022216796875
8-28-_jpg.rf.6NqyX6cKcOgfImrWOEan.jpg,Percée,0.75,0.01673030546623794
8-28-_jpg.rf.7gxZvd0kZP0zJ7DG2nXn.jpg,Pleine,0.9,0.23103863441780823
8-28-_jpg.rf.C3XzJ59qfJx6YI3NV7Ly.jpg,Semi-cerclée,0.8,0.07214741983967936
8-28-_jpg.rf.IFPpP7JX8C6ONsXgR829.jpg,Semi-cerclée,0.8,0.10999800106609808
8-28-_jpg.rf.J8N4nPNtBl9gJ9FqJkVP.jpg,Pleine,0.9,0.17813366451016635
8-28-_jpg.rf.L8Xt0FH0MqKjiaYPyEDr.jpg,Semi-cerclée,0.8,0.0962352109053498
8-28-_jpg.rf.mZdTssnzEFhFJHMX1r76.jpg,Percée,0.75,0.015573299632352941
8-28-_jpg.rf.pipI1LA5G0nClq03ytZK.jpg,Percée,0.75,0.028751627604166666
8-28-_jpg.rf.ZgTjNMFuhLRK058A4qwn.jpg,Pleine,0.9,0.14890438247011953
8-29-_jpg.rf.geSohcMgPDy2JOJh3geP.jpg,Pleine,0.9,0.1457480506822612
8-29-_jpg.rf.gIIpYG0qbq88FfbhBRBM.jpg,Pleine,0.9,0.16313716159052452
8-29-_jpg.rf.gomLiqWdconQAMZliJrv.jpg,Semi-cerclée,0.8,0.10437284853700517
8-29-_jpg.rf.J4DBOILY1o9QUbPRwy9T.jpg,Semi-cerclée,0.8,0.07215686274509804
8-29-_jpg.rf.LZWTDlSjlTyawyxnXMg1.jpg,Semi-cerclée,0.8,0.08653329439252336
8-29-_jpg.rf.ojyrr9DL1HKIqwL2hvsr.jpg,Pleine,0.9,0.18806640625
8-29-_jpg.rf.po5jT4GXfK3AZhM9yVuX.jpg,Pleine,0.9,0.212255859375
8-29-_jpg.rf.tGBRWujKyJYeM8zxMFMK.jpg,Percée,0.75,0.031454359673024526
8-29-_jpg.rf.twLzvbr3bokj7cC0iUi0.jpg,Percée,0.75,0.03427610759493671
8-3-_jpg.rf.6Q4FflIi6dDfzqgfwCE1.jpg,Pleine,0.9,0.16740972222222222
8-3-_jpg.rf.drRHdSt3CGl6dYifPtge.jpg,Pleine,0.9,0.1613361515410959
8-3-_jpg.rf.jAKG7Pn5UpuZFEN87LpE.jpg,Semi-cerclée,0.8,0.09506069214876033
8-3-_jpg.rf.M4iFELeOmIuyKylpJhmV.jpg,Semi-cerclée,0.8,0.09326127283105023
8-3-_jpg.rf.MMUvYPpuQ4sF1pmX5wZC.jpg,Pleine,0.9,0.16006331319702602
8-3-_jpg.rf.p6rJIZwgGGHCx6LpeFrv.jpg,Pleine,0.9,0.1332062752016129
8-3-_jpg.rf.sDSfzfAgki5SCwzsnjdw.jpg,Percée,0.75,0.026230837264150944
8-3-_jpg.rf.vwM88zFllNaBuLUvlzCk.jpg,Pleine,0.9,0.13418007425742573
8-3-_jpg.rf.WFCQBGcUe4s1zHcV9shU.jpg,Percée,0.75,0.021637561274509803
8-30-_jpg.rf.GDtZVZ8nO5nhz0mAhKHk.jpg,Semi-cerclée,0.8,0.09665307101727447
8-30-_jpg.rf.ILZC68lTNE63NVpGI1IP.jpg,Pleine,0.9,0.192470703125
8-30-_jpg.rf.iNKjQ8GzZ4hL4TYjBCud.jpg,Percée,0.75,0.04254127358490566
8-30-_jpg.rf.lq3MNBoKquC25H81VXme.jpg,Semi-cerclée,0.8,0.07976519337016574
8-30-_jpg.rf.siizmp9ycCC0zKLP0fZm.jpg,Percée,0.75,0.03488110539845758
8-30-_jpg.rf.SLQqz8kq9rF0vRlVFVR2.jpg,Pleine,0.9,0.18455365794573644
8-30-_jpg.rf.UlsCNbATBIsaZ6YdzAb3.jpg,Pleine,0.9,0.15864065180102915
8-30-_jpg.rf.UZWjNXZBwrJs7ytIGISK.jpg,Percée,0.75,0.026683812111801243
8-30-_jpg.rf.ZZzPVF0DkUnGVXQ0mpNC.jpg,Semi-cerclée,0.8,0.07726025763358779
8-31-_jpg.rf.2hCEkXkO6ekzxf25PBhK.jpg,Semi-cerclée,0.8,0.07047134336099585
8-31-_jpg.rf.8ZDTgeQP7J1Q1MOCEcG5.jpg,Pleine,0.9,0.16113684333958725
8-31-_jpg.rf.h0ab6yxIVxxahUbK0qwB.jpg,Semi-cerclée,0.8,0.08516544117647058
8-31-_jpg.rf.igBSKOZFy1lKMu3kQKwm.jpg,Percée,0.75,0.02628066976127321
8-31-_jpg.rf.nuS9yAhYcCf4ev2B0wXO.jpg,Semi-cerclée,0.8,0.10905143805309735
8-31-_jpg.rf.qpxbzGe851oLgTMGViEO.jpg,Percée,0.75,0.022910031847133756
8-31-_jpg.rf.sE0MnXVW3CoTYfOVpxtH.jpg,Semi-cerclée,0.8,0.11299070247933884
8-32-_jpg.rf.dWtVMrpFqb9iU30G49Mk.jpg,Pleine,0.9,0.1461634526022305
8-32-_jpg.rf.HnqOuyJIvdIAMe4Gk8bl.jpg,Semi-cerclée,0.8,0.08350929054054054
8-32-_jpg.rf.NN93Q7Xir4F4RntpFL9s.jpg,Percée,0.75,0.03462635869565217
8-33-_jpg.rf.aZqjtCc1f8L9Ve3OGEj9.jpg,Semi-cerclée,0.8,0.08910845588235294
8-33-_jpg.rf.d7Iy4NydxtU0efDnJFIV.jpg,Percée,0.75,0.039913194444444446
8-33-_jpg.rf.FPQCByPPRy4FNd1GU4gO.jpg,Semi-cerclée,0.8,0.09449404761904762
8-33-_jpg.rf.PjovCVWzLRMFrthzJ3gD.jpg,Pleine,0.9,0.19678955078125
8-33-_jpg.rf.U4rRzINViaAnJBmrNHZ2.jpg,Semi-cerclée,0.8,0.11837797619047619
8-33-_jpg.rf.whwXmgT2lqsnQLv4ZSRF.jpg,Pleine,0.9,0.18245339912280703
8-33-_jpg.rf.yaYDcvuGMhUE1n7vlVpD.jpg,Percée,0.75,0.04373249299719888
8-34-_jpg.rf.8KxD4qWCGEjMV6T3ucuG.jpg,Semi-cerclée,0.8,0.058119625307125306
8-34-_jpg.rf.d09FTyV4CwwNY0wLeQxL.jpg,Pleine,0.9,0.235130993213165
8-34-_jpg.rf.gbw98E3ofDua37QRxtTc.jpg,Pleine,0.9,0.1943674062334918
8-34-_jpg.rf.Gx3E9vIFXwVYOOf1TFpw.jpg,Pleine,0.9,0.24819615843949044
8-34-_jpg.rf.pvadQjmyKYlSyh5CwK3P.jpg,Semi-cerclée,0.8,0.1159797138836773
8-34-_jpg.rf.R87KV2YnWd8OOYHYOTYR.jpg,Pleine,0.9,0.1312215909090909
8-34-_jpg.rf.rv63xbPqUmXxAUFoIXkc.jpg,Pleine,0.9,0.2131444209039548
8-35-_jpg.rf.dVGXTNNRIoZ5AqnrF8lT.jpg,Semi-cerclée,0.8,0.10760204081632653
8-35-_jpg.rf.qxBpm1x0oL2KQXcK5TAC.jpg,Pleine,0.9,0.1358576743841086
8-35-_jpg.rf.sOyngsPXmdz2Dy72A8N3.jpg,Percée,0.75,0.00293188202247191
8-36-_jpg.rf.1yhktk9q8SI5oOMz9mjX.jpg,Semi-cerclée,0.8,0.11281833616298811
8-36-_jpg.rf.mCJkfvGlZcUVneDoyU8n.jpg,Semi-cerclée,0.8,0.1137350643382353
8-36-_jpg.rf.qzEKAF0e0ZJkLt3M10MB.jpg,Semi-cerclée,0.8,0.056917569659442724
8-36-_jpg.rf.uruJORksBB2keJgVianW.jpg,Semi-cerclée,0.8,0.06392419258373205
8-36-_jpg.rf.vG6MvKffbZerz8lBcWeb.jpg,Pleine,0.9,0.13432781971580818
8-37-_jpg.rf.1jCFq9gVYt3AvLVukIA2.jpg,Pleine,0.9,0.21099853515625
8-37-_jpg.rf.3kEJtat7EMk9xmcZK2LQ.jpg,Pleine,0.9,0.14250357824427481
8-37-_jpg.rf.5ULONzS1o88Ih8jlpFEI.jpg,Pleine,0.9,0.2215087890625
8-37-_jpg.rf.D9FFgorhJvy9buqGOxNj.jpg,Pleine,0.9,0.1463338362364559
8-37-_jpg.rf.gWZqHDKd4Dpx42dEZut9.jpg,Semi-cerclée,0.8,0.11862412434325745
8-37-_jpg.rf.I1fgJcJbD3ypW6T2N1zr.jpg,Pleine,0.9,0.12834719036697248
8-37-_jpg.rf.iAGYALtjJbl6342zXu1c.jpg,Semi-cerclée,0.8,0.05509146341463415
8-37-_jpg.rf.Nt2zS4pZuqhYLde6xerI.jpg,Pleine,0.9,0.17308250414593698
8-37-_jpg.rf.sYg3ZesVLJ8RTxAegoFG.jpg,Semi-cerclée,0.8,0.09643158783783784
8-38-_jpg.rf.4dgnuWatfiB1jyguo2Hg.jpg,Semi-cerclée,0.8,0.10023786089238845
8-38-_jpg.rf.5b5JZ7GAaNKTDtBpNvbA.jpg,Pleine,0.9,0.1264828431372549
8-38-_jpg.rf.61oH6kHFxsf4aXwlrxkU.jpg,Pleine,0.9,0.25656494140625
8-38-_jpg.rf.fUhAx7XoxPmlZuJ4Z2qV.jpg,Pleine,0.9,0.14191506737443854
8-38-_jpg.rf.LIHfOqnbPpnbYh7XuZ9K.jpg,Pleine,0.9,0.1800399905904493
8-38-_jpg.rf.oHbXh5toMENTO1cR0zkP.jpg,Semi-cerclée,0.8,0.11585159632034632
8-38-_jpg.rf.QSmXhQ7JdIuRb9tjflNA.jpg,Semi-cerclée,0.8,0.11667798913043478
8-38-_jpg.rf.wV8Ab3P80WTwlATlIiKy.jpg,Semi-cerclée,0.8,0.10756392045454545
8-38-_jpg.rf.zMXLaaJtgA0g1zpqrvA1.jpg,Pleine,0.9,0.16751482213438734
8-39-_jpg.rf.6HrSwdVXZen0jj6O2WHn.jpg,Semi-cerclée,0.8,0.09625969570405728
8-39-_jpg.rf.CAlxzsBfqwF9P695pW8L.jpg,Semi-cerclée,0.8,0.07460793357933579
8-39-_jpg.rf.D4H6Ha91i8xN8HpeQSd9.jpg,Semi-cerclée,0.8,0.06941608565737052
8-39-_jpg.rf.fqjrJnPvG7S2aJt3e9M7.jpg,Percée,0.75,0.04644230769230769
8-39-_jpg.rf.HIj6dArGWW8Tu8sMM5Td.jpg,Pleine,0.9,0.12636798469387756
8-39-_jpg.rf.KuSL28P84JGe3exWfj2A.jpg,Semi-cerclée,0.8,0.10413424124513619
8-39-_jpg.rf.mL6B2IsbrbAwSgnntu8Q.jpg,Percée,0.75,0.04478137351778656
8-39-_jpg.rf.NHlftXvFWhnIPjfLMsbd.jpg,Pleine,0.9,0.14200265066964285
8-39-_jpg.rf.Y8bDyqgat1rTjyYMCxFO.jpg,Semi-cerclée,0.8,0.05333824441687345
8-4-_jpg.rf.AiTf2jqLLv8xn6aVgE0N.jpg,Semi-cerclée,0.8,0.08570423578199052
8-4-_jpg.rf.i8nihIfvgNdRHSEYmA30.jpg,Percée,0.75,0.021242283950617284
8-4-_jpg.rf.J7Dn2jUc7Sb5RgnjH0i2.jpg,Percée,0.75,0.0171474358974359
8-4-_jpg.rf.lQKqraV74FTkLTd4IR0y.jpg,Pleine,0.9,0.19984854604200322
8-4-_jpg.rf.LSzYfELZlWTcXCsTSufW.jpg,Percée,0.75,0.0005952946391817865
8-4-_jpg.rf.Vf37pQ4CgzURBgbDauPV.jpg,Percée,0.75,0.007925112612612613
8-4-_jpg.rf.wZsLlape6YrfOq048dOs.jpg,Pleine,0.9,0.1866552734375
8-40-_jpg.rf.4NxudHenxLxAOhmbK92e.jpg,Pleine,0.9,0.17583542427007298
8-40-_jpg.rf.4s7cRRvP3z632EcjWuA2.jpg,Pleine,0.9,0.12137382075471698
8-40-_jpg.rf.8AsBJDrhsuDGiI6aMCFq.jpg,Pleine,0.9,0.19193643667296786
8-40-_jpg.rf.a3e3I9DGoIttWsTnr2sd.jpg,Pleine,0.9,0.21055578175895764
8-40-_jpg.rf.LUdvlUYtdEtiOgo44Eek.jpg,Pleine,0.9,0.2073078893442623
8-40-_jpg.rf.PeYMzFEfM1EuZ9JaYeh7.jpg,Semi-cerclée,0.8,0.10216719632768362
8-40-_jpg.rf.pQFrzQq9iw0fu0eC0zUB.jpg,Pleine,0.9,0.12442159383033419
8-40-_jpg.rf.SV85HFLrUxSPMDicBIwH.jpg,Semi-cerclée,0.8,0.10692330210772834
8-40-_jpg.rf.zcDVwFiGn6tlyDRhyp2U.jpg,Pleine,0.9,0.21120288128249567
8-41-_jpg.rf.6SzLyzijd3osFO5zem1N.jpg,Semi-cerclée,0.8,0.07786328828141685
8-41-_jpg.rf.B8J6TzymBoo4Ggvg4wUU.jpg,Pleine,0.9,0.18430034129692832
8-41-_jpg.rf.gJhXpswxCXtDKFRBOKdG.jpg,Pleine,0.9,0.17215838371266004
8-41-_jpg.rf.LJ9ipCUqdwtMg0AThomu.jpg,Semi-cerclée,0.8,0.09281686358754028
8-41-_jpg.rf.pvGD2CPlYmcKWouD9CkE.jpg,Pleine,0.9,0.1380176286797679
8-41-_jpg.rf.RNLEwXgHOryqolkrE9lp.jpg,Pleine,0.9,0.12281988267004915
8-41-_jpg.rf.SW21nL9Jm9f15qmxC4qV.jpg,Semi-cerclée,0.8,0.08748443337484434
8-42-_jpg.rf.PaqlFufi0CSrZiiI73lH.jpg,Percée,0.75,3.494408945686901e-05
8-42-_jpg.rf.PeUjMG642ogBv9D0ImF2.jpg,Semi-cerclée,0.8,0.0838828125
8-42-_jpg.rf.XBbyOV8JYxOXUSRtbVzc.jpg,Percée,0.75,0.047740228013029316
8-43-_jpg.rf.fwppRvAEXHl7MLdieWBc.jpg,Percée,0.75,0.01533127580263738
8-43-_jpg.rf.mZ4PVHnaT44uQR1yCiE0.jpg,Percée,0.75,0.017790745713695516
8-43-_jpg.rf.pwVsbiQGYGWK5qtDoN0m.jpg,Pleine,0.9,0.1259203023247967
8-44-_jpg.rf.ceu1DMc6UFRaEwBIbQwB.jpg,Semi-cerclée,0.8,0.08595548930921053
8-44-_jpg.rf.ej6gtlbIawvwbG7UHoCO.jpg,Semi-cerclée,0.8,0.08680899339933994
8-44-_jpg.rf.kJq2LgpmIpIO7uVStEwL.jpg,Percée,0.75,0.0488390928725702
8-44-_jpg.rf.kXgn90kKsJ4hrCXZoq5l.jpg,Percée,0.75,0.03654639175257732
8-44-_jpg.rf.VmEVXOVTNcvYhIt7UqQV.jpg,Percée,0.75,0.04909882127192983
8-44-_jpg.rf.xZpuffx3BTTtk7cHTDFI.jpg,Pleine,0.9,0.19548828125
8-44-_jpg.rf.zHHep8a7x4uO5K7XzUwk.jpg,Pleine,0.9,0.22555419921875
8-45-_jpg.rf.0PfG15JxwYiwxj6fUeC4.jpg,Percée,0.75,0.0492919921875
8-45-_jpg.rf.9UxtwKYAuly1VUosodBm.jpg,Semi-cerclée,0.8,0.11673897058823529
8-45-_jpg.rf.AJZDeKoVsyFLUuQeuVIC.jpg,Semi-cerclée,0.8,0.08169525065963061
8-45-_jpg.rf.bBH07z14ZIrK0N4GqSyi.jpg,Semi-cerclée,0.8,0.09807052752293578
8-45-_jpg.rf.kDzEGs5clz4qTMdJfQYR.jpg,Semi-cerclée,0.8,0.05070323867004365
8-45-_jpg.rf.xYiT3G7Fw8RhaHIqmTiJ.jpg,Percée,0.75,0.04296207264957265
8-45-_jpg.rf.znHGXrSuPp9xz8jbEFnB.jpg,Semi-cerclée,0.8,0.07723795572916667
8-46-_jpg.rf.2L4bPyRpxaHzWMKnyhlJ.jpg,Percée,0.75,0.033152356349519095
8-46-_jpg.rf.ozFA7MmC3rnUOJj7sqb7.jpg,Percée,0.75,0.03229367760617761
8-46-_jpg.rf.rk09xRtqRuX8fFZKAFVa.jpg,Pleine,0.9,0.13968215811965812
8-47-_jpg.rf.6ZJN6XqK6jgXrwSIPZOw.jpg,Percée,0.75,0.013523131672597865
8-47-_jpg.rf.9lwXIVHWPat75LaepQZb.jpg,Percée,0.75,0.012655730897009967
8-47-_jpg.rf.FgQWLhPnNOxMm606M1pL.jpg,Semi-cerclée,0.8,0.0993345450281426
8-47-_jpg.rf.i5PNCXVxi0mqr9PjFTjN.jpg,Pleine,0.9,0.20679932675996607
8-47-_jpg.rf.LHtcF6y3SXMmIoxBD6F2.jpg,Semi-cerclée,0.8,0.11159420289855072
8-47-_jpg.rf.PhQtAPMcfJJkqUxt6DDM.jpg,Semi-cerclée,0.8,0.10658420932358319
8-47-_jpg.rf.qwcynpWH7Fogl8c4fIUl.jpg,Pleine,0.9,0.16759369584055459
8-47-_jpg.rf.triHlQYBn3xM4WbPVDae.jpg,Semi-cerclée,0.8,0.07422508103727715
8-47-_jpg.rf.wvwpNqptGpV7U5aw1d6j.jpg,Percée,0.75,0.03628365384615385
8-48-_jpg.rf.1frqVaGMpqNuqRYojNsA.jpg,Semi-cerclée,0.8,0.06593533487297921
8-48-_jpg.rf.4nTvwlJXVsYsqTFgiuYx.jpg,Pleine,0.9,0.12230942458907236
8-48-_jpg.rf.9P6sW2jx59mW5r0KJrbr.jpg,Pleine,0.9,0.19011368355481728
8-48-_jpg.rf.bowHZ6SCfo4u3QrlsP7D.jpg,Semi-cerclée,0.8,0.0542865428578961
8-48-_jpg.rf.j3n0Kv62dzVEsOiAZf3k.jpg,Semi-cerclée,0.8,0.0558641975308642
8-48-_jpg.rf.LgjLBYPzwOBrKbqPuvXn.jpg,Semi-cerclée,0.8,0.07977941176470588
8-48-_jpg.rf.LSxaOFgI92GrA2Psddia.jpg,Percée,0.75,0.037904224389903075
8-48-_jpg.rf.rCq0RuXtSjX6qwFPvdL6.jpg,Semi-cerclée,0.8,0.06888586956521739
8-48-_jpg.rf.SyrFC2O9awjxHbJCWgQK.jpg,Pleine,0.9,0.17243649877327175
8-49-_jpg.rf.daZEgvNsBLZk9tThwvT5.jpg,Semi-cerclée,0.8,0.06500907676348548
8-49-_jpg.rf.ELXuTDH0hWoKxRzjMlxt.jpg,Pleine,0.9,0.1773698374340949
8-49-_jpg.rf.FhbegKV4RMAvoTyScRrF.jpg,Pleine,0.9,0.16773995535714287
8-49-_jpg.rf.FTLCk1PsOd13CKpkqSkb.jpg,Semi-cerclée,0.8,0.05577445652173913
8-49-_jpg.rf.K9sBaiugEN7BGoTHf70p.jpg,Pleine,0.9,0.12448224930290927
8-49-_jpg.rf.Q5xHlt74ZZ0qolH9JQQO.jpg,Semi-cerclée,0.8,0.1194123053633218
8-49-_jpg.rf.r9sEGkxh5koH1lQAj1UR.jpg,Semi-cerclée,0.8,0.059052905701754387
8-49-_jpg.rf.sIVV4qZsFESvvGUL3ep8.jpg,Pleine,0.9,0.15878284005830243
8-49-_jpg.rf.wYTxepljm4br942WL0tp.jpg,Semi-cerclée,0.8,0.07655436197916667
8-5-_jpg.rf.a48kAoLmTMI5OK48n4RW.jpg,Semi-cerclée,0.8,0.08371940559440559
8-5-_jpg.rf.calMfUP1GTd28ZjNaFjf.jpg,Semi-cerclée,0.8,0.08580729166666666
8-5-_jpg.rf.cVNjcVLWtyw19kaFwz3w.jpg,Pleine,0.9,0.13567307692307692
8-5-_jpg.rf.d6hE13C5yRy7HFVWpGhY.jpg,Pleine,0.9,0.16195160934744268
8-5-_jpg.rf.FgeQMIU1Lw4K6SLagNAj.jpg,Pleine,0.9,0.2006845480456026
8-5-_jpg.rf.pOZQCIUdDMhY13dyj1DY.jpg,Semi-cerclée,0.8,0.11745558925476603
8-5-_jpg.rf.zYJTWTQvwAILTOPSOmZV.jpg,Pleine,0.9,0.20892820247933885
8-50-_jpg.rf.26Vq77AgqNkalQio2fMu.jpg,Semi-cerclée,0.8,0.10250870069605568
8-50-_jpg.rf.5Xur0T6PNz3GJxwHJ4uF.jpg,Semi-cerclée,0.8,0.0755833788209607
8-50-_jpg.rf.6DD1YXtF96FEGqP0e8dD.jpg,Semi-cerclée,0.8,0.10964137214137214
8-50-_jpg.rf.aOZzKyJPcZme4EwRwQqg.jpg,Semi-cerclée,0.8,0.061494391025641026
8-50-_jpg.rf.DZ8sIfU9ZWHEN8dFv4T2.jpg,Pleine,0.9,0.15497725303292895
8-50-_jpg.rf.ejFs8p6uu2EPL7zzKNpP.jpg,Percée,0.75,0.04893887362637363
8-50-_jpg.rf.Mxj6oZ4IUAhATWSKy8Z7.jpg,Pleine,0.9,0.1406553130511464
8-50-_jpg.rf.nikV6dKLCt1tCUZCO8PO.jpg,Percée,0.75,0.03727279974489796
8-50-_jpg.rf.pyqdFN6R0jBwr1O8Uetp.jpg,Percée,0.75,0.03831079306722689
8-51-_jpg.rf.a8VIuzsmM9MTlZUb5wak.jpg,Semi-cerclée,0.8,0.05664333140877598
8-51-_jpg.rf.SrNNtaiSIU8Wtuv5ehSo.jpg,Percée,0.75,0.02954375
8-51-_jpg.rf.ViodllbwnWJMs8VPVkz2.jpg,Semi-cerclée,0.8,0.05611715587044534
8-52-_jpg.rf.2tTxvj6ZdZzs6o9bdmZt.jpg,Percée,0.75,0.03341145833333333
8-53-_jpg.rf.8fwCJjPkGE7VB9ZnvxZj.jpg,Semi-cerclée,0.8,0.0798145012315271
8-53-_jpg.rf.BkFEanAYlCb1W8Ch9936.jpg,Pleine,0.9,0.17669317170818505
8-53-_jpg.rf.CUE89YNHQeIXwpGGDaYA.jpg,Pleine,0.9,0.17811537474332648
8-53-_jpg.rf.kSkaCOMYcZaF5z7dEKPb.jpg,Pleine,0.9,0.13275629941526643
8-53-_jpg.rf.lAFVMbLTVGIKnWEr3qfj.jpg,Semi-cerclée,0.8,0.10122586382113821
8-53-_jpg.rf.T6Oei5dFhOH51ZOu1gzQ.jpg,Pleine,0.9,0.1297231985940246
8-53-_jpg.rf.XavKL7b9Rp5CRBdz3dKa.jpg,Pleine,0.9,0.20884303042763158
8-53-_jpg.rf.xJPBqT7gIMZQQtgRdrDA.jpg,Semi-cerclée,0.8,0.10831866197183099
8-53-_jpg.rf.XsnoaYv0tDIcLqwT8DcS.jpg,Pleine,0.9,0.1208233173076923
8-54-_jpg.rf.BxaitrfQGdKd7TXakDNN.jpg,Pleine,0.9,0.1344435975609756
8-54-_jpg.rf.HF4ZcVZtS8CcJIo01q9e.jpg,Semi-cerclée,0.8,0.051902879728966685
8-54-_jpg.rf.oy5U6oMvc9VWCZHNgH5d.jpg,Pleine,0.9,0.15092102165725046
8-54-_jpg.rf.RXU3nLVprOsHlCxm43Rj.jpg,Semi-cerclée,0.8,0.09229808789954339
8-54-_jpg.rf.uKA8t4JD36BptV2oAwuR.jpg,Semi-cerclée,0.8,0.0542109375
8-54-_jpg.rf.vKapyPJIn3L44uXzwUrG.jpg,Semi-cerclée,0.8,0.06151012440066325
8-54-_jpg.rf.y2qqAUkO31I5xUlGMQpT.jpg,Semi-cerclée,0.8,0.06919681962131932
8-55-_jpg.rf.2PFjl2ZWJR914oL47CGl.jpg,Pleine,0.9,0.13299703264094956
8-55-_jpg.rf.9PzxusutlUTTLCVK28ab.jpg,Semi-cerclée,0.8,0.06092401357801898
8-55-_jpg.rf.dAKfAhp8aBafPNyXGdF1.jpg,Pleine,0.9,0.15537890262925869
8-55-_jpg.rf.ghEzbWlDJSMyQPESkcMV.jpg,Semi-cerclée,0.8,0.09560273536895675
8-55-_jpg.rf.OMMA1AGQVxfJb2nOBZZC.jpg,Semi-cerclée,0.8,0.07068619619935727
8-55-_jpg.rf.RK17uf1QHIqbYw4vbdti.jpg,Semi-cerclée,0.8,0.05500932835820895
8-55-_jpg.rf.umCWbDTk1P4LR3rqgx66.jpg,Pleine,0.9,0.2186491935483871
8-56-_jpg.rf.4CGB0ewWBXtgy3sNVMEY.jpg,Percée,0.75,0.024756117724867726
8-56-_jpg.rf.fpxeFOfDO6IsyQenzccn.jpg,Pleine,0.9,0.18561112253289475
8-56-_jpg.rf.FZLLhdm4daODXKmtBPPV.jpg,Pleine,0.9,0.2348305250783699
8-56-_jpg.rf.hB5H3M6mq6XXi404IjkW.jpg,Pleine,0.9,0.17566540948275863
8-56-_jpg.rf.KKEXYnjaPkhe5efgJgPT.jpg,Semi-cerclée,0.8,0.05630465534979424
8-56-_jpg.rf.LSfjP1djxbzf0wlRKY3O.jpg,Semi-cerclée,0.8,0.08665839592274678
8-56-_jpg.rf.StjiWnFbJDfy6uT0Nvaw.jpg,Percée,0.75,0.037445494186046514
8-58-_jpg.rf.LauoBWZ62YA1wEsrDt04.jpg,Pleine,0.9,0.12596817528480225
8-58-_jpg.rf.mCTpi3D7MBY6FcUDbGd0.jpg,Semi-cerclée,0.8,0.10641749103287565
8-58-_jpg.rf.Tjh5KjZRMnJb1KVGRnbg.jpg,Pleine,0.9,0.13153935185185187
8-59-_jpg.rf.6eKzqCe8sPHpm6ZuLmOh.jpg,Percée,0.75,0.017919303797468353
8-59-_jpg.rf.f18S7yLbH49Y46s5XoUE.jpg,Semi-cerclée,0.8,0.08798017026578073
8-59-_jpg.rf.nZFFPhB8fsNP5Tfsr1pr.jpg,Semi-cerclée,0.8,0.08343574438202248
8-59-_jpg.rf.QwmASLi2aTc8qjo0aLXC.jpg,Pleine,0.9,0.19807773109243698
8-59-_jpg.rf.x0G9VmeAYpFMelQmgw8F.jpg,Pleine,0.9,0.16049560546875
8-6-_jpg.rf.b8MFxsOTtz3nIxZjrbRj.jpg,Semi-cerclée,0.8,0.056666666666666664
8-6-_jpg.rf.mz7I5Tuw4aEB9DVENUNN.jpg,Pleine,0.9,0.15698406040268456
8-6-_jpg.rf.nl32WZA6MdqZXJNYjxWi.jpg,Pleine,0.9,0.18147819472616633
8-6-_jpg.rf.nn72nvfiUTVWfRksONJk.jpg,Semi-cerclée,0.8,0.05200076219512195
8-6-_jpg.rf.PufyNAo0CBVCsUT4tLK1.jpg,Semi-cerclée,0.8,0.05146668632075472
8-6-_jpg.rf.sRhPOMoomvv51ptH1sbD.jpg,Pleine,0.9,0.1959828795379538
8-6-_jpg.rf.zEHhm3o6OgLPhhpGp7MW.jpg,Semi-cerclée,0.8,0.09295441513761468
8-60-_jpg.rf.1WwQGxAkoEkgxZVGv2C2.jpg,Semi-cerclée,0.8,0.09518136160714286
8-60-_jpg.rf.3tipKvc2YFR0IbsESu5O.jpg,Percée,0.75,0.001806913407821229
8-60-_jpg.rf.nwTi37OodGJ7Y9nHp9na.jpg,Semi-cerclée,0.8,0.0758546686746988
8-60-_jpg.rf.XmCIgUKt5OzfjkJhSVVr.jpg,Pleine,0.9,0.1518621575342466
8-60-_jpg.rf.zB2J9AwVHbZsrlHJnxZI.jpg,Semi-cerclée,0.8,0.1071969696969697
8-60-_jpg.rf.zgTWfAE9L1ck55YRmElm.jpg,Semi-cerclée,0.8,0.10127340308370045
8-60-_jpg.rf.zZLK1Bj7yZHEAgFqmNCg.jpg,Percée,0.75,0.014747804598208375
8-61-_jpg.rf.6d80ngyB1EkubrHRcXqP.jpg,Semi-cerclée,0.8,0.10337078651685393
8-61-_jpg.rf.994s8BhUUALVmDW5nz25.jpg,Semi-cerclée,0.8,0.09034863945578231
8-61-_jpg.rf.bjjDhfrAjapVE153BLdJ.jpg,Semi-cerclée,0.8,0.10842209958932238
8-61-_jpg.rf.L9T2zFfKeiDo8JDH5mjN.jpg,Semi-cerclée,0.8,0.083307053505729
8-61-_jpg.rf.N2HIafeUjbD1ZBDXTPG3.jpg,Semi-cerclée,0.8,0.11549015009380863
8-62-_jpg.rf.2vpRELquZvOuWN2ZhA39.jpg,Pleine,0.9,0.16222527472527473
8-62-_jpg.rf.aP52CrXZDAqlxZF6P4S8.jpg,Semi-cerclée,0.8,0.1192288306451613
8-62-_jpg.rf.bOerty9ri4S8DHkBP5kN.jpg,Pleine,0.9,0.15683235743380855
8-62-_jpg.rf.fLVbdtZG5sWjmRjH8ICh.jpg,Semi-cerclée,0.8,0.1018327902843602
8-62-_jpg.rf.GoShPS2NeuDp5WwOquFl.jpg,Semi-cerclée,0.8,0.0973477564102564
8-62-_jpg.rf.HvJtB9B8ai4iNNZVNmBo.jpg,Semi-cerclée,0.8,0.10394839211618258
8-62-_jpg.rf.qK5OPErHzVtrWoQjU1EU.jpg,Pleine,0.9,0.20335610932475884
8-62-_jpg.rf.RsEO182ZdlDnz2y9gyZQ.jpg,Semi-cerclée,0.8,0.09441701061320755
8-62-_jpg.rf.UCEGvrmC7h1bio7d1bF8.jpg,Semi-cerclée,0.8,0.06219315194323905
8-63-_jpg.rf.aHCbnp7k8D3dp7ONqG6F.jpg,Pleine,0.9,0.12513554810725552
8-63-_jpg.rf.FNWa3EwQ4TmD3xI6xJqI.jpg,Semi-cerclée,0.8,0.1138644366197183
8-63-_jpg.rf.FUOLJIzszDPiG8Rh8Fq8.jpg,Semi-cerclée,0.8,0.07863810761004199
8-63-_jpg.rf.hoLBlxMFsBe6xylb02Bg.jpg,Pleine,0.9,0.21919678514376997
8-63-_jpg.rf.peULoen1ihXMAh8074uY.jpg,Pleine,0.9,0.2561397429435484
8-63-_jpg.rf.pZtQBgfMrj0E9Ipic51Y.jpg,Pleine,0.9,0.14624186802973976
8-63-_jpg.rf.svYVxQIcx168gOpR0JqD.jpg,Pleine,0.9,0.19478271484375
8-63-_jpg.rf.X2Nf1TU7aei53upwJLHy.jpg,Semi-cerclée,0.8,0.09507092042966712
8-63-_jpg.rf.y1hxOAV1YktFtgj6ysr6.jpg,Pleine,0.9,0.12984182098765432
8-64-_jpg.rf.2l4d3QkyT6ap9ToLzEny.jpg,Pleine,0.9,0.1268462873931624
8-64-_jpg.rf.8HYTeMd3FNN7Dx4b9ENU.jpg,Percée,0.75,0.03783253205128205
8-64-_jpg.rf.EX6IpD0qAkSA0CTlWj4p.jpg,Percée,0.75,0.03850378787878788
8-64-_jpg.rf.Mc08pdFCEQjrfQyb7YwJ.jpg,Pleine,0.9,0.2026123046875
8-64-_jpg.rf.P8x7kQ274M525eRuIlQw.jpg,Pleine,0.9,0.17170916252072968
8-64-_jpg.rf.qucwW1CB3v2suiIp5CjX.jpg,Pleine,0.9,0.12105978260869565
8-64-_jpg.rf.zS7BMcotXPS14OiOVhtg.jpg,Semi-cerclée,0.8,0.06771881991051454
8-65-_jpg.rf.2zy9PbJRPzwcZka4stuX.jpg,Pleine,0.9,0.18297926929392447
8-65-_jpg.rf.3EVa3OxokYq8mjJTXydk.jpg,Percée,0.75,0.006938125568698817
8-65-_jpg.rf.EKbqWNPEaDY30TsyXOR4.jpg,Percée,0.75,0.004511019283746556
8-65-_jpg.rf.ffcwKn93D7WdvAZHUmi0.jpg,Pleine,0.9,0.19472412109375
8-65-_jpg.rf.HLnSF4sac1QTnuernklI.jpg,Percée,0.75,0.038815130260521045
8-65-_jpg.rf.LVuwRlmBmXGANczv7fq4.jpg,Semi-cerclée,0.8,0.06248145400593472
8-65-_jpg.rf.uVqBrGZ2MzAtndTtQcxu.jpg,Semi-cerclée,0.8,0.08154886744966443
8-65-_jpg.rf.xN6wt6eWHWgPc8qeEUWT.jpg,Percée,0.75,0.011915854357798164
8-65-_jpg.rf.Z7NbDZGoCMku5Bg64DS2.jpg,Semi-cerclée,0.8,0.0896021262886598
8-66-_jpg.rf.CtpudGfUsblApmTuYfew.jpg,Semi-cerclée,0.8,0.07650963345864661
8-66-_jpg.rf.f6GGqXpyMPFu66eOWU2Q.jpg,Semi-cerclée,0.8,0.0799949290060852
8-66-_jpg.rf.NGYJUMEZNrjnsk9CFVRw.jpg,Semi-cerclée,0.8,0.06771195023148148
8-66-_jpg.rf.NIlPTsURQWpizqhFgR4m.jpg,Semi-cerclée,0.8,0.106849173553719
8-66-_jpg.rf.PQxnM0CdUi6JXwkQkIKt.jpg,Semi-cerclée,0.8,0.09660534274193548
8-66-_jpg.rf.RLl8KpuY9fCbuwUeeJZc.jpg,Semi-cerclée,0.8,0.0854655612244898
8-66-_jpg.rf.tA4pNyiKQOBIYrO3W8hS.jpg,Percée,0.75,0.010832558139534884
8-67-_jpg.rf.7bBgzHS98UhF3WZJM9SQ.jpg,Semi-cerclée,0.8,0.10178010704603649
8-67-_jpg.rf.7QBqbuCeIH2zrLC4sx7Z.jpg,Percée,0.75,0.026435614849187935
8-67-_jpg.rf.JzgMBGyVh2ucr1WlTmiH.jpg,Percée,0.75,0.017674796132800007
8-67-_jpg.rf.lOtaJAVX2TNRo9QVpL21.jpg,Percée,0.75,0.0051815257352941175
8-67-_jpg.rf.yR0kxtIc81Mm1N1ns91m.jpg,Percée,0.75,0.005093290369523414
8-68-_jpg.rf.1qDoYAYqtGu2GzYDwRNj.jpg,Pleine,0.9,0.1634972353870458
8-68-_jpg.rf.eAQOIs9aFFhsQP2epaz4.jpg,Pleine,0.9,0.21031349840255592
8-68-_jpg.rf.fl5ySBgCeYOQmYlFN64K.jpg,Pleine,0.9,0.125650766384778
8-68-_jpg.rf.kEjyxNRMhEHq4NF0AC9l.jpg,Percée,0.75,0.02074314024390244
8-68-_jpg.rf.n37OSBRUYGZ7GRJC67Ld.jpg,Pleine,0.9,0.17749007936507938
8-68-_jpg.rf.oHy8pSWSIwSQv1UmaPjo.jpg,Percée,0.75,0.012167456268221574
8-68-_jpg.rf.QXbWuWK8HKEczdJhWyn8.jpg,Semi-cerclée,0.8,0.0521496105131712
8-68-_jpg.rf.TMYN6K62w8TdJUa52ptv.jpg,Percée,0.75,0.026100768321513004
8-68-_jpg.rf.ycvXZHIt3t0pkBlMv5Qj.jpg,Semi-cerclée,0.8,0.11020351423487544
8-69-_jpg.rf.7iCJGtcMecrmgUUpOacR.jpg,Percée,0.75,0.03613228319783198
8-69-_jpg.rf.bvvJ7D5ARRtHTLhsR4SF.jpg,Semi-cerclée,0.8,0.07779573754789272
8-69-_jpg.rf.iaMoio2OSLYYqbnqTOt0.jpg,Percée,0.75,0.03388221153846154
8-69-_jpg.rf.lKIgoyL7cOimyre3fPgl.jpg,Semi-cerclée,0.8,0.05079066265060241
8-69-_jpg.rf.tTzpjVNRjzoZ80gmStKV.jpg,Pleine,0.9,0.15103408171521035
8-7-_jpg.rf.5WpiT3mwD8T8uJ5uQYd1.jpg,Semi-cerclée,0.8,0.10951728951890034
8-7-_jpg.rf.ADV6BWwdZkvJ56uk0PZm.jpg,Semi-cerclée,0.8,0.07795332024555171
8-7-_jpg.rf.CbiFNwsPlmOEu35AxJW6.jpg,Semi-cerclée,0.8,0.11850273569023569
8-7-_jpg.rf.EEuyQdwanUXzax1gWbUu.jpg,Pleine,0.9,0.16303592995169083
8-7-_jpg.rf.MTCHSvvcBTdTTjdrac1A.jpg,Pleine,0.9,0.19553926991150442
8-7-_jpg.rf.RI7m7vtTn6uAXIZovu1B.jpg,Semi-cerclée,0.8,0.09686390279382193
8-7-_jpg.rf.sKxxYkKQqu8gmAJnKRUJ.jpg,Semi-cerclée,0.8,0.06485386069507053
8-7-_jpg.rf.X1W6jSZzvRQYuJHPWeYb.jpg,Semi-cerclée,0.8,0.06394423911296802
8-7-_jpg.rf.XNy4Avj1swxNvJSDCADP.jpg,Pleine,0.9,0.1512312186978297
8-70-_jpg.rf.1DWWhp2cC8jzx8XHxed3.jpg,Semi-cerclée,0.8,0.06636029411764706
8-70-_jpg.rf.ff1DpifdXLhH7cJSgzmV.jpg,Pleine,0.9,0.18009920634920634
8-70-_jpg.rf.J6uVpWOQlntuMXlDUB9v.jpg,Percée,0.75,0.017857142857142856
8-70-_jpg.rf.KbBxtelr6OOkWprXNE98.jpg,Pleine,0.9,0.18331581858407078
8-70-_jpg.rf.mIGNFy6NTexKa5xz6FNP.jpg,Pleine,0.9,0.13693882042253522
8-70-_jpg.rf.MZ2C25SjZQOJsS1ts2b2.jpg,Pleine,0.9,0.14338315217391304
8-70-_jpg.rf.P8QBv3g20fusw0YQPB50.jpg,Semi-cerclée,0.8,0.1001976729462414
8-70-_jpg.rf.pt5VOCUhcVtK1QM4swrR.jpg,Percée,0.75,0.04976149706457925
8-70-_jpg.rf.sAP5XXG0cLMtli5TxDLf.jpg,Percée,0.75,0.023982080688631273
8-71-_jpg.rf.bp7ktHLCJmu3YwwbM3cm.jpg,Percée,0.75,0.048249199934593194
8-71-_jpg.rf.cWibmv5CELQDJCAxWY1z.jpg,Percée,0.75,0.026929530201342283
8-71-_jpg.rf.FzOs343uGm2NEUIiRmEi.jpg,Percée,0.75,0.010788461538461538
8-71-_jpg.rf.iQsf4soSFjO5QTLIV4VP.jpg,Percée,0.75,0.020920138888888887
8-71-_jpg.rf.L97IJKJ3OeKykwVwFsSU.jpg,Semi-cerclée,0.8,0.075625
8-71-_jpg.rf.OomzKTHtZDUyCAyhqI70.jpg,Pleine,0.9,0.13607237377850162
8-71-_jpg.rf.TJambTvyGPo8uvesCAcq.jpg,Pleine,0.9,0.189920739095315
8-72-_jpg.rf.6haQzLZY5b1J3iaZWBKe.jpg,Percée,0.75,0.012082096295340131
8-72-_jpg.rf.7JvtfcqOlJd7bJW7Ena4.jpg,Percée,0.75,0.02109457400679714
8-72-_jpg.rf.eRinpNF7SiwJ6T47PGPH.jpg,Percée,0.75,0.01690726781396672
8-72-_jpg.rf.jyzCMdJbSMoeRdTdpJsY.jpg,Pleine,0.9,0.1319478978300181
8-72-_jpg.rf.se90hc8NLmwB6bKzqd0z.jpg,Percée,0.75,0.01775173611111111
8-72-_jpg.rf.uiknXDdjF0BsOWghE5jP.jpg,Pleine,0.9,0.14909083291436231
8-72-_jpg.rf.YrZj2WRbqKSddDiagQy6.jpg,Semi-cerclée,0.8,0.08508382642998027
8-73-_jpg.rf.3zyl6sz9JpQ38D254huz.jpg,Percée,0.75,0.0008595409040347862
8-73-_jpg.rf.BIUSKjjwXlKzFhZrIMYm.jpg,Semi-cerclée,0.8,0.11344681432868471
8-73-_jpg.rf.eY1EegoWWRDX2eXjSWC1.jpg,Pleine,0.9,0.149429381127451
8-73-_jpg.rf.isgoQ3wTx8bjLF70qSsJ.jpg,Percée,0.75,0.024650761973875182
8-73-_jpg.rf.NyxU5NMrWhfNi2FSJ8Me.jpg,Semi-cerclée,0.8,0.11713306732200583
8-73-_jpg.rf.pzw0KAX7AkcqbITIQXm5.jpg,Pleine,0.9,0.19960693359375
8-73-_jpg.rf.RvIxSevm5x8r5j6nVzNE.jpg,Semi-cerclée,0.8,0.08887102536620221
8-73-_jpg.rf.sgiZYgc6pqqj9Gy4CxZ7.jpg,Semi-cerclée,0.8,0.09171597633136094
8-73-_jpg.rf.vJYRsYwbvTMoQTo8QYh0.jpg,Pleine,0.9,0.178876953125
8-74-_jpg.rf.a8o1WbUT8VCECL2FjJqa.jpg,Pleine,0.9,0.15449119891214022
8-74-_jpg.rf.D1zgka2jkElHi0uEKkjK.jpg,Semi-cerclée,0.8,0.11300256433739353
8-74-_jpg.rf.ec0pBPs91uIZRuuzg4rI.jpg,Pleine,0.9,0.14803584134496053
8-74-_jpg.rf.gH1qz59D1Eeuait1u4sx.jpg,Semi-cerclée,0.8,0.07280727218911334
8-74-_jpg.rf.GYp5XjSKOXbOVv7vWJiM.jpg,Semi-cerclée,0.8,0.08173426083913024
8-74-_jpg.rf.JU65KMoQzbBDS6zOVEsL.jpg,Pleine,0.9,0.14679185144124168
8-74-_jpg.rf.mghWZu2Pu8jQ8ldcakN2.jpg,Pleine,0.9,0.24414142710472278
8-74-_jpg.rf.U50yqJoKy47sjwlxa9Vi.jpg,Pleine,0.9,0.12753698717391934
8-74-_jpg.rf.WThkM8pWZWG4Wh4bj2H8.jpg,Pleine,0.9,0.18276705816554809
8-75-_jpg.rf.33C6bycjSzCe9u1FZDv2.jpg,Pleine,0.9,0.17319348245463012
8-75-_jpg.rf.c7fCXKtfx5vOCrgahDXi.jpg,Pleine,0.9,0.1274704624997064
8-75-_jpg.rf.eaJpPmfAMQy9t8YedPeR.jpg,Semi-cerclée,0.8,0.10640133779264214
8-75-_jpg.rf.KE0zttJfSEfzXkk6RO03.jpg,Semi-cerclée,0.8,0.117198036359713
8-75-_jpg.rf.lHUmuylKMPPyrYV6jR6Q.jpg,Pleine,0.9,0.12342813532739595
8-75-_jpg.rf.q6WskSaGbfquMTf314Vs.jpg,Pleine,0.9,0.14846027092383746
8-75-_jpg.rf.TTfH4cBnZk62m5ir2Ioo.jpg,Pleine,0.9,0.21569054618256828
8-75-_jpg.rf.UwAZwv3ni5ud5ifmLAcc.jpg,Pleine,0.9,0.2752548758865248
8-75-_jpg.rf.XKdT2TdeFq5P6KsKZRiN.jpg,Pleine,0.9,0.17970089297136863
8-76-_jpg.rf.BxLPbAt5kQZo2FWvzxUD.jpg,Semi-cerclée,0.8,0.088056640625
8-76-_jpg.rf.eU3COrzPcsiRXPnDMXBs.jpg,Semi-cerclée,0.8,0.090547052154195
8-76-_jpg.rf.ODlOJVPBK4KqMBk5FwEd.jpg,Semi-cerclée,0.8,0.06380472715736041
8-76-_jpg.rf.rYVbRobU3tJ8CwlmOmRo.jpg,Semi-cerclée,0.8,0.11570466694078947
8-76-_jpg.rf.vRFT3IvTfHdj5GuAJELA.jpg,Pleine,0.9,0.12894394188596492
8-77-_jpg.rf.0RstukWcd6mf8Q2xZKSo.jpg,Semi-cerclée,0.8,0.11711594143795115
8-77-_jpg.rf.120HmTubZq4QsXBKD1Xd.jpg,Semi-cerclée,0.8,0.09127591176144552
8-77-_jpg.rf.JPxXzBNz2iHF4HhuKmKV.jpg,Semi-cerclée,0.8,0.0862784844465879
8-77-_jpg.rf.lvQATMfqcFtuy03eAmMT.jpg,Pleine,0.9,0.1508303752535497
8-77-_jpg.rf.NIWGv42oX5e8ALDhPyqT.jpg,Semi-cerclée,0.8,0.10156622023809524
8-77-_jpg.rf.OY0IDGW7yg0e0CtiVvDC.jpg,Pleine,0.9,0.19034032091097308
8-77-_jpg.rf.QzXfiCUIwK6TqhH0MOM7.jpg,Semi-cerclée,0.8,0.11156929886833424
8-77-_jpg.rf.vskuYmUsi5RxZ4yhOnwF.jpg,Pleine,0.9,0.14536156400966183
8-77-_jpg.rf.zXsf49tTYEiZrPeCZQkE.jpg,Pleine,0.9,0.16859687715665977
8-78-_jpg.rf.0cKeOOadpUXs6MPEjq22.jpg,Semi-cerclée,0.8,0.06981563807531381
8-78-_jpg.rf.ANiQFJET6rnrJVMsNg3D.jpg,Percée,0.75,0.007230062724014337
8-78-_jpg.rf.F9Nu4gaUIyi4g7mLRdUD.jpg,Semi-cerclée,0.8,0.10061051324503312
8-78-_jpg.rf.K0zZDmkUVKGTm8EZHveG.jpg,Percée,0.75,0.047026209677419356
8-78-_jpg.rf.rJUpAr9d4lAw915QS6lL.jpg,Percée,0.75,0.006174045138888889
8-78-_jpg.rf.ySQtXNXPXw3JZtvYKlan.jpg,Pleine,0.9,0.18732311320754716
8-78-_jpg.rf.zGK9HHhyfoNLAVVdYjOq.jpg,Percée,0.75,0.026934353546910754
8-79-_jpg.rf.Az4CKRRjCFnH4zMx7uga.jpg,Pleine,0.9,0.19782708845208846
8-79-_jpg.rf.BX5JuEYAmzlDEtNOMJb8.jpg,Pleine,0.9,0.15595265858208956
8-79-_jpg.rf.EeyfsJRLZ5C19ABBDJEO.jpg,Pleine,0.9,0.27340225563909776
8-79-_jpg.rf.HzM6n3Jwp2yApeTN4xFS.jpg,Pleine,0.9,0.2078002450980392
8-79-_jpg.rf.IDpdY6cofwcqiku9iHwE.jpg,Pleine,0.9,0.14165097891566264
8-79-_jpg.rf.iVaV7ze59CYy9I65s4Fk.jpg,Pleine,0.9,0.14132186411149825
8-79-_jpg.rf.M2PJRgKWawURQ5iSi5z7.jpg,Pleine,0.9,0.19888200431034483
8-79-_jpg.rf.sbDRwTcrZUo2x8SZGfey.jpg,Pleine,0.9,0.1640737539613944
8-79-_jpg.rf.ssCTZbBL1wde1QVXxaDg.jpg,Pleine,0.9,0.1845710332103321
8-8-_jpg.rf.5WsbDVJruXSRyz5fJwsJ.jpg,Semi-cerclée,0.8,0.11295864238372161
8-8-_jpg.rf.a2Z2jc6PGT6IzqPFBnod.jpg,Semi-cerclée,0.8,0.06382034132841329
8-8-_jpg.rf.eK8TzNzSPHw5WIVw9RBX.jpg,Pleine,0.9,0.19417018921095008
8-8-_jpg.rf.nicdaGZ9WAtyX2GDZ7Bz.jpg,Semi-cerclée,0.8,0.11215247844827586
8-8-_jpg.rf.nTyzLUQVCfq7BigoFuBQ.jpg,Percée,0.75,0.043423763736263735
8-8-_jpg.rf.OAdaxEkdHuGio3NVITCd.jpg,Percée,0.75,0.03863075657894737
8-8-_jpg.rf.OmTwNfCX5W66vjDCEIaw.jpg,Percée,0.75,0.036085893854748606
8-8-_jpg.rf.PDMR5QoFrcVUUeESqWoW.jpg,Percée,0.75,0.009972638248847926
8-8-_jpg.rf.T7d6Qjh4wCg8qlIA1mSR.jpg,Pleine,0.9,0.12433067781115319
8-80-_jpg.rf.5DrYuBeRo7ROPeAOClhn.jpg,Semi-cerclée,0.8,0.07576641767818239
8-80-_jpg.rf.Cp8uT1o5p2Dywpk4WYWd.jpg,Semi-cerclée,0.8,0.05868844696969697
8-80-_jpg.rf.j1dq2CONN52ZqzaMw5Ib.jpg,Pleine,0.9,0.1316631217277487
8-80-_jpg.rf.JMYlf19tsUxcNAzDExEj.jpg,Semi-cerclée,0.8,0.08166946778711484
8-80-_jpg.rf.lU8KSpWoR9AfMH4RHzOk.jpg,Semi-cerclée,0.8,0.06381497524752475
8-80-_jpg.rf.qlIINJfxpXwjAMfzPKWx.jpg,Semi-cerclée,0.8,0.10124584717607973
8-80-_jpg.rf.RPLXKkdQCRwW2brYK41j.jpg,Pleine,0.9,0.14759231536926148
8-80-_jpg.rf.UlDJuVGLfsjvvDRDBO6n.jpg,Semi-cerclée,0.8,0.09744438559322034
8-80-_jpg.rf.XRL3VTMWHxjZFDrZeLrZ.jpg,Semi-cerclée,0.8,0.05852709044368601
8-81-_jpg.rf.8wEWbLu6bRsdXhJO4SB6.jpg,Pleine,0.9,0.1587627704326923
8-81-_jpg.rf.gZ23f3h3a4ZV7QsuYxEV.jpg,Pleine,0.9,0.18569532908704883
8-81-_jpg.rf.S8Om8yVT6A54kYHpoPXP.jpg,Semi-cerclée,0.8,0.09451406071248038
8-81-_jpg.rf.sgrMlIwUI8icGXOJ7XVA.jpg,Pleine,0.9,0.1322332760664296
8-81-_jpg.rf.W6TkUTbrWIPtDUti0hWF.jpg,Pleine,0.9,0.1360279224537037
8-82-_jpg.rf.0AwcxXpq5iGU1YDWKyXk.jpg,Semi-cerclée,0.8,0.050130461165048545
8-82-_jpg.rf.0SMlbh9I8AWU2wi0UZqe.jpg,Pleine,0.9,0.1413068683745583
8-82-_jpg.rf.Bb5NqlAzwLxuJbmMpp1S.jpg,Semi-cerclée,0.8,0.11931790275049116
8-82-_jpg.rf.bCOMcn3aq2q6gCu7EFej.jpg,Percée,0.75,0.025274597772277228
8-82-_jpg.rf.C0LeeWSp9EqlItBF7GIf.jpg,Percée,0.75,0.04739273927392739
8-82-_jpg.rf.HyS0Zgik4TzSjVDSzQ35.jpg,Percée,0.75,0.046404007177033496
8-82-_jpg.rf.I9Z3RQTxR8PwR37FJkzn.jpg,Percée,0.75,0.0026929214635814432
8-82-_jpg.rf.sjX0PEPkFsl2vOfAo1uK.jpg,Percée,0.75,0.029128886010362693
8-82-_jpg.rf.YZIwJGRMJCiSDaJf7G3R.jpg,Pleine,0.9,0.1950915948275862
8-83-_jpg.rf.1XW2VAKPQ7cMBMOrY0xY.jpg,Semi-cerclée,0.8,0.09743475461793691
8-83-_jpg.rf.DIIbdBXfEuTpa1mfc8bD.jpg,Semi-cerclée,0.8,0.11652174775185652
8-83-_jpg.rf.dlUQv1VC6lIwbo27LosD.jpg,Pleine,0.9,0.1208738617549669
8-83-_jpg.rf.EzZ0ZpWKGnS1pq8Zp1L1.jpg,Pleine,0.9,0.14404028675282715
8-83-_jpg.rf.glc6zjIOmJPzIvlSakF2.jpg,Pleine,0.9,0.1576552013422819
8-83-_jpg.rf.mO7bAEaDljUpx0YQJPGr.jpg,Semi-cerclée,0.8,0.06291807432432432
8-83-_jpg.rf.VtAyuaz9qegNOyNzMO6Y.jpg,Semi-cerclée,0.8,0.06990239501312336
8-84-_jpg.rf.exqKpW7t5wqlaotxIhL9.jpg,Percée,0.75,0.045712844805072
8-84-_jpg.rf.FfAilLVq39fyCBeQ3jLg.jpg,Percée,0.75,0.04419516870485082
8-84-_jpg.rf.n9tXO7nqr72Rh7knt6z5.jpg,Percée,0.75,0.042863617347650255
8-84-_jpg.rf.trJeQ75ZMjQ9OkGbOi1N.jpg,Semi-cerclée,0.8,0.08512396694214876
8-84-_jpg.rf.uPYo4sVkSzdoq7KIr3lN.jpg,Percée,0.75,0.03222310995705583
8-84-_jpg.rf.ZQxUndIxYRwApTUcScNI.jpg,Percée,0.75,0.04584439108639791
8-84-_jpg.rf.zYmFerMwbBs7C6xpZSEr.jpg,Percée,0.75,0.040945658263305325
8-85-_jpg.rf.dgThpXMXhuGAMdGiFIkx.jpg,Pleine,0.9,0.16913958069508936
8-85-_jpg.rf.fXlT8F7wsntCEl6weH4Y.jpg,Pleine,0.9,0.13996760670731706
8-85-_jpg.rf.R6UTdL0S5ny3yZLn3hbC.jpg,Pleine,0.9,0.23648721837088388
8-85-_jpg.rf.Ramqd0sl2RcQfzT7Jo8V.jpg,Pleine,0.9,0.18467540862498846
8-85-_jpg.rf.uRHDGLiJK7tH12EsSYmt.jpg,Pleine,0.9,0.17018503137689184
8-85-_jpg.rf.VszyNMJjEA4zrUoqPMkR.jpg,Pleine,0.9,0.15104993046169518
8-85-_jpg.rf.YMGqUbkWccWSdO8S3EQF.jpg,Pleine,0.9,0.21710097719869706
8-86-_jpg.rf.5BISWoPISd4YKcWAnEL5.jpg,Percée,0.75,0.012834821428571428
8-86-_jpg.rf.cf5Z3UknYTWSYIO2DZyG.jpg,Percée,0.75,0.005002042666826094
8-86-_jpg.rf.fZsjonmgmu1mHdU7hOcF.jpg,Semi-cerclée,0.8,0.11681547619047619
8-86-_jpg.rf.g7FNbZgPCD0t4XDOPV68.jpg,Semi-cerclée,0.8,0.09345983806752797
8-86-_jpg.rf.H4jvp2j97FYhUoiccCfl.jpg,Semi-cerclée,0.8,0.06398134068120234
8-86-_jpg.rf.ihh8iy0aPTjGcCU5p4Uz.jpg,Percée,0.75,0.03935049019607843
8-86-_jpg.rf.Q4tQdALtoT2SUzhYe61Z.jpg,Semi-cerclée,0.8,0.05659855257556407
8-86-_jpg.rf.SYw0jyGvicdNpUSLpHvC.jpg,Percée,0.75,0.001079763148728666
8-86-_jpg.rf.WmvnTL3MEG4bGkC9tb54.jpg,Percée,0.75,0.010055443548387097
8-87-_jpg.rf.9kv3jEBmLQMffct5BWRI.jpg,Semi-cerclée,0.8,0.10088180693069307
8-87-_jpg.rf.CYafgZRugWUlhL6vVakl.jpg,Percée,0.75,0.018845108695652174
8-87-_jpg.rf.gg9rFOJScJSMUtIvNcf0.jpg,Semi-cerclée,0.8,0.11560367933723197
8-87-_jpg.rf.Ii8pgzbE1RTQDTNC9MWz.jpg,Pleine,0.9,0.17014633361921097
8-87-_jpg.rf.wOc3NrASf7nW22zHgnWg.jpg,Semi-cerclée,0.8,0.0758683678057554
8-87-_jpg.rf.WVX6OJOwPoiVa5ueqLcK.jpg,Percée,0.75,0.03919444444444444
8-87-_jpg.rf.XmJ1iamYSeeJtsapXJRp.jpg,Pleine,0.9,0.14586975524475523
8-87-_jpg.rf.y7iF7OFa9szk5oJeHuGH.jpg,Semi-cerclée,0.8,0.1068406100478469
8-87-_jpg.rf.YghRBsZkZcrLK2II8pHg.jpg,Pleine,0.9,0.20585627971473852
8-88-_jpg.rf.6BxLs55LOo5av7WRi56I.jpg,Pleine,0.9,0.1664019743050011
8-88-_jpg.rf.GpFu6Ne5EfFswuzaX4tN.jpg,Semi-cerclée,0.8,0.06301854395604396
8-88-_jpg.rf.o9izNoeDN0Al4SmqvL3u.jpg,Semi-cerclée,0.8,0.07372424327441629
8-88-_jpg.rf.qqyToM8KAVoAQXX6nUi0.jpg,Pleine,0.9,0.2259503073770492
8-88-_jpg.rf.svSUowUnLlOJNDjFdzSS.jpg,Semi-cerclée,0.8,0.06140844042056075
8-88-_jpg.rf.u07BmyuBdEumZ4F0wZdW.jpg,Semi-cerclée,0.8,0.06325465425531915
8-88-_jpg.rf.Ufrp58QdNhzRmkIhTSnW.jpg,Semi-cerclée,0.8,0.09080902777777777
8-88-_jpg.rf.Ulb4ga3vuLDrcS5jZrQH.jpg,Pleine,0.9,0.1804135101010101
8-88-_jpg.rf.vzHHwNXL3lHj2c9zaZie.jpg,Pleine,0.9,0.1432147491349481
8-89-_jpg.rf.2zB42kymt4TPDoCrpg90.jpg,Semi-cerclée,0.8,0.0639573428295418
8-89-_jpg.rf.BUej9IVeHK5IHtmI9po6.jpg,Semi-cerclée,0.8,0.07276247848537006
8-89-_jpg.rf.hb7KHCdJIICqUT7ozJlT.jpg,Percée,0.75,0.02496789383561644
8-89-_jpg.rf.MJlc4USAn2YT5bCakuYu.jpg,Pleine,0.9,0.16113958990536278
8-89-_jpg.rf.mpWOmH4yFzIzChqTuP5N.jpg,Pleine,0.9,0.1963720703125
8-89-_jpg.rf.O7lmoym6go1iuU6wfhIz.jpg,Semi-cerclée,0.8,0.0822805718516831
8-89-_jpg.rf.Ypw17NLV0vVAV5c7RuKG.jpg,Percée,0.75,0.030812912995594712
8-9-_jpg.rf.59jRLmLSYJa7vJQlgruR.jpg,Pleine,0.9,0.12515453296703297
8-9-_jpg.rf.6Hd9yNEZtRqPQSiTv6Jy.jpg,Pleine,0.9,0.14502274061032863
8-9-_jpg.rf.81S6HZwosuFfLB0sFffb.jpg,Semi-cerclée,0.8,0.11242961711711712
8-9-_jpg.rf.82XUzGN86b6R6AH0w2yt.jpg,Pleine,0.9,0.2133209745762712
8-9-_jpg.rf.N79RBdeQTD45OAPCqkTQ.jpg,Pleine,0.9,0.23452880859375
8-9-_jpg.rf.Rd9ab94vSXQQt4cCw0lX.jpg,Semi-cerclée,0.8,0.11106459330143541
8-9-_jpg.rf.riUr0dcvu7meyUKWsuv5.jpg,Semi-cerclée,0.8,0.1074781976744186
8-9-_jpg.rf.s7WEEyGgG9G2xNHg5Ewf.jpg,Pleine,0.9,0.18447399400684933
8-9-_jpg.rf.XoWBwgrVG4GXPls0SvHm.jpg,Pleine,0.9,0.25403076171875
8-90-_jpg.rf.30Itp1Vq85vLqQv9KeN4.jpg,Semi-cerclée,0.8,0.06728295289616044
8-90-_jpg.rf.4j0CZZKJUKZoyY3qQwyg.jpg,Semi-cerclée,0.8,0.0874927722296814
8-90-_jpg.rf.6XN5xTI8ucjtYCok7lGN.jpg,Semi-cerclée,0.8,0.10709770114942528
8-90-_jpg.rf.FUnqtbpqXiryGCHWRVEe.jpg,Semi-cerclée,0.8,0.06182541930205482
8-90-_jpg.rf.GtFNsZH2sOMISiP9ftos.jpg,Pleine,0.9,0.14224292652027026
8-91-_jpg.rf.AhnRQVdQxSAaDOiC56kQ.jpg,Percée,0.75,0.0028019668708622915
8-91-_jpg.rf.ExpMx3fUzJyehl7Rjg36.jpg,Percée,0.75,0.039720792978208234
8-91-_jpg.rf.H1ZRJEN06ZQYWpEMxT3m.jpg,Percée,0.75,0.015615228267667291
8-91-_jpg.rf.HPeI2EvOJyrCVu0jp7PA.jpg,Percée,0.75,0.0021377799155576933
8-91-_jpg.rf.oO3vCD7eW99Hw1eptDJy.jpg,Percée,0.75,0.013344796650717703
8-91-_jpg.rf.rbDX0GZRzm3E1PtxTkd6.jpg,Semi-cerclée,0.8,0.058254716981132076
8-91-_jpg.rf.rbP2bSdJAsIWdVkN1vWU.jpg,Percée,0.75,0.0017758875626895931
8-91-_jpg.rf.TEGdf9oWCU9yeEgXpa9r.jpg,Percée,0.75,0.002654598528705908
8-91-_jpg.rf.Y2k3pxkZwrPnHmuJPnh0.jpg,Percée,0.75,0.012686889637887822
8-92-_jpg.rf.9RD6YUcvRXvA4AxH9vc3.jpg,Pleine,0.9,0.13320624003189793
8-92-_jpg.rf.IeAgCH8rA2wiDXjtGzu8.jpg,Pleine,0.9,0.15617992109634551
8-92-_jpg.rf.kV0YXUEEnFwifoOOVqYy.jpg,Semi-cerclée,0.8,0.10921151372212692
8-92-_jpg.rf.mqf0ggOOhMyangvk3nSC.jpg,Semi-cerclée,0.8,0.07380292338709678
8-92-_jpg.rf.nBlQAiZosMwPmAPb8ZPV.jpg,Semi-cerclée,0.8,0.09745781527531083
8-92-_jpg.rf.X7BAWdOS1YI1H0Mqpwzw.jpg,Percée,0.75,0.033936651583710405
8-92-_jpg.rf.zoVLoI6AkBuC3QhvGLta.jpg,Semi-cerclée,0.8,0.05072731069042316
8-93-_jpg.rf.0utNK3mUq68eM2bH0dRi.jpg,Pleine,0.9,0.15
8-93-_jpg.rf.6LJUM6h31WC4HcrtJh66.jpg,Semi-cerclée,0.8,0.10160944206008583
8-93-_jpg.rf.6NogAlIV6ACDOM6zrIyM.jpg,Pleine,0.9,0.14196711121157324
8-93-_jpg.rf.c0d0EybVMJXQT6uNaYrU.jpg,Semi-cerclée,0.8,0.07869949494949495
8-93-_jpg.rf.Fp7wxlBgbCUqA1ZXDP3k.jpg,Percée,0.75,0.014704682101368447
8-93-_jpg.rf.frElxeWl5nIXhIR978lJ.jpg,Semi-cerclée,0.8,0.08367784650772435
8-93-_jpg.rf.G0ho0pDYyXC0ksw3RHuy.jpg,Percée,0.75,0.02183980855855856
8-93-_jpg.rf.KSeKXbwpIJ1TZUHWbEgG.jpg,Percée,0.75,0.03132502182453077
8-93-_jpg.rf.n5ciIEa6uKxrdDFjPslS.jpg,Semi-cerclée,0.8,0.05172469305400532
8-94-_jpg.rf.aUD4b1hRmMNAj4zS4mYe.jpg,Pleine,0.9,0.20021630700325732
8-94-_jpg.rf.EzdeZ9XJemSsml008nhB.jpg,Semi-cerclée,0.8,0.0769339390962672
8-94-_jpg.rf.hxln0DLjpfVay1u7a5fO.jpg,Percée,0.75,0.044820601851851855
8-94-_jpg.rf.KC57sgFvAru4D9JjDWpo.jpg,Pleine,0.9,0.1545263671875
8-94-_jpg.rf.koaiJcOHrHBOJ3efUyIj.jpg,Percée,0.75,0.023870481927710845
8-94-_jpg.rf.mgXaG6jLCpmCIatntfGJ.jpg,Percée,0.75,0.025690700808625337
8-94-_jpg.rf.Pd6VKuMgDbqw1CiMlnfB.jpg,Pleine,0.9,0.1787570224719101
8-95-_jpg.rf.bPHOe5u7pT7D10DPUfqs.jpg,Pleine,0.9,0.24501953125
8-95-_jpg.rf.BWLb0yqHVDMRMb6WRFNN.jpg,Percée,0.75,0.0038263888888888887
8-95-_jpg.rf.G2fZjxhTnlD13JVYH00e.jpg,Percée,0.75,0.004520089285714286
8-95-_jpg.rf.gvDrM9YwyxYxx9Adzj4Q.jpg,Semi-cerclée,0.8,0.052899709302325584
8-95-_jpg.rf.HhTQXMmzPqZ7bdHnbg8a.jpg,Semi-cerclée,0.8,0.052158071748878924
8-95-_jpg.rf.iUeGtc4uBVMTF2O4HJ0b.jpg,Percée,0.75,0.02022058823529412
8-95-_jpg.rf.qw3IUIvBxSzRzUkWMfTp.jpg,Semi-cerclée,0.8,0.11427878878281623
8-96-_jpg.rf.6JLvuou0vVuRX5hfWp5y.jpg,Pleine,0.9,0.1276410626029654
8-96-_jpg.rf.8SKHjqkdPmHmBXF0uBwj.jpg,Percée,0.75,0.04558164776437908
8-96-_jpg.rf.DLaswbXbQ5deyA9bfU21.jpg,Pleine,0.9,0.21516117330016585
8-96-_jpg.rf.IDF3uCRxRDrCeMMlqvn0.jpg,Semi-cerclée,0.8,0.09953366209262436
8-96-_jpg.rf.O7SDrjPFMpPwdeYznXws.jpg,Semi-cerclée,0.8,0.05173611111111111
8-96-_jpg.rf.scAgiZh5sxKw84U3HMjf.jpg,Percée,0.75,0.037435661764705884
8-96-_jpg.rf.WxucsVgiQNyrKpMCZ7a1.jpg,Pleine,0.9,0.16956521739130434
8-97-_jpg.rf.fgw4TX6oYSZfGh6UEPkm.jpg,Pleine,0.9,0.15247985627177701
8-97-_jpg.rf.xP77jMI0luT5xDG34ZRU.jpg,Semi-cerclée,0.8,0.06058547430830039
8-97-_jpg.rf.ZIQuazg5xYsrWm5alwKx.jpg,Semi-cerclée,0.8,0.05042913732394366
8-98-_jpg.rf.2EtPQBiXQFQXwNiDE1nT.jpg,Pleine,0.9,0.19371785996835442
8-98-_jpg.rf.JFDHvCz3pqmoVSok1jsi.jpg,Semi-cerclée,0.8,0.0721875
8-98-_jpg.rf.NXVFMpu0zO5K9Yd9y8BJ.jpg,Semi-cerclée,0.8,0.11031032482598607
8-98-_jpg.rf.pSPq6E9I3p7NDeiNeCkB.jpg,Percée,0.75,0.03096979298352296
8-98-_jpg.rf.X3FNPpyu4PpL1qTbVqUM.jpg,Semi-cerclée,0.8,0.08268094931271477
8-99-_jpg.rf.b6gbXXTpxEtG3m5epu9W.jpg,Semi-cerclée,0.8,0.11370251225490197
8-99-_jpg.rf.EJIDkI6qJjKTjKKJsWXQ.jpg,Semi-cerclée,0.8,0.08576774691358025
8-99-_jpg.rf.FlGCZHSfWoXQpzydefvD.jpg,Semi-cerclée,0.8,0.05129518072289157
8-99-_jpg.rf.fmmT9EtekNqQrddh2Mof.jpg,Percée,0.75,0.027302340989399293
8-99-_jpg.rf.go24Kefxj89YdRzNnoFs.jpg,Semi-cerclée,0.8,0.11178944315545243
8-99-_jpg.rf.O2QlEFpLOCFYUaGVkMgf.jpg,Pleine,0.9,0.14436970338983052
8-99-_jpg.rf.TkIrM0hGhfIr8xW6U0JW.jpg,Semi-cerclée,0.8,0.059708099579242634
8-99-_jpg.rf.VMZzIZP1zsak7ZuNcn7r.jpg,Percée,0.75,0.028279225068761335
8-99-_jpg.rf.XFa4j0QVS85yYwJl4nsG.jpg,Percée,0.75,0.024221183800623054
81_jpg.rf.BWXWDK1mOnQ0FjgntAcJ.jpg,Pleine,0.9,0.12904368358913815
81_jpg.rf.DABaY9EO690RTWtxRMAv.jpg,Pleine,0.9,0.12565415428349916
81_jpg.rf.i7S60ZIKPjKagummUjER.jpg,Semi-cerclée,0.8,0.11850300687285223
81_jpg.rf.NiueyQ6YmmNqMGiX2h0z.jpg,Semi-cerclée,0.8,0.09218706825089804
82_jpg.rf.Juw6vW2FCBGn9xhm0Hqe.jpg,Pleine,0.9,0.2849423105009493
82_jpg.rf.oHKcXrbuSqo4dpbtc6gr.jpg,Pleine,0.9,0.2890514184397163
82_jpg.rf.UZ6dh1DawQICtFwrOKSR.jpg,Pleine,0.9,0.2876190476190476
83_jpg.rf.bIsmP6L2V0ZW27cZlktO.jpg,Pleine,0.9,0.3051792364990689
83_jpg.rf.dnvwzPT1BmZrbWhBHlBQ.jpg,Pleine,0.9,0.36359925788497216
83_jpg.rf.UPnNOcvanaKheRZaUNAN.jpg,Pleine,0.9,0.33364388368983955
83_jpg.rf.YVMoFhxfO9mx5xrCM0VJ.jpg,Pleine,0.9,0.392314453125
84_jpg.rf.5lRcYFRURmhAXNyCf1YW.jpg,Semi-cerclée,0.8,0.08585740913327121
84_jpg.rf.Q6FofcjKdId3bG1YLomE.jpg,Semi-cerclée,0.8,0.05823863636363636
84_jpg.rf.rpMngLfnJ9MEZ2Z4dhEi.jpg,Semi-cerclée,0.8,0.05197220933828077
85_jpg.rf.1Ea90pl0SEKG801qEGN5.jpg,Pleine,0.9,0.13285077136799006
85_jpg.rf.347Wvn6uBmJSVYf8BJ9l.jpg,Pleine,0.9,0.1449692176335775
85_jpg.rf.hHqZWKztu6FUxfDtoVFS.jpg,Semi-cerclée,0.8,0.1196509009009009
85_jpg.rf.mBIsCsXzDfnMrB0wW7Gw.jpg,Pleine,0.9,0.14150858349753379
86_jpg.rf.CZAj2gXYVunotyCVll0a.jpg,Pleine,0.9,0.12421411363769905
86_jpg.rf.sf8MmbQH9UW4P2eEaT9n.jpg,Semi-cerclée,0.8,0.10847950852800906
86_jpg.rf.vyc6n4BNaP0d619BfjPR.jpg,Pleine,0.9,0.12336596574562166
87_jpg.rf.c99TzfctgmSh8saY2ijk.jpg,Semi-cerclée,0.8,0.1076555023923445
87_jpg.rf.I86ixZoZLVwDXHDfw8Rb.jpg,Pleine,0.9,0.13229523512924324
87_jpg.rf.qO3ZxD0Rij9tZuYt9E9e.jpg,Semi-cerclée,0.8,0.09930922014184834
88_jpg.rf.7SctcoHNm5Hr0VsIctT8.jpg,Semi-cerclée,0.8,0.06011926493854205
88_jpg.rf.YuF3X5QK6aB3f3F3aKjt.jpg,Semi-cerclée,0.8,0.0638763737420523
89_jpg.rf.litAIbAF1C51WaWtnETc.jpg,Pleine,0.9,0.28752097044779973
89_jpg.rf.zbdqnwy14msN3mc0EHIK.jpg,Pleine,0.9,0.24485023331038477
8_jpg.rf.1TadRXIefPLi2hKFC3TJ.jpg,Pleine,0.9,0.12939311266166093
8_jpg.rf.39s93wLpoLgilGqiFsr1.jpg,Pleine,0.9,0.34818655951392163
8_jpg.rf.bd0E1cFaPbMmrgSTb8E5.jpg,Pleine,0.9,0.1314417019518744
8_jpg.rf.DjwKCfqrzEFBCKUxhuzZ.jpg,Pleine,0.9,0.17236917768832663
8_jpg.rf.Ys5SuT3ALs7KOmuKR0Lm.jpg,Pleine,0.9,0.17546241926012918
90_jpg.rf.pL7rvhCeScoH8MNpmE4B.jpg,Semi-cerclée,0.8,0.08499826152076814
90_jpg.rf.vmqEiEiIUpE53J525nfs.jpg,Semi-cerclée,0.8,0.09086607898799741
90_jpg.rf.wSbLdWnJxtKPw22uow9t.jpg,Semi-cerclée,0.8,0.06508097165991902
90_jpg.rf.XMlCbUgmr80hLAEYcRSp.jpg,Semi-cerclée,0.8,0.0856710584378743
91_jpg.rf.bFonFr2zTedGJGQ7aPdl.jpg,Semi-cerclée,0.8,0.09217094017094017
91_jpg.rf.g4eChVMeZV3E8cBr49sL.jpg,Semi-cerclée,0.8,0.08491916799000339
92_jpg.rf.nuxq2n4rCY0Ek3OLHMn7.jpg,Pleine,0.9,0.13209215314438008
92_jpg.rf.TBoIgvSSUburEnjySDIT.jpg,Pleine,0.9,0.13483503981797498
9_jpg.rf.qNQGk7JSF964pyt9ZwdH.jpg,Pleine,0.9,0.6577378974188546
9_jpg.rf.sTW1UpzT0eFgLiCvXlUC.jpg,Pleine,0.9,0.6739265954959869
9_jpg.rf.xdHSuob5dXoTgumkpefU.jpg,Pleine,0.9,0.6561952074810052
9_jpg.rf.Y5lvXKxIrQYi5SHdRadL.jpg,Pleine,0.9,0.6263100453002826
_1-JPG_jpg.rf.3XBB94SktKrEt12FupEj.jpg,Pleine,0.9,0.43983154296875
_1-JPG_jpg.rf.u6YaheC4brLaCQox64pK.jpg,Pleine,0.9,0.4387322651663405
a-pair-of-aviator-sunglasses-sit-on-a-wooden-table-C46T8N-jpg_aug_png_jpg.rf.bl8DFPICjFuw4aJRzODj.jpg,Pleine,0.9,0.18683574879227052
a-pair-of-aviator-sunglasses-sit-on-a-wooden-table-C46T8N_jpg.rf.aScCbpmcdkJz3o5KldsO.jpg,Pleine,0.9,0.32961928274428276
a-pair-of-aviator-sunglasses-sit-on-a-wooden-table-C46T8N_jpg.rf.RV2nOiyLhAlelaZETmJN.jpg,Pleine,0.9,0.32961928274428276
a-pair-of-bifocal-glasses-on-top-of-an-nhs-optical-prescription-form-KC96K0_jpg.rf.fazmimAZ3IPLBl9U8SwK.jpg,Pleine,0.9,0.12488532110091743
a-pair-of-bifocal-glasses-on-top-of-an-nhs-optical-prescription-form-KC96K0_jpg.rf.l5QkJ1qfqG4MSvS8NDNy.jpg,Pleine,0.9,0.12488532110091743
acetate-optical-frame-500x500_jpg.rf.D0XX6FqrLGqm8xO561al.jpg,Pleine,0.9,0.2268645998415214
acetate-optical-frame-500x500_jpg.rf.jMJeXzEOAKXjbVkXOqWV.jpg,Semi-cerclée,0.8,0.07810897435897436
acetate-optical-frame-500x500_jpg.rf.NlthQ33E9iWWf9AgOtq9.jpg,Pleine,0.9,0.18893254352030947
acetate-optical-frame-500x500_jpg.rf.s6SayzLMgDSBk16cqooe.jpg,Pleine,0.9,0.12374427356020942
acetate-optical-frame-500x500_jpg.rf.tLPkZNaNLF0xQUEXVckK.jpg,Pleine,0.9,0.16985840961098397
acetate-optical-frame-500x500_jpg.rf.uYE2yb5zV6ge7snZpsOI.jpg,Pleine,0.9,0.2253178879310345
acetate-optical-frame-500x500_jpg.rf.xYKzCUJeNowJVEjFGATg.jpg,Pleine,0.9,0.1653125
acetate-optical-frame-500x500_jpg.rf.zG8PNTMfO22aVha7CNj1.jpg,Pleine,0.9,0.1962275752314815
Adjust-check-crooked-glasses-w720-jpg_aug_png_jpg.rf.gRbxixEF5crW5hy59hs7.jpg,Pleine,0.9,0.14049767425593676
adult-hiking-sunglasses-mh100-category-3_jpg.rf.60Wdc7PgKbMQXKsTpiS3.jpg,Pleine,0.9,0.15324263996138995
adult-hiking-sunglasses-mh100-category-3_jpg.rf.dzsklH6ICJ3WVdqkVQm9.jpg,Pleine,0.9,0.21507056451612902
adult-hiking-sunglasses-mh100-category-3_jpg.rf.j8B1c0LVdhVeRVX4hUQG.jpg,Pleine,0.9,0.25058179658786334
adult-hiking-sunglasses-mh100-category-3_jpg.rf.jZpfS8fRBBXoAZI8FugE.jpg,Pleine,0.9,0.12382586705202313
adult-hiking-sunglasses-mh100-category-3_jpg.rf.kKi918ljAWDDsKaNowfW.jpg,Pleine,0.9,0.2425739247311828
adult-hiking-sunglasses-mh100-category-3_jpg.rf.n3HCUvsU91AKSD1OqYdA.jpg,Pleine,0.9,0.15836572966507176
adult-hiking-sunglasses-mh100-category-3_jpg.rf.o93NidK6GqqwLiCNtNYW.jpg,Pleine,0.9,0.2368037711549162
authentic_daniel_hechter_eyeglasses_1557711076_7b9945a8_progressive-jpg_aug_png_jpg.rf.6MTLeItf6ynNCnk2gbQA.jpg,Pleine,0.9,0.29894287109375
authentic_daniel_hechter_eyeglasses_1557711076_7b9945a8_progressive_jpg.rf.mFTM6oUqYc1Y6tQUNaZb.jpg,Pleine,0.9,0.278107755170816
authentic_daniel_hechter_eyeglasses_1557711076_7b9945a8_progressive_jpg.rf.VwFwAWLitv869ftncefG.jpg,Pleine,0.9,0.27810354269345805
best-eyeglass-frames-for-women-over-50_jpg.rf.7P3XFDNQz9SjlptC6Iec.jpg,Pleine,0.9,0.21017890278623738
best-eyeglass-frames-for-women-over-50_jpg.rf.9pFSo5UOIt9L4yVdsCh1.jpg,Pleine,0.9,0.19852242891458577
best-eyeglass-frames-for-women-over-50_jpg.rf.aXEzjbIMeJNWTbjqqL57.jpg,Pleine,0.9,0.20281034853700516
best-eyeglass-frames-for-women-over-50_jpg.rf.Fft1xVPa9i2gbvAOsWi0.jpg,Pleine,0.9,0.21825490940138506
best-eyeglass-frames-for-women-over-50_jpg.rf.FgZVVO8L9771zSK20vwC.jpg,Semi-cerclée,0.8,0.0707055853736245
best-eyeglass-frames-for-women-over-50_jpg.rf.guIUqAPLHgiUbd796zps.jpg,Pleine,0.9,0.2193656683452602
best-eyeglass-frames-for-women-over-50_jpg.rf.HMJ1QBEu5iRc8R9vnT66.jpg,Pleine,0.9,0.1760343700382927
best-eyeglass-frames-for-women-over-50_jpg.rf.nrSdRki0Nc6YDxUMdspU.jpg,Pleine,0.9,0.12538601463682897
best-eyeglass-frames-for-women-over-50_jpg.rf.pRVxuT6DbIENSk9RILhX.jpg,Pleine,0.9,0.18771080846131555
black-sun-glasses-on-a-sandy-beach-with-a-sea-background-F04E0Y_jpg.rf.78FLRYyRrqOjqbFAHJLK.jpg,Pleine,0.9,0.27366331520423476
black-sun-glasses-on-a-sandy-beach-with-a-sea-background-F04E0Y_jpg.rf.c3WZmcXOSCCeJXt9F25p.jpg,Pleine,0.9,0.27366331520423476
black-sunglasses-next-swimming-pool-260nw-1170751750-jpg_aug_png_jpg.rf.XnzThRz8U4uIylkru4Sw.jpg,Pleine,0.9,0.24062056865431297
black-sunglasses-next-swimming-pool-260nw-1170751750_jpg.rf.7MIN84kJfY70OFM5HbzV.jpg,Pleine,0.9,0.24425446316318833
black-sunglasses-next-swimming-pool-260nw-1170751750_jpg.rf.NeZe64FyAkyHY4sWntWf.jpg,Pleine,0.9,0.24425446316318833
blank-open-book-red-pencil-glasses-wooden-table-blank-open-book-red-pencil-glasses-wooden-table-153486271_jpg.rf.4gH2sCd0MdAKwaxRU1lg.jpg,Semi-cerclée,0.8,0.0862542745481192
blank-open-book-red-pencil-glasses-wooden-table-blank-open-book-red-pencil-glasses-wooden-table-153486271_jpg.rf.8AJG4C5ifwf6YEyuqx7r.jpg,Semi-cerclée,0.8,0.09602847829816435
blank-open-book-red-pencil-glasses-wooden-table-blank-open-book-red-pencil-glasses-wooden-table-153486271_jpg.rf.LrJfYCKlWvU0TRT60I30.jpg,Semi-cerclée,0.8,0.09842503452967491
blank-open-book-red-pencil-glasses-wooden-table-blank-open-book-red-pencil-glasses-wooden-table-153486271_jpg.rf.oSxpCb10nvCs96EcYuBl.jpg,Pleine,0.9,0.20637604734752102
blank-open-book-red-pencil-glasses-wooden-table-blank-open-book-red-pencil-glasses-wooden-table-153486271_jpg.rf.PP6iOzUy5FkgOLuDo523.jpg,Pleine,0.9,0.12797862797862797
blank-open-book-red-pencil-glasses-wooden-table-blank-open-book-red-pencil-glasses-wooden-table-153486271_jpg.rf.QH2khVJLupU3BfeRInjn.jpg,Semi-cerclée,0.8,0.05052606783919598
blank-open-book-red-pencil-glasses-wooden-table-blank-open-book-red-pencil-glasses-wooden-table-153486271_jpg.rf.UiDENEvrJpk2EMUOQZpW.jpg,Pleine,0.9,0.17032305044353238
blank-open-book-red-pencil-glasses-wooden-table-blank-open-book-red-pencil-glasses-wooden-table-153486271_jpg.rf.WT2iWij7bg81flxveY0z.jpg,Semi-cerclée,0.8,0.10627362055933484
blank-open-book-red-pencil-glasses-wooden-table-blank-open-book-red-pencil-glasses-wooden-table-153486271_jpg.rf.xI2BcepKNM7T0k6nBJum.jpg,Semi-cerclée,0.8,0.10088733576579817
blogger-image-1651765187-jpg_aug_png_jpg.rf.HpyH1LdUQD0vdAiDQBZd.jpg,Pleine,0.9,0.7377685546875
blogger-image-1651765187_jpg.rf.GA1ON3OryraBFVPs7d6C.jpg,Pleine,0.9,0.6965329313543599
blogger-image-1651765187_jpg.rf.ll26ul76cWXunH41ReAl.jpg,Pleine,0.9,0.6970081018518518
BLUE-LIGHT-GLASSES-jpg_aug_png_jpg.rf.RNNdb5un53a5yDGyc7yU.jpg,Semi-cerclée,0.8,0.0788979515190111
BLUE-LIGHT-GLASSES_jpg.rf.HH62A4o9sDazDih7OzBf.jpg,Semi-cerclée,0.8,0.09065277777777778
BLUE-LIGHT-GLASSES_jpg.rf.nHy0WYxoYgJrXitysO4l.jpg,Semi-cerclée,0.8,0.09056944444444444
business-books-glasses-table_jpg.rf.8MHqrpjJtGfLBpKU06Da.jpg,Percée,0.75,0.007802454704850964
business-books-glasses-table_jpg.rf.9t1Jp79rsU3DY1ZUft1f.jpg,Semi-cerclée,0.8,0.0829362810494886
business-books-glasses-table_jpg.rf.ClfLeutRcAa28AVfEr89.jpg,Semi-cerclée,0.8,0.08679042238364272
business-books-glasses-table_jpg.rf.D3s5LrYLvtpEHxwMoDRE.jpg,Percée,0.75,0.028582506203473947
business-books-glasses-table_jpg.rf.FeW5KYUGtfaBcxpdbnzl.jpg,Pleine,0.9,0.3754758883248731
business-books-glasses-table_jpg.rf.LvMHGxtiX3uU2vCaTYNb.jpg,Pleine,0.9,0.35365838290150214
business-books-glasses-table_jpg.rf.taAqpwB6x7KlAPdT0CNu.jpg,Pleine,0.9,0.33066230168723243
business-books-glasses-table_jpg.rf.vxYywISKQLnEeGV1x1TT.jpg,Semi-cerclée,0.8,0.05727208646616541
calvin_klein_minimalist_frames_1624169232_148d5acd_jpg.rf.eUsAwan6JcOEL3OtbuO5.jpg,Percée,0.75,0.04811217008797654
calvin_klein_minimalist_frames_1624169232_148d5acd_jpg.rf.MndufyDcYuOJNf3iciiA.jpg,Semi-cerclée,0.8,0.0926012323943662
calvin_klein_minimalist_frames_1624169232_148d5acd_jpg.rf.MW48OVQ5RXP2YhUDIPX9.jpg,Pleine,0.9,0.14370175910967511
calvin_klein_minimalist_frames_1624169232_148d5acd_jpg.rf.TxMzQFH8KYwPBE1QciIZ.jpg,Semi-cerclée,0.8,0.10973027842227379
calvin_klein_minimalist_frames_1624169232_148d5acd_jpg.rf.u6gyhBZlSu4gNaftupxK.jpg,Pleine,0.9,0.15611761079224346
calvin_klein_minimalist_frames_1624169232_148d5acd_jpg.rf.vQFbp0FdYUaqnI5zDbLR.jpg,Pleine,0.9,0.15992055084745763
calvin_klein_minimalist_frames_1624169232_148d5acd_jpg.rf.YGGs0N8AnwZkI6kHqyyV.jpg,Semi-cerclée,0.8,0.07486505681818181
Cartier-Rimless-all-White-Horn-Diamond-Cut-Sunglasses_jpg.rf.eaZ2vpWHYvK2OOcSA9Ca.jpg,Pleine,0.9,0.49375603270524343
Cartier-Rimless-all-White-Horn-Diamond-Cut-Sunglasses_jpg.rf.ob6PfEgRgOKmdRFOpXTp.jpg,Pleine,0.9,0.49375603270524343
Cartier-Rimless-Bubinga-Wood-Glasses-Gradient-Blue-Tint-jpg_cloud_affine_aug_png_jpg.rf.4dC5TmuhMNE5Uvthe7qJ.jpg,Semi-cerclée,0.8,0.09077951628572889
Cartier-Rimless-Bubinga-Wood-Glasses-Gradient-Blue-Tint-jpg_dropout_aug_png_jpg.rf.72twsLlNPmBwJXcOQ0pX.jpg,Pleine,0.9,0.285958904109589
Cartier-Rimless-Bubinga-Wood-Glasses-Gradient-Blue-Tint-jpg_flip_aug_png_jpg.rf.8OJIZnTKHe5Wyq2zyUvi.jpg,Pleine,0.9,0.2726691859722146
Cartier-Rimless-Bubinga-Wood-Glasses-Gradient-Blue-Tint-jpg_shear_aug_png_jpg.rf.kSl9SaH1PP47wvUw6ohP.jpg,Pleine,0.9,0.26429072903964823
Cartier-Rimless-Bubinga-Wood-Glasses-Gradient-Blue-Tint_jpg.rf.cSkQll3mRao2wnrkltIV.jpg,Pleine,0.9,0.2676959838250161
Cartier-Rimless-Bubinga-Wood-Glasses-Gradient-Blue-Tint_jpg.rf.KXjP5XGo3HkXpfNpxQDd.jpg,Pleine,0.9,0.2676959838250161
close-up-eyeglasses-table-glasses-black-vintage-frame-wooden-background-table-view-above-119895377_jpg.rf.1MZ2KWQpQm3hMN9m5Jei.jpg,Pleine,0.9,0.19958302897492086
close-up-eyeglasses-table-glasses-black-vintage-frame-wooden-background-table-view-above-119895377_jpg.rf.d2daH1rmFOKp6lIlG0qz.jpg,Semi-cerclée,0.8,0.08014876110624453
close-up-eyeglasses-table-glasses-black-vintage-frame-wooden-background-table-view-above-119895377_jpg.rf.hbzUx8JoGth1lbrJYQgU.jpg,Pleine,0.9,0.212615013464991
close-up-eyeglasses-table-glasses-black-vintage-frame-wooden-background-table-view-above-119895377_jpg.rf.M9XBJkCQal7CpBmhJ4sZ.jpg,Percée,0.75,0.018368849545539176
close-up-eyeglasses-table-glasses-black-vintage-frame-wooden-background-table-view-above-119895377_jpg.rf.Mvr5ock6saZicjOP3dkf.jpg,Semi-cerclée,0.8,0.06716081593927893
close-up-eyeglasses-table-glasses-black-vintage-frame-wooden-background-table-view-above-119895377_jpg.rf.nCM6Xva3ylFQkLmc67v2.jpg,Pleine,0.9,0.13489471090193955
close-up-eyeglasses-table-glasses-black-vintage-frame-wooden-background-table-view-above-119895377_jpg.rf.quwYaezAXnGHvDfEhJpu.jpg,Semi-cerclée,0.8,0.1155443521520899
close-up-eyeglasses-table-glasses-black-vintage-frame-wooden-background-table-view-above-119895377_jpg.rf.qvCAYjOsAGy5q9DEHuko.jpg,Pleine,0.9,0.12607753156533644
close-up-eyeglasses-table-glasses-black-vintage-frame-wooden-background-table-view-above-119895377_jpg.rf.umwpjBYOcuT0tadNbBqk.jpg,Semi-cerclée,0.8,0.109071756232227
close-up-eyeglasses-table-glasses-black-vintage-frame-wooden-background-view-above-119304223_jpg.rf.AQAoLZLIuPL0tHJlzA2c.jpg,Semi-cerclée,0.8,0.06093831126687435
close-up-eyeglasses-table-glasses-black-vintage-frame-wooden-background-view-above-119304223_jpg.rf.hRSvUPDXZdbYvRqKWOMr.jpg,Pleine,0.9,0.12244335409890292
closeup-shot-stylish-glasses-arranged-top-laptop-working-desk-sunlight-eyeglasses-laptop-sunlight-105449922_jpg.rf.9aUl7IjMHTJ4oDo1YOuA.jpg,Pleine,0.9,0.4849984413965087
closeup-shot-stylish-glasses-arranged-top-laptop-working-desk-sunlight-eyeglasses-laptop-sunlight-105449922_jpg.rf.jgDRC92owB1lSooGBnka.jpg,Percée,0.75,0.0
closeup-shot-stylish-glasses-arranged-top-laptop-working-desk-sunlight-eyeglasses-laptop-sunlight-105449922_jpg.rf.m04KJXbXATphv38JSUqS.jpg,Pleine,0.9,0.4847440766865618
closeup-shot-stylish-glasses-arranged-top-laptop-working-desk-sunlight-eyeglasses-laptop-sunlight-105449922_jpg.rf.rTzLkGeSJhPThkGLtu8S.jpg,Pleine,0.9,0.44173081622678395
closeup-shot-stylish-glasses-arranged-top-laptop-working-desk-sunlight-eyeglasses-laptop-sunlight-105449922_jpg.rf.ZcPzjRPk6iZigafJmNTu.jpg,Percée,0.75,0.0
closeup-shot-stylish-glasses-arranged-top-laptop-working-desk-sunlight-eyeglasses-laptop-sunlight-105449922_jpg.rf.zG6yxrET29fayRBnubda.jpg,Pleine,0.9,0.4001306448432262
closeup-shot-stylish-glasses-arranged-top-laptop-working-desk-sunlight-eyeglasses-laptop-sunlight-105449922_jpg.rf.Zu8ndZ5cpHogiLVLTLUP.jpg,Semi-cerclée,0.8,0.08778908070456766
content_round-frames-02_jpg.rf.EepTXVa0I3lfNteCkxI4.jpg,Percée,0.75,0.033216410693504235
content_round-frames-02_jpg.rf.IiULOAmvJf5KivBk4aLl.jpg,Semi-cerclée,0.8,0.055926550790599126
content_round-frames-02_jpg.rf.J09867y0fJJd4cjYCB5X.jpg,Semi-cerclée,0.8,0.09462859217761178
content_round-frames-02_jpg.rf.jLW5w3YPu1sN1VsgmauL.jpg,Pleine,0.9,0.13146918163698076
content_round-frames-02_jpg.rf.nucX2ZkYDBHLNfd6f6Ku.jpg,Pleine,0.9,0.13818353694008145
download-1-_jpeg_jpg.rf.5cH7wCyX8HbB7FaEdIUB.jpg,Semi-cerclée,0.8,0.08629240483677174
download-1-_jpeg_jpg.rf.GT60wQhWm6k2PhS6wsgT.jpg,Semi-cerclée,0.8,0.08132183908045977
download-1-_jpeg_jpg.rf.rIHF1DnJA7YU8lyAlT9F.jpg,Pleine,0.9,0.2015000958090389
download-1-_jpeg_jpg.rf.zNuOdFNZiuDxCBFY8d5I.jpg,Pleine,0.9,0.14713535923786
download_jpeg_jpg.rf.bNUctGJPEItJevWRqTiu.jpg,Percée,0.75,0.008743386952294182
download_jpeg_jpg.rf.fXkhf6KWbtDcE54Hnodb.jpg,Percée,0.75,0.017748805989415258
download_jpeg_jpg.rf.tsw21aEpcZPH4SoUMFRz.jpg,Percée,0.75,0.011782252050708427
download_jpeg_jpg.rf.UWrYJsw5ZGv6nQpybady.jpg,Percée,0.75,0.01782806903288831
e12470229ee44e49_jpg.rf.7entobEYA33CfLDQHWoy.jpg,Semi-cerclée,0.8,0.06923991409725418
e12470229ee44e49_jpg.rf.OchzeadvU3FGxyLj5fGJ.jpg,Semi-cerclée,0.8,0.10085787686943756
e12470229ee44e49_jpg.rf.oq5IEslrsMmZPTTc4CYw.jpg,Pleine,0.9,0.17680985545371244
e12470229ee44e49_jpg.rf.pmYwiUo5lIi76fW09Zwi.jpg,Semi-cerclée,0.8,0.10263768969126112
e12470229ee44e49_jpg.rf.Z0LMGArY8Sizc3UaCidH.jpg,Percée,0.75,0.025653855375217603
e84-jpg_aug_png_jpg.rf.MB8Jppkdec792goevHhf.jpg,Pleine,0.9,0.4027770072430267
e84_jpg.rf.HLYBLLd5zqOtxUJMYU7f.jpg,Percée,0.75,0.027544128242074927
e84_jpg.rf.nedFsBVHHMucII0jDX22.jpg,Percée,0.75,0.027544128242074927
Eddie-Bauer-Preston-Sunglasses-1_jpg.rf.ct48groOpJeOp06jkWZs.jpg,Semi-cerclée,0.8,0.1109692323847527
Eddie-Bauer-Preston-Sunglasses-1_jpg.rf.LUGzf4iX35PMNMqVRCvE.jpg,Pleine,0.9,0.3776762867230266
Eddie-Bauer-Preston-Sunglasses-1_jpg.rf.PYyHfDKK3trosrUVIzOH.jpg,Pleine,0.9,0.2884320609177215
Eddie-Bauer-Preston-Sunglasses-1_jpg.rf.w2303eVeHFGacyMdBY8n.jpg,Pleine,0.9,0.15624420930970262
eye-glass-shop_jpg.rf.1pW7RlbZnXKD1LKWowsz.jpg,Pleine,0.9,0.17215358044373588
eye-glass-shop_jpg.rf.DGZEZKFWDMqCohOzN7wr.jpg,Percée,0.75,0.0
eye-glass-shop_jpg.rf.Ejp38WnoNLpIxmVc8rlN.jpg,Semi-cerclée,0.8,0.07629615082482326
eye-glass-shop_jpg.rf.gRgK7Mqg37BoSuFRgnac.jpg,Semi-cerclée,0.8,0.05899754276307942
eye-glass-shop_jpg.rf.QNCSXQwotfCA2keLGyUH.jpg,Semi-cerclée,0.8,0.0697185214865271
eye-glasses-table_jpg.rf.09VCVApmWBVnOGI42D4F.jpg,Pleine,0.9,0.18435309973045821
eye-glasses-table_jpg.rf.1vJOfd4uTVmsfBhsn5a0.jpg,Pleine,0.9,0.21800142917801552
eye-glasses-table_jpg.rf.ddq6bieFzImDejiuBEhZ.jpg,Pleine,0.9,0.6373560910307898
eye-glasses-table_jpg.rf.P2FCkniUUeC512zDg5yx.jpg,Pleine,0.9,0.1441389504804139
eye-glasses-table_jpg.rf.TEEBxm2qvMW2XF2q2yuT.jpg,Pleine,0.9,0.1465716547901821
eye-glasses-table_jpg.rf.XOrUP9YAcdjxtGSxWPKg.jpg,Pleine,0.9,0.19501962754181318
eye-glasses-table_jpg.rf.yxuUK0p9Px5G9UXStRsn.jpg,Pleine,0.9,0.1349469940955448
eyeglasses-microfiber-and-cloth-e1647415642960-jpg_flip_aug_png_jpg.rf.znrKspcZeveCawG8sfYb.jpg,Pleine,0.9,0.491414686825054
eyeglasses-on-marble_jpg.rf.3jURQ58wpXK6HrhMoPG6.jpg,Percée,0.75,0.015677491601343786
eyeglasses-on-marble_jpg.rf.3r7FHcVqmZA6dWWMBRcZ.jpg,Percée,0.75,0.03781661600810537
eyeglasses-on-marble_jpg.rf.I4fbaOcAfGXD1i4mF5DM.jpg,Percée,0.75,0.012891852349315234
eyeglasses-on-marble_jpg.rf.lCFS7nrr26YSBETd6nEB.jpg,Percée,0.75,0.04011521340665095
eyeglasses-on-marble_jpg.rf.n8U6YK5r6D3B6Kn4OKAe.jpg,Semi-cerclée,0.8,0.054602328679835485
eyeglasses-on-marble_jpg.rf.TFPVoX3ppsECW4Xpo6I7.jpg,Semi-cerclée,0.8,0.056921373200442965
eyeglasses-on-marble_jpg.rf.v7UQcdkPS2SlEbM9EZC1.jpg,Percée,0.75,0.01794890672163734
eyeglasses-on-marble_jpg.rf.wYqfJd5XsYz0ETS6OKlg.jpg,Semi-cerclée,0.8,0.05361088097210715
eyeglasses-on-marble_jpg.rf.xTWyl9dG0XNEkSkjATDP.jpg,Percée,0.75,0.030413996541552232
eyeglasses-sunglasses-military-discount_jpg.rf.2EFH1wRdqYQ2aKEgrZyI.jpg,Pleine,0.9,0.2619058130978661
eyeglasses-sunglasses-military-discount_jpg.rf.grR34WaLVmskf5hrzRc3.jpg,Pleine,0.9,0.22784840073181503
eyeglasses-sunglasses-military-discount_jpg.rf.iUJywYTEoL1j60qNCIhS.jpg,Pleine,0.9,0.23126806149578083
eyeglasses-sunglasses-military-discount_jpg.rf.mxWR0cbrrYYKfCpCazKk.jpg,Pleine,0.9,0.21785975699019178
eyeglasses-sunglasses-military-discount_jpg.rf.pay900B2LC8lSeR1M7Kp.jpg,Pleine,0.9,0.21281626578328292
eyeglasses-sunglasses-military-discount_jpg.rf.qXQFQl7BqNPZUs8U7J2h.jpg,Pleine,0.9,0.23037960078458522
eyeglasses-sunglasses-military-discount_jpg.rf.uThiofJQXiL2cQuA1i0x.jpg,Pleine,0.9,0.16547999290213822
eyeglasses-table-business-money-trader-investment-150778204_jpg.rf.jrrWgbv7KUCDwswXhvg2.jpg,Pleine,0.9,0.5585218085218085
eyeglasses-table-business-money-trader-investment-150778204_jpg.rf.oaXGIYZL6uWXF0kgL8oC.jpg,Pleine,0.9,0.7172071221601146
eyeglasses-table-business-money-trader-investment-150778204_jpg.rf.oZjETpPiCQER0HlHk8H8.jpg,Pleine,0.9,0.6310973084886128
eyeglasses-table-business-money-trader-investment-150778204_jpg.rf.VPapJqsO1mdQJ40ords9.jpg,Pleine,0.9,0.7743513391438178
eyeglasses-table-business-money-trader-investment-150778204_jpg.rf.xYF17QkxcMc3D579GK1m.jpg,Semi-cerclée,0.8,0.07197721061447589
eyeglasses-white-table_93675-22097_jpg.rf.6JIIRE2mzw6KwiEWdVNF.jpg,Semi-cerclée,0.8,0.057040895061728394
eyeglasses-white-table_93675-22097_jpg.rf.8hhXvTYwp45gGzjKnHhM.jpg,Semi-cerclée,0.8,0.10142786281179138
eyeglasses-white-table_93675-22097_jpg.rf.IUZ9588GA33e01EuCU7B.jpg,Semi-cerclée,0.8,0.11903596698113207
fathers-day-image-1050x700_jpg.rf.DyyohOSoqqEQPafiwI4g.jpg,Pleine,0.9,0.42833295201294797
fathers-day-image-1050x700_jpg.rf.fQ2Wi8WfEEVVNy7saqIh.jpg,Semi-cerclée,0.8,0.09603244405355223
fathers-day-image-1050x700_jpg.rf.nsfplwZCDWIEn1QwDdRd.jpg,Percée,0.75,0.033643120711347944
fathers-day-image-1050x700_jpg.rf.PVB9foG51caLQYhCkuLW.jpg,Pleine,0.9,0.4581923293852228
fathers-day-image-1050x700_jpg.rf.R4f6Q2uow27Z35SsgRSb.jpg,Pleine,0.9,0.273929518757105
fb108a526282e3cedabd8655de63276b-jpg_aug_png_jpg.rf.hY41NErldYkh8AA2ufbe.jpg,Pleine,0.9,1.0
fb108a526282e3cedabd8655de63276b_jpg.rf.H71hGh5yCubpmzd99nwA.jpg,Pleine,0.9,0.25947562836264354
fb108a526282e3cedabd8655de63276b_jpg.rf.u1gEBuYv9jHoRaduGoG2.jpg,Pleine,0.9,0.2594689365347038
find_our_store_tbdeyewear_1__jpg.rf.1Nond8tgUiOnSGO2SmID.jpg,Semi-cerclée,0.8,0.0573032759202972
find_our_store_tbdeyewear_1__jpg.rf.7uGWyVVHDIIq8PzrkaT7.jpg,Pleine,0.9,0.35100029565388785
find_our_store_tbdeyewear_1__jpg.rf.Befvo9JJ4LoWnIRC5ulS.jpg,Pleine,0.9,0.6157407407407407
find_our_store_tbdeyewear_1__jpg.rf.h9HGbgSqhHFJB7mu4ePP.jpg,Percée,0.75,0.019880254537475314
find_our_store_tbdeyewear_1__jpg.rf.I1nxqZ1MTwkU8jZkUUJz.jpg,Pleine,0.9,0.6277858726639215
find_our_store_tbdeyewear_1__jpg.rf.IEAjhnyoyzjIr79UChjy.jpg,Pleine,0.9,0.6090855490889726
find_our_store_tbdeyewear_1__jpg.rf.ssP5obcb0jM61B9Fddjt.jpg,Percée,0.75,0.006489292667099286
find_our_store_tbdeyewear_1__jpg.rf.ydMuELcXB0YBF05v5vwb.jpg,Pleine,0.9,0.3462929475587703
find_our_store_tbdeyewear_1__jpg.rf.ynbapxfLsVlLo7QRa2dM.jpg,Pleine,0.9,0.3394380688563514
FSW2LSCI98BMU7P_jpg.rf.aWky3nYTcFTUOu0YUTGu.jpg,Semi-cerclée,0.8,0.09674229621372839
gettyimages-1164117320-1024x1024_jpg.rf.7I3w4prIIPvf9GGzHOxa.jpg,Pleine,0.9,0.204375
gettyimages-1164117320-1024x1024_jpg.rf.b8e1QcBcyVxAh8HIwnaw.jpg,Pleine,0.9,0.15877502944640753
gettyimages-1164117320-1024x1024_jpg.rf.GtR56cSBh0K0X46MS9ii.jpg,Semi-cerclée,0.8,0.0818232076350093
gettyimages-1164117320-1024x1024_jpg.rf.McLD4FOp98OAEXKX7mjm.jpg,Pleine,0.9,0.5544621679316888
gettyimages-1164117320-1024x1024_jpg.rf.NdEyHSLow1LEep6YldX4.jpg,Pleine,0.9,0.5594152227722772
glasses-black-vintage-frame-wooden-background-table-view-above-close-up-eyeglasses-table-119304222_jpg.rf.ai5myqdybltqrFbgprNS.jpg,Pleine,0.9,0.12033245941875384
glasses-black-vintage-frame-wooden-background-table-view-above-close-up-eyeglasses-table-119304222_jpg.rf.D1wIjeoZB8d7lQi8Y44p.jpg,Semi-cerclée,0.8,0.07614506189283748
glasses-black-vintage-frame-wooden-background-table-view-above-close-up-eyeglasses-table-119304222_jpg.rf.e0eMlDwsBU4QqanDQaUN.jpg,Pleine,0.9,0.1763871621310494
glasses-black-vintage-frame-wooden-background-table-view-above-close-up-eyeglasses-table-119304222_jpg.rf.JVIE02wRPBLOJ8ToCpLU.jpg,Semi-cerclée,0.8,0.0670218876894127
glasses-black-vintage-frame-wooden-background-table-view-above-close-up-eyeglasses-table-119304222_jpg.rf.skAAPoXBGUiGYrUcOpC9.jpg,Pleine,0.9,0.1373494580489763
glasses-black-vintage-frame-wooden-background-table-view-above-close-up-eyeglasses-table-119304222_jpg.rf.tJB5lpWFdtpXP7J37FeN.jpg,Semi-cerclée,0.8,0.07870299214159994
glasses-black-vintage-frame-wooden-background-table-view-above-close-up-eyeglasses-table-119304222_jpg.rf.YVsOvBVadbBbQNr3tJz4.jpg,Pleine,0.9,0.12457662389850455
glasses0_png-jpg_aug_png_jpg.rf.qHFR8HmyeifgyTEtEopS.jpg,Pleine,0.9,0.1454974068835455
glasses0_png_jpg.rf.IsUbx8mAACdspMFgJcAf.jpg,Pleine,0.9,0.19745370370370371
glasses0_png_jpg.rf.vfl2ZVNnlopkAWykLAWq.jpg,Pleine,0.9,0.20008557980316646
glasses100_png_jpg.rf.8QZTqW07kTWOy23qNEA8.jpg,Pleine,0.9,0.3092679127725857
glasses100_png_jpg.rf.9YHuPxcJ7sTX3oClJ3Oi.jpg,Pleine,0.9,0.3092679127725857
glasses100_png_jpg.rf.VlKg8xI1Pz3kFFGZTyZh.jpg,Pleine,0.9,0.3019969278033794
glasses101_png-jpg_cloud_affine_aug_png_jpg.rf.jqTrROoSamvdrAP1vrJk.jpg,Percée,0.75,0.030434782608695653
glasses101_png-jpg_dropout_aug_png_jpg.rf.JkSOcjrslBRip7niLxY7.jpg,Pleine,0.9,0.8955875928352992
glasses101_png-jpg_flip_aug_png_jpg.rf.02Yk0fcAJ1iihCE1LWKR.jpg,Pleine,0.9,0.8527708850289496
glasses101_png-jpg_shear_aug_png_jpg.rf.MHOmPnVefgwXWVnd6kaH.jpg,Pleine,0.9,0.8708010335917312
glasses101_png_jpg.rf.3Rl1fw79666K6db8yf4E.jpg,Pleine,0.9,0.8971175166297117
glasses101_png_jpg.rf.Ase1B5Uky1Oi7DwZIkRO.jpg,Pleine,0.9,0.8478084415584416
glasses101_png_jpg.rf.IVulFton3Giybpbwgqjq.jpg,Pleine,0.9,0.8815873693193941
glasses101_png_jpg.rf.jl7saFO6unW8Tf3zmXO4.jpg,Pleine,0.9,0.8575969485060394
glasses101_png_jpg.rf.SF5CqcGotwc0zarunTyz.jpg,Pleine,0.9,0.8971175166297117
glasses102_png-jpg_aug_png_jpg.rf.F7x7Z4eHXZnzarjQmQ0w.jpg,Semi-cerclée,0.8,0.09915662789226008
glasses102_png_jpg.rf.MUfKBW4Fzr78Uv8C5wFG.jpg,Pleine,0.9,0.13557174532784289
glasses102_png_jpg.rf.StAeb3hyx37aFSrzVA5T.jpg,Pleine,0.9,0.13274387874076954
glasses102_png_jpg.rf.V5fYTqea8ZpoR7Fd73QS.jpg,Semi-cerclée,0.8,0.10485389709009173
glasses103_png_jpg.rf.dCGA9Zschgf2kjZ8X8j6.jpg,Pleine,0.9,0.22725490196078432
glasses103_png_jpg.rf.hkzaJcKIB7BU6P47HaW4.jpg,Pleine,0.9,0.22725490196078432
glasses103_png_jpg.rf.uJrMKUR1UHELZl3HkE7N.jpg,Pleine,0.9,0.21757618710134657
glasses103_png_jpg.rf.v2Ek2AaHZQDIUBV5mNzw.jpg,Pleine,0.9,0.22941176470588234
glasses104_png-jpg_aug_png_jpg.rf.Qv89J3bMB8BZZBfahtka.jpg,Pleine,0.9,0.3313990038203008
glasses104_png_jpg.rf.fWkwCZht49nATA5jLPYx.jpg,Pleine,0.9,0.4176122780735027
glasses104_png_jpg.rf.gZPCSkL07ab8kTY8KXxF.jpg,Pleine,0.9,0.4272799065497442
glasses104_png_jpg.rf.s4A03Glbx1mSfUfTgdBF.jpg,Pleine,0.9,0.41179986338797814
glasses104_png_jpg.rf.uuJwiTlTdabHlkcll2lP.jpg,Pleine,0.9,0.31461354246164375
glasses105_png-jpg_aug_png_jpg.rf.YSDxvQV9zSpsdFqIJ47L.jpg,Pleine,0.9,0.13123718386876282
glasses105_png_jpg.rf.AXdTG0bm8UPa3J6BS1xe.jpg,Pleine,0.9,0.28603803330377375
glasses105_png_jpg.rf.Ng4fcTsaXjXPo6V4aon5.jpg,Pleine,0.9,0.2711894586894587
glasses105_png_jpg.rf.on2a7GdmwjkLvkWae4il.jpg,Pleine,0.9,0.2920603015075377
glasses106_png-jpg_cloud_affine_aug_png_jpg.rf.bDmxmtAUPVw1XOx1gtkq.jpg,Percée,0.75,0.014742718099191298
glasses106_png-jpg_dropout_aug_png_jpg.rf.4Gz8Uy7ucrRbz1Qa5pgA.jpg,Pleine,0.9,0.3874375100790195
glasses106_png-jpg_flip_aug_png_jpg.rf.23nJv4GgknjJAjxTqaNR.jpg,Pleine,0.9,0.3706414797323888
glasses106_png-jpg_shear_aug_png_jpg.rf.3JYyz8ooKorJVsLynahM.jpg,Pleine,0.9,0.37772773161450646
glasses106_png_jpg.rf.2n0LRxPbTVBStffqJinh.jpg,Pleine,0.9,0.3695840213886923
glasses106_png_jpg.rf.Q51Jc894yZPOQCzSlWUD.jpg,Pleine,0.9,0.38890739506995337
glasses107_png-jpg_cloud_affine_aug_png_jpg.rf.KKBeW88jcUXGAtTccwOy.jpg,Pleine,0.9,0.19521604938271606
glasses107_png-jpg_dropout_aug_png_jpg.rf.gi2Yfv6n1ANuXfmVZ1N9.jpg,Pleine,0.9,0.423983423983424
glasses107_png-jpg_flip_aug_png_jpg.rf.j5nTKeCKtUNEgNvEoJJ9.jpg,Pleine,0.9,0.31528662420382164
glasses107_png-jpg_shear_aug_png_jpg.rf.2Azh1KyXeIM0aHFev4LN.jpg,Pleine,0.9,0.3944573944573945
glasses107_png_jpg.rf.byoMQh50LptEiVUizD0e.jpg,Pleine,0.9,0.39284802043422734
glasses107_png_jpg.rf.iAFybZRPGH07VKUOmsMy.jpg,Pleine,0.9,0.3978243978243978
glasses107_png_jpg.rf.YRHgkLut8hLtvZ1GNvdd.jpg,Pleine,0.9,0.3978243978243978
glasses108_png-jpg_cloud_affine_aug_png_jpg.rf.MyTLPmRd3M4HuFLwFsyI.jpg,Percée,0.75,0.016846361185983826
glasses108_png-jpg_dropout_aug_png_jpg.rf.lCTc3Q3oGhVBXLfw16H9.jpg,Pleine,0.9,0.5361171216794807
glasses108_png-jpg_flip_aug_png_jpg.rf.SQq5WNa5AiZfHXPk5WlL.jpg,Pleine,0.9,0.49972414880201765
glasses108_png-jpg_shear_aug_png_jpg.rf.r7jTxEpC3woPUfXRdQv6.jpg,Pleine,0.9,0.5020960594083124
glasses108_png_jpg.rf.czRPiMcT2r7214mIXTtf.jpg,Pleine,0.9,0.5014619883040936
glasses108_png_jpg.rf.jU78iihI8Wm78HU4vQoB.jpg,Pleine,0.9,0.4495470475434768
glasses108_png_jpg.rf.RZKQD1IYMN42bKIsYAel.jpg,Pleine,0.9,0.49836080099237995
glasses108_png_jpg.rf.vrcUh5E3JYtou9dYnNnF.jpg,Pleine,0.9,0.49836080099237995
glasses108_png_jpg.rf.wV7YGJhNExf2C28e11tB.jpg,Pleine,0.9,0.480875953207969
glasses109_png_jpg.rf.KLPbE8H367CceRS0LyqP.jpg,Pleine,0.9,0.45573824041811845
glasses109_png_jpg.rf.Q7YGurtl13vtF8RqVYfL.jpg,Pleine,0.9,0.47152281473337
glasses109_png_jpg.rf.WmNewNZ1BEJUDFuyTBEi.jpg,Pleine,0.9,0.7134796238244514
glasses109_png_jpg.rf.WQHzgPg13IRYKblSmBFL.jpg,Pleine,0.9,0.7112068965517241
glasses10_png-jpg_aug_png_jpg.rf.ojWe46eXyayFDxMzYbfK.jpg,Semi-cerclée,0.8,0.052430274435355535
glasses10_png_jpg.rf.1un3PPumJGXKJczWSlV7.jpg,Semi-cerclée,0.8,0.08678973664154459
glasses10_png_jpg.rf.jHc2qOvvAWw1Rord5apr.jpg,Semi-cerclée,0.8,0.08675135190286705
glasses110_png-jpg_aug_png_jpg.rf.BIrS9sJFmoOXbLzdqKT3.jpg,Pleine,0.9,1.0
glasses110_png_jpg.rf.4sljNRk4gj6wyTXvjC6z.jpg,Pleine,0.9,0.3913984656034126
glasses110_png_jpg.rf.ASCMjEG38pnewti42IJU.jpg,Pleine,0.9,0.44596047300090963
glasses110_png_jpg.rf.hywhYkY6QBAh8VKCRThH.jpg,Pleine,0.9,0.4714325529542921
glasses110_png_jpg.rf.pfekpIZWu891lbKyGA71.jpg,Pleine,0.9,0.4411690496215307
glasses111_png_jpg.rf.43QL2hdLPYeN5YCmb9lQ.jpg,Pleine,0.9,0.5536128533379157
glasses111_png_jpg.rf.6luQg7hLgyltp0IZzVYR.jpg,Pleine,0.9,0.5494031830238727
glasses111_png_jpg.rf.c0Z3TUgi1W1Z0cNcPDRi.jpg,Pleine,0.9,0.5536128533379157
glasses111_png_jpg.rf.eCd9UAeHV1BlmWsBrX2U.jpg,Pleine,0.9,0.5501761319701005
glasses111_png_jpg.rf.hIcDeBX5QzqV4OfTjMP8.jpg,Pleine,0.9,0.5399877023980324
glasses112_png-jpg_aug_png_jpg.rf.ymav7gemIpWyDmNiRuK1.jpg,Pleine,0.9,0.29149876511114
glasses113_png-jpg_dropout_aug_png_jpg.rf.lWrZycNGplqmbiborglC.jpg,Pleine,0.9,0.4453802328461729
glasses113_png-jpg_shear_aug_png_jpg.rf.qHkz2nYQZdGanI0OE3Lh.jpg,Pleine,0.9,0.40364558864981676
glasses113_png_jpg.rf.AvnTbLihFLRNiRMcnrGs.jpg,Pleine,0.9,0.400455221107395
glasses113_png_jpg.rf.oPCok1MceWT1GOULDa9y.jpg,Pleine,0.9,0.2828072828072828
glasses113_png_jpg.rf.ysjBPdBxaEEezp4xBak1.jpg,Pleine,0.9,0.3939442773241656
glasses114_png-jpg_dropout_aug_png_jpg.rf.a8cPKgV4X2iMxytT4wfm.jpg,Pleine,0.9,0.2130663856691254
glasses114_png-jpg_shear_aug_png_jpg.rf.z3PO5VDHu0Rj4ceIhXMq.jpg,Pleine,0.9,0.20495495495495494
glasses114_png_jpg.rf.HBffqmMXYPpKeTsULKxs.jpg,Pleine,0.9,0.21651671421256674
glasses114_png_jpg.rf.kV17OILfytDKOlRivPmA.jpg,Pleine,0.9,0.1634450820497332
glasses114_png_jpg.rf.ZmZsQ3JG4zb2qFAKGbOG.jpg,Pleine,0.9,0.2130663856691254
glasses115_png-jpg_aug_png_jpg.rf.VNNz2wzRHs0ZG7xGuNcu.jpg,Pleine,0.9,0.37276391431416
glasses115_png_jpg.rf.0R9T9KZJ4C0xo1rVPDMb.jpg,Pleine,0.9,0.27959456875119526
glasses115_png_jpg.rf.2V3aDFK4sYujCM5mewNe.jpg,Pleine,0.9,0.34335796528613166
glasses115_png_jpg.rf.XjcyWLg6hbXwWO2Asvvv.jpg,Pleine,0.9,0.34335796528613166
glasses115_png_jpg.rf.yN6gpmY3WoqMcR3lx6TH.jpg,Pleine,0.9,0.33696624189581936
glasses116_png_jpg.rf.7DP0CU1epQHaZ7b8UKCk.jpg,Pleine,0.9,0.3769200813465449
glasses116_png_jpg.rf.trML3JcioydOJzzszHYk.jpg,Pleine,0.9,0.3769200813465449
glasses116_png_jpg.rf.vh6lqgUf5ukpafcbOIXr.jpg,Pleine,0.9,0.3875993640699523
glasses117_png_jpg.rf.khh29GpTeao6nkJ2J5lI.jpg,Pleine,0.9,0.5841262473891854
glasses117_png_jpg.rf.S7WBrC2d7T0jDq8BDh6c.jpg,Pleine,0.9,0.5491539944313557
glasses117_png_jpg.rf.zEdmvgftQIhfr0av867y.jpg,Pleine,0.9,0.5483122362869198
glasses118_png-jpg_aug_png_jpg.rf.w3IhlJbx6WtWay4DNHV9.jpg,Pleine,0.9,0.9932415055041888
glasses118_png_jpg.rf.ezdBK5eYGmZcox9fhBdf.jpg,Pleine,0.9,0.20920796778589254
glasses118_png_jpg.rf.KgUnJzJhFPd2M2qvx6e5.jpg,Pleine,0.9,0.16532320872274142
glasses118_png_jpg.rf.S8g83vMeLd5UVggQY1CR.jpg,Pleine,0.9,0.16772139536700653
glasses118_png_jpg.rf.uvMixtXZVE8GCMImEVaR.jpg,Pleine,0.9,0.20402784175239266
glasses119_png_jpg.rf.hCgZFEsZBtFVwRl0rfiC.jpg,Pleine,0.9,0.30892999858962905
glasses119_png_jpg.rf.t59drbKFd6ru3uk66AiL.jpg,Pleine,0.9,0.3077197957372249
glasses119_png_jpg.rf.tJtv9hr8cnVfEOZhsKU0.jpg,Pleine,0.9,0.3077197957372249
glasses11_png_jpg.rf.fAYit6mmYZlImysrkEXo.jpg,Semi-cerclée,0.8,0.06931216931216931
glasses11_png_jpg.rf.HKpQrRaPgGSq9Mb6IUcW.jpg,Semi-cerclée,0.8,0.07208423326133909
glasses11_png_jpg.rf.JF6UdRcCLZU2vf2AkbCb.jpg,Semi-cerclée,0.8,0.07135456240933895
glasses11_png_jpg.rf.QaTZL11N3Gz04gGMXCd6.jpg,Percée,0.75,0.04308977641412623
glasses120_png_jpg.rf.iBVRHk84l05kQqqr01ON.jpg,Pleine,0.9,0.2690594310013162
glasses120_png_jpg.rf.LqyC0CdYvJNpctkjEaVU.jpg,Pleine,0.9,0.2685381355932203
glasses120_png_jpg.rf.nGLLyg8YnjpYAgVDllok.jpg,Pleine,0.9,0.2764423076923077
glasses120_png_jpg.rf.okWDQTP9ziInXQbLHFeh.jpg,Pleine,0.9,0.212141819418256
glasses120_png_jpg.rf.sQpFIfrV4IQeBBGpZpfS.jpg,Pleine,0.9,0.2764423076923077
glasses121_png_jpg.rf.CAu0NIji8uzeVl4yxn0c.jpg,Pleine,0.9,0.28239722061378114
glasses121_png_jpg.rf.lpUNfSW6kruqCrA33Wiv.jpg,Pleine,0.9,0.3198712897294458
glasses121_png_jpg.rf.WNYElrs2umEzczkElYXg.jpg,Pleine,0.9,0.30369718309859156
glasses122_png_jpg.rf.BT9eOz2QMbLFJh5H67lI.jpg,Pleine,0.9,0.475209763539283
glasses122_png_jpg.rf.fD27AEYdVjPESSOwWyVO.jpg,Pleine,0.9,0.42782152230971127
glasses122_png_jpg.rf.fuvVwLocFZJg5QxXgmZp.jpg,Pleine,0.9,0.4984156570363467
glasses122_png_jpg.rf.yn5JeRYUjkwLqUTwM2kn.jpg,Pleine,0.9,0.39147286821705424
glasses123_png_jpg.rf.4x2XbX2yOLx3q8QUebvc.jpg,Pleine,0.9,0.21003134796238246
glasses123_png_jpg.rf.calP4qW94nG7OAUTV18n.jpg,Pleine,0.9,0.21003134796238246
glasses123_png_jpg.rf.gBgWISfoAHFNyXXFZRFV.jpg,Pleine,0.9,0.20940438871473355
glasses123_png_jpg.rf.LuSsPt8ik0x5JNSF7dG0.jpg,Pleine,0.9,0.20015360983102917
glasses124_png-jpg_aug_png_jpg.rf.YNIsYhxQoE7tjyEqEVQl.jpg,Pleine,0.9,0.7589302325581395
glasses124_png_jpg.rf.cW3hjPryBSZ7huNxZQA7.jpg,Pleine,0.9,0.8483895559367257
glasses124_png_jpg.rf.q3tVK1sISm5WUjT6BnGW.jpg,Pleine,0.9,0.8676948051948052
glasses124_png_jpg.rf.zRWpOlvpEGLzRSxR4ZnG.jpg,Pleine,0.9,0.8428229224249125
glasses125_png-jpg_dropout_aug_png_jpg.rf.quW1RMVKfVVHTxT8KJtr.jpg,Pleine,0.9,0.4701684270625178
glasses125_png-jpg_flip_aug_png_jpg.rf.DvcWsqppE9v97PpHmXgF.jpg,Pleine,0.9,0.39764359351988215
glasses125_png-jpg_shear_aug_png_jpg.rf.6zsxSxATQz8raRZizVai.jpg,Pleine,0.9,0.43137003841229193
glasses125_png_jpg.rf.5Q4rQTk2VVANdQXcQlI7.jpg,Pleine,0.9,0.41721491228070173
glasses125_png_jpg.rf.eZZb72IhsjxfhLD1HWce.jpg,Pleine,0.9,0.36131687242798355
glasses125_png_jpg.rf.Gs4Z9LbKYvxfJufNVeb8.jpg,Pleine,0.9,0.41721491228070173
glasses125_png_jpg.rf.HphKCorT6X3xSiIzORWI.jpg,Pleine,0.9,0.39038112522686025
glasses125_png_jpg.rf.J7d1DEH0tGjQkZfm5rXv.jpg,Pleine,0.9,0.3892457057505601
glasses126_png_jpg.rf.A5yoEJZrM5ya0X8jkAKW.jpg,Pleine,0.9,0.24847784288591834
glasses126_png_jpg.rf.g4i4rOZKZkTYdemjWFBg.jpg,Pleine,0.9,0.2519333218766111
glasses126_png_jpg.rf.KQLHdWvvN1Qtld0Z2iu4.jpg,Pleine,0.9,0.27734135890634565
glasses126_png_jpg.rf.o4MOWxa0XDwX2A4Qqxcs.jpg,Pleine,0.9,0.2463611859838275
glasses127_png-jpg_aug_png_jpg.rf.1Y4FIsT7zIgYCquOPeWm.jpg,Pleine,0.9,0.2812801253213368
glasses127_png_jpg.rf.fBBH2hI8jikQKaX2NoVB.jpg,Pleine,0.9,0.3243724279835391
glasses127_png_jpg.rf.KYqXW31Qit6oixqnHLN5.jpg,Pleine,0.9,0.4055506550361005
glasses127_png_jpg.rf.lZzuWLFFkDq3s48LMgc0.jpg,Pleine,0.9,0.3317947219787711
glasses127_png_jpg.rf.PBgmvBxXEZo0SzfmpGID.jpg,Pleine,0.9,0.32325102880658435
glasses127_png_jpg.rf.T1WPtZFLjUPOyA9zkS8S.jpg,Pleine,0.9,0.3243724279835391
glasses128_png_jpg.rf.mnSWm5D84DN8AwHUQTfC.jpg,Pleine,0.9,0.530319574870787
glasses128_png_jpg.rf.noULc1kjSI2hlnu32GOk.jpg,Pleine,0.9,0.530319574870787
glasses128_png_jpg.rf.RiSx70CBNROVEpYwc64Q.jpg,Pleine,0.9,0.5534101030665479
glasses128_png_jpg.rf.vFszKxmEmQ4AYZUNWQ1B.jpg,Pleine,0.9,0.5487237520432541
glasses128_png_jpg.rf.YMonopbGwBcRKSsrjuhO.jpg,Pleine,0.9,0.5309466238406294
glasses129_png-jpg_cloud_affine_aug_png_jpg.rf.ZakDppiw8ffW2q8Ca6I2.jpg,Percée,0.75,0.028054740957966763
glasses129_png-jpg_dropout_aug_png_jpg.rf.x0BLn2LpKAZ8Q4qQU6ZT.jpg,Pleine,0.9,0.35262694821518353
glasses129_png-jpg_flip_aug_png_jpg.rf.SPbBUA75Qkj7a2Rw00jp.jpg,Pleine,0.9,0.3177321561536007
glasses129_png-jpg_shear_aug_png_jpg.rf.2gnwRr0BVleORLLpwe3K.jpg,Pleine,0.9,0.2972649013838945
glasses129_png_jpg.rf.7X7wLDu6zzWYfLL3e6NL.jpg,Pleine,0.9,0.34886038939464414
glasses129_png_jpg.rf.OqQylEhz9Nv9kQAqt0FL.jpg,Pleine,0.9,0.34886038939464414
glasses129_png_jpg.rf.Z4ZIBiIgBrK6XKl7WcRP.jpg,Pleine,0.9,0.37254901960784315
glasses129_png_jpg.rf.zxGJdBsVbOeTymLpgeLg.jpg,Pleine,0.9,0.3512175541878512
glasses12_png-jpg_aug_png_jpg.rf.hmwygWxt6aiDHO9AxdtN.jpg,Semi-cerclée,0.8,0.053943375659193354
glasses12_png_jpg.rf.57lrt63T0eZL9lTYV9Uy.jpg,Semi-cerclée,0.8,0.06365329983899112
glasses12_png_jpg.rf.Euuo2WbRkTmqTuFfp6Fu.jpg,Semi-cerclée,0.8,0.05812578783774262
glasses12_png_jpg.rf.nnVehYTYTFx1ncO5P36L.jpg,Semi-cerclée,0.8,0.0593589236248516
glasses12_png_jpg.rf.TdqNLUSobKoDopryCDTF.jpg,Semi-cerclée,0.8,0.06377009402487109
glasses130_png-jpg_aug_png_jpg.rf.Mnrj74irZGqBC5TNkoOd.jpg,Pleine,0.9,0.13250851712390174
glasses130_png_jpg.rf.aLVsRm3Y4clJ5N3vQzpy.jpg,Pleine,0.9,0.21854838709677418
glasses130_png_jpg.rf.ameBc9vUHqv2EW24dfRC.jpg,Pleine,0.9,0.21726256242542097
glasses130_png_jpg.rf.AyURJ5lGc7j3vPUtiPvo.jpg,Pleine,0.9,0.15398694890975648
glasses131_png-jpg_aug_png_jpg.rf.bFoVmv4cElg2yYMi4F8W.jpg,Pleine,0.9,0.80219836400818
glasses131_png_jpg.rf.9SwmyBZzpFKatpaDq8Av.jpg,Pleine,0.9,0.2596813133751811
glasses131_png_jpg.rf.RBFa31k0roz2gsIJqdgB.jpg,Pleine,0.9,0.2596813133751811
glasses131_png_jpg.rf.zh00crcsg4xnNOFqTDBh.jpg,Pleine,0.9,0.27446056070934344
glasses132_png_jpg.rf.gtI9miBotWkgvC57JN0Y.jpg,Pleine,0.9,0.28703703703703703
glasses132_png_jpg.rf.qhlKGBMd4G2XRvl0pnAy.jpg,Pleine,0.9,0.28703703703703703
glasses132_png_jpg.rf.ylVS6DLLzY8ydKVMuccz.jpg,Pleine,0.9,0.27243717590745914
glasses133_png-jpg_cloud_affine_aug_png_jpg.rf.xijQhBadPk617rFpr7q5.jpg,Percée,0.75,0.035699564918708494
glasses133_png-jpg_dropout_aug_png_jpg.rf.qZvyswrC9TlGdo0BVz56.jpg,Pleine,0.9,0.4287175739861162
glasses133_png-jpg_flip_aug_png_jpg.rf.65fzJ9IjcXxJlOMNsZyK.jpg,Pleine,0.9,0.4596360951884662
glasses133_png-jpg_shear_aug_png_jpg.rf.lgzLtM8VCctFDHvTTlxa.jpg,Pleine,0.9,0.45920488331096904
glasses133_png_jpg.rf.iKxr7fmLH9iSzKNFYD54.jpg,Pleine,0.9,0.4287175739861162
glasses133_png_jpg.rf.ITuEWi5TTzbtvxS6bfP3.jpg,Pleine,0.9,0.35841900760378514
glasses133_png_jpg.rf.ODyxttMFQLPEVTxmGsWy.jpg,Pleine,0.9,0.4259821527752064
glasses133_png_jpg.rf.pT8CYTQIP5Eb7Wwfnf4W.jpg,Pleine,0.9,0.31220607686090085
glasses134_png-jpg_aug_png_jpg.rf.ronpITHxjQ1pEBlDOWe7.jpg,Pleine,0.9,0.6689024390243903
glasses134_png_jpg.rf.3tC0pt1d8VezX4mW0ASA.jpg,Pleine,0.9,0.7325621546961326
glasses134_png_jpg.rf.CXFJ9YqIhcPPdwJ9FUfV.jpg,Pleine,0.9,0.7304454882438743
glasses134_png_jpg.rf.GVwoZiRlskQJdRjgQKH0.jpg,Pleine,0.9,0.7325621546961326
glasses134_png_jpg.rf.NF3zC8W1l92tSeDedMze.jpg,Pleine,0.9,0.7560584839996605
glasses134_png_jpg.rf.shQdq0MTTnkOiYmtfwz2.jpg,Pleine,0.9,0.764946973044631
glasses135_png_jpg.rf.7P8JdITIYO4JvZtEZxjy.jpg,Pleine,0.9,0.17895984383714444
glasses135_png_jpg.rf.n9MK2ORrJA5u5uhYqptC.jpg,Pleine,0.9,0.16948367112997245
glasses135_png_jpg.rf.rHqduGeDAHWOvNXVgIzt.jpg,Pleine,0.9,0.1424674738515277
glasses135_png_jpg.rf.WcEh2fXtwpl30x5b7XH5.jpg,Pleine,0.9,0.17535218328570712
glasses136_png_jpg.rf.Aa72M6X1a6kzrifjtyoK.jpg,Pleine,0.9,0.3236963835155593
glasses136_png_jpg.rf.e38KgbdpxNOMht0TLq0Z.jpg,Pleine,0.9,0.3236963835155593
glasses136_png_jpg.rf.kYKJQpZTbYyhFHI66DVj.jpg,Pleine,0.9,0.3255241762943945
glasses137_png_jpg.rf.sUAk7tBkeOVHVonE4ZiS.jpg,Pleine,0.9,0.3935362735698306
glasses137_png_jpg.rf.wMY1yvRuYuQEPSJRwTKm.jpg,Pleine,0.9,0.3965142970291221
glasses138_png_jpg.rf.pRdC6QmHeCUEyT4jFAkg.jpg,Pleine,0.9,0.3196507461648172
glasses139_png-jpg_aug_png_jpg.rf.a3gvviT1mygXNy0szvkc.jpg,Pleine,0.9,1.0
glasses139_png_jpg.rf.rsp4C9F3C4W0bKVbDY2H.jpg,Pleine,0.9,0.45794806216801104
glasses139_png_jpg.rf.S5YWe8GxwfcICDBT02Sy.jpg,Pleine,0.9,0.45087898212898214
glasses139_png_jpg.rf.x3aeGnw969bayB0Vrh9M.jpg,Pleine,0.9,0.45794806216801104
glasses13_png-jpg_aug_png_jpg.rf.MV4WEIaMUpO93wBrbWib.jpg,Semi-cerclée,0.8,0.07680739668040548
glasses13_png_jpg.rf.FHvjMfHTMmy1PQBobvwU.jpg,Semi-cerclée,0.8,0.05996866533364495
glasses13_png_jpg.rf.NE8GjIK0XRcCHJk72oTn.jpg,Pleine,0.9,0.1218008658008658
glasses13_png_jpg.rf.vWfFDwjLd25SIaUkoYQC.jpg,Pleine,0.9,0.12075653039508462
glasses13_png_jpg.rf.ybTGImfYStbOjLVy5dcU.jpg,Semi-cerclée,0.8,0.05583368210939764
glasses140_png_jpg.rf.kboWb1adUkNpyc1GxClZ.jpg,Pleine,0.9,0.31717764965784795
glasses140_png_jpg.rf.M5ajioVEZ9PhIKOAGaqt.jpg,Pleine,0.9,0.3940259833366619
glasses140_png_jpg.rf.OdkSNfhjb9igb8qAkWx9.jpg,Pleine,0.9,0.310682261208577
glasses141_png_jpg.rf.2AAtsYjSPiLsa6DJq7AW.jpg,Pleine,0.9,0.40591397849462363
glasses141_png_jpg.rf.4cOkwohRvw61rrDX4THR.jpg,Pleine,0.9,0.40591397849462363
glasses141_png_jpg.rf.4ZZCOZ2mz8NrDsHL9qUb.jpg,Pleine,0.9,0.40232974910394265
glasses141_png_jpg.rf.P8TtEQ8hWJVExnALwub0.jpg,Pleine,0.9,0.36077669902912624
glasses142_png_jpg.rf.0pfREdmRrcyhQh7OpX18.jpg,Pleine,0.9,0.48609807178450204
glasses142_png_jpg.rf.AW9d5yCPvbCgObVfwkxf.jpg,Pleine,0.9,0.4923022095509622
glasses142_png_jpg.rf.WZBwSC5Gtdhgr5fCK9zg.jpg,Pleine,0.9,0.4923022095509622
glasses144_png-jpg_aug_png_jpg.rf.25q36qOaLmXWnkG6eMyI.jpg,Pleine,0.9,0.9999900507412198
glasses144_png_jpg.rf.eI2ph4LSShOJI1kuhDZg.jpg,Pleine,0.9,0.2733519307003377
glasses144_png_jpg.rf.SIWjnioq1tpYIbZ2G6ke.jpg,Pleine,0.9,0.12425595238095238
glasses144_png_jpg.rf.sqcfD7hUc1XtlGe2DfCQ.jpg,Pleine,0.9,0.21615811373092927
glasses145_png_jpg.rf.4ZMuNymQoe0UknZwuh3K.jpg,Pleine,0.9,0.5505828039451344
glasses145_png_jpg.rf.P7zFhjkcXTzxZzrIXIPb.jpg,Pleine,0.9,0.5474535679374389
glasses145_png_jpg.rf.rvTkgMZpxFj3EiXKCvoH.jpg,Pleine,0.9,0.5503850519186936
glasses145_png_jpg.rf.zn3rvPjIbp6Z54OVFU8G.jpg,Pleine,0.9,0.5407794229075792
glasses146_png-jpg_aug_png_jpg.rf.gBMc1cbaIj14dnz7TsOG.jpg,Pleine,0.9,0.27595693779904307
glasses146_png_jpg.rf.P659PnJot38Esw3G7w1A.jpg,Pleine,0.9,0.5379635725257845
glasses146_png_jpg.rf.RAIB23lxv9iywxOhSjVo.jpg,Pleine,0.9,0.5423524248409041
glasses146_png_jpg.rf.SrKr4HDkzAxXo8Gs1Dtj.jpg,Pleine,0.9,0.5423524248409041
glasses147_png-jpg_aug_png_jpg.rf.Ia76zJuyYK5PeL3Sv9nl.jpg,Pleine,0.9,0.14330099363953455
glasses147_png_jpg.rf.cuGbnta1XZlpc5JnOuJY.jpg,Pleine,0.9,0.12381482198142414
glasses147_png_jpg.rf.KWqLvr1NcOpYSTDcH5VA.jpg,Semi-cerclée,0.8,0.11368328172343756
glasses147_png_jpg.rf.LVL1xr0jgAIn7pltLwie.jpg,Semi-cerclée,0.8,0.11368328172343756
glasses147_png_jpg.rf.M5RXD8u9siDCj5wtP0gO.jpg,Semi-cerclée,0.8,0.11324094172649858
glasses147_png_jpg.rf.r3kbKvUIEHBdXNB2bXex.jpg,Pleine,0.9,0.2414016272189349
glasses148_png-jpg_aug_png_jpg.rf.4icKBJ50pJ1CBPy11BD6.jpg,Pleine,0.9,0.31551224226804125
glasses148_png_jpg.rf.3RjLn3dlcEycyny65IoY.jpg,Pleine,0.9,0.22100789835164836
glasses148_png_jpg.rf.drekwd7MANCQo74TcpmF.jpg,Pleine,0.9,0.22019865664845173
glasses149_png_jpg.rf.GceBdahIH1JgzgErYP54.jpg,Pleine,0.9,0.39532469166876416
glasses149_png_jpg.rf.okfW0mWGSzP1jTLBiRXL.jpg,Pleine,0.9,0.4467700466013177
glasses149_png_jpg.rf.ToTnuHo8LKJWqsRU3QlC.jpg,Pleine,0.9,0.35199443413729126
glasses149_png_jpg.rf.UITg33ZqBijad5ad656A.jpg,Pleine,0.9,0.46706905734067106
glasses14_png-jpg_aug_png_jpg.rf.0KVLqL73o4nDfX3TLxi9.jpg,Percée,0.75,0.04730313850779928
glasses14_png_jpg.rf.8r6MhMiTO1vUs08tG4lT.jpg,Semi-cerclée,0.8,0.07520996412263535
glasses14_png_jpg.rf.XoWW56fB2Bew2T9s8fCF.jpg,Semi-cerclée,0.8,0.07499695134344132
glasses150_png_jpg.rf.rW2jWAaWuPf5FFFwrrSS.jpg,Pleine,0.9,0.7477011494252873
glasses152_png-jpg_aug_png_jpg.rf.exPjIqGieAdN9NopQVyr.jpg,Pleine,0.9,0.2672720533728688
glasses152_png_jpg.rf.FTCB8U7RalFJjh2qxNq4.jpg,Pleine,0.9,0.45545837382572074
glasses152_png_jpg.rf.IfY1TGQUsOYyPBI938JS.jpg,Pleine,0.9,0.4043478260869565
glasses152_png_jpg.rf.oSHawYBn05WCuyL3JNKm.jpg,Pleine,0.9,0.4131073667711599
glasses152_png_jpg.rf.Rchq6VQO3a3OUcLU2Csq.jpg,Pleine,0.9,0.42105263157894735
glasses153_png_jpg.rf.0MGu1JyfXtMjCHTkbSGt.jpg,Pleine,0.9,0.2689738919247116
glasses153_png_jpg.rf.PYSlBT6QYp5wX5VW13uX.jpg,Pleine,0.9,0.273224043715847
glasses154_png-jpg_dropout_aug_png_jpg.rf.e1gZZ2btJgJpoGqjjVrI.jpg,Pleine,0.9,0.3020833333333333
glasses154_png-jpg_flip_aug_png_jpg.rf.NuXHNYw22NUybYsq3vWi.jpg,Pleine,0.9,0.29057971014492756
glasses154_png-jpg_shear_aug_png_jpg.rf.6nlazVqzZLZpqciru0ee.jpg,Pleine,0.9,0.30375759393984847
glasses154_png_jpg.rf.099p9JAc07TUIRlNmc1D.jpg,Pleine,0.9,0.2994350282485876
glasses154_png_jpg.rf.51r7M26MSYizN9ev5MnH.jpg,Pleine,0.9,0.30246212121212124
glasses154_png_jpg.rf.vhEPdt18x4h0yifO7d5z.jpg,Pleine,0.9,0.2994350282485876
glasses155_png-jpg_aug_png_jpg.rf.f9yPlKLZPsabYNubdO1u.jpg,Pleine,0.9,0.546682211211503
glasses155_png_jpg.rf.4IEdJ9ryjuOcTPuukStm.jpg,Pleine,0.9,0.4183047029005914
glasses155_png_jpg.rf.eLc30gNZEKGRjuUFVgN6.jpg,Pleine,0.9,0.4183047029005914
glasses155_png_jpg.rf.IrcRWmFcZrlHHet1rcBd.jpg,Pleine,0.9,0.4092664092664093
glasses157_png-jpg_aug_png_jpg.rf.6p7C2fczOYdGIEwnnbuu.jpg,Pleine,0.9,0.5058510638297873
glasses157_png_jpg.rf.AMmbUjAfI138RxzuR8xq.jpg,Pleine,0.9,0.5866776768510873
glasses157_png_jpg.rf.FPjeOXVYi0PFaL9FznqS.jpg,Pleine,0.9,0.5583969812693217
glasses157_png_jpg.rf.l7Bj1OAG83QubsjHatXw.jpg,Pleine,0.9,0.5951721408785121
glasses157_png_jpg.rf.W9EDxRfdl1wndptNw0qi.jpg,Pleine,0.9,0.5904402284030208
glasses157_png_jpg.rf.ZwXQClTg5xoaQebQ9ZKo.jpg,Pleine,0.9,0.5951721408785121
glasses158_png-jpg_dropout_aug_png_jpg.rf.RR5oLruCt4hQLeFPbjV8.jpg,Pleine,0.9,0.4116845511837847
glasses158_png-jpg_flip_aug_png_jpg.rf.V6gZhBfIKcKHUA4kb4f4.jpg,Pleine,0.9,0.4092229824725841
glasses158_png-jpg_shear_aug_png_jpg.rf.mbvyl2LBhWRIEseycNLQ.jpg,Pleine,0.9,0.3988215488215488
glasses158_png_jpg.rf.5dkVrgB3j1YqcPREJkZD.jpg,Pleine,0.9,0.40978048987202303
glasses158_png_jpg.rf.6x3xDvOSNROGH33VSau5.jpg,Pleine,0.9,0.2680612577386771
glasses158_png_jpg.rf.ys8J7TmVowMjXTVvUzFW.jpg,Pleine,0.9,0.4105263157894737
glasses159_png-jpg_aug_png_jpg.rf.lvVCknEPgoDRrFzcXN7d.jpg,Pleine,0.9,0.25034492380671863
glasses159_png_jpg.rf.IVLsDU3L1vnipUUo0DLU.jpg,Pleine,0.9,0.3927507447864945
glasses159_png_jpg.rf.kXNLkQzSWv3Hhipm5Xth.jpg,Pleine,0.9,0.39569641721433113
glasses159_png_jpg.rf.wCZVhUMFpnWhXMHZP1QB.jpg,Pleine,0.9,0.39569641721433113
glasses15_png-jpg_cloud_affine_aug_png_jpg.rf.jRrDnJaQpJoVGf22Ikm8.jpg,Percée,0.75,0.004773606187560425
glasses15_png-jpg_dropout_aug_png_jpg.rf.GWcZ2rC78ZS8YXU5EOAS.jpg,Semi-cerclée,0.8,0.10892986978650274
glasses15_png-jpg_flip_aug_png_jpg.rf.jQf9i6AXODhIpB1oSK0f.jpg,Semi-cerclée,0.8,0.06456619587148844
glasses15_png-jpg_shear_aug_png_jpg.rf.Bya824BcWYDnEwgcjOha.jpg,Percée,0.75,0.04868252265892793
glasses15_png_jpg.rf.i38wUgk6SFkTiIZEllAT.jpg,Semi-cerclée,0.8,0.06581397080726839
glasses15_png_jpg.rf.Zq2QsIs87uiJBuj6M3jW.jpg,Semi-cerclée,0.8,0.0650986245082594
glasses160_png-jpg_aug_png_jpg.rf.yNjoPArFVJii4mAhLLFt.jpg,Pleine,0.9,0.9923972405863754
glasses160_png_jpg.rf.A4HOY3SpTqwlNnqwlfk3.jpg,Pleine,0.9,0.8805979935741919
glasses160_png_jpg.rf.AjJS3vi5a245dJ99zrSw.jpg,Pleine,0.9,0.8732251521298174
glasses160_png_jpg.rf.famwedTh79KgpxV1Fxw5.jpg,Pleine,0.9,0.8805979935741919
glasses160_png_jpg.rf.onjXCDdqtuouzaeK8lc7.jpg,Pleine,0.9,0.713753844493606
glasses160_png_jpg.rf.P4Vv64Cb9IBeYXgEKcuY.jpg,Pleine,0.9,0.6643613018907193
glasses161_png-jpg_aug_png_jpg.rf.mzTzWDlL5PkDODR76T93.jpg,Percée,0.75,0.03749402199904352
glasses161_png_jpg.rf.JKXnd3fyTNO9PiZ5OaHJ.jpg,Pleine,0.9,0.19989377625416446
glasses161_png_jpg.rf.Lp8XOdKb1Dnb0piOGhze.jpg,Pleine,0.9,0.21143375680580762
glasses161_png_jpg.rf.lQRrhpvOFXInAfzDH1vQ.jpg,Pleine,0.9,0.21143375680580762
glasses161_png_jpg.rf.VzkLzi9Vj7WklIyBcM9Q.jpg,Pleine,0.9,0.2153766769865841
glasses162_png-jpg_dropout_aug_png_jpg.rf.EpzchNuI85YGvOE3ssGr.jpg,Pleine,0.9,0.3175805675805676
glasses162_png-jpg_flip_aug_png_jpg.rf.iXmIyVioBVB0ShKj4MoN.jpg,Pleine,0.9,0.27897227856659906
glasses162_png-jpg_shear_aug_png_jpg.rf.AhzuDwFzWDH7A0E6vQPo.jpg,Pleine,0.9,0.3123475609756098
glasses162_png_jpg.rf.9gcncrqjgdCdoK3tfYxF.jpg,Pleine,0.9,0.31880457693465825
glasses162_png_jpg.rf.At9Ma6TJ9C3OMSxztBrC.jpg,Pleine,0.9,0.2300635144671842
glasses162_png_jpg.rf.iRIVSp71Gh8n7RgKh6HX.jpg,Pleine,0.9,0.3088639729215147
glasses162_png_jpg.rf.Wrjd80dBED7IxEFhMb2u.jpg,Pleine,0.9,0.3151123010560762
glasses163_png-jpg_aug_png_jpg.rf.gHSqcykPNBiITTjx3u31.jpg,Pleine,0.9,0.8864764667956158
glasses163_png_jpg.rf.jFdEXuzDYAdPNko5giX8.jpg,Pleine,0.9,0.5943821898245092
glasses163_png_jpg.rf.JRyQiMHCzVLQrBPLblLj.jpg,Pleine,0.9,0.5855538796715267
glasses163_png_jpg.rf.pqPdIT3Uvqwig9j3tdwz.jpg,Pleine,0.9,0.6286219703518714
glasses163_png_jpg.rf.UpwrgIjUjBDSN3RMVQLc.jpg,Pleine,0.9,0.5954292026996703
glasses166_png-jpg_aug_png_jpg.rf.Qf0TXUvdnRrLcnziXECy.jpg,Pleine,0.9,0.5297550880999738
glasses166_png_jpg.rf.cwKf60uPVPmEmM3lrKt8.jpg,Pleine,0.9,0.5522586615767251
glasses166_png_jpg.rf.tL4We4dowtNULRUNJ2yx.jpg,Pleine,0.9,0.5568215274097627
glasses167_png_jpg.rf.6iS3SvLzbbcirkfWq1Ns.jpg,Pleine,0.9,0.4689410092395167
glasses167_png_jpg.rf.9GecY6HhiAlfQokuz24w.jpg,Pleine,0.9,0.4689410092395167
glasses167_png_jpg.rf.hVF4YiJz7QjTssZkAJCi.jpg,Pleine,0.9,0.46227951153324287
glasses168_png-jpg_shear_aug_png_jpg.rf.nzOiku94ZP2Zh7YiytLC.jpg,Pleine,0.9,0.5145604395604395
glasses168_png_jpg.rf.RMBuGbu7L2kJf8nv79G4.jpg,Pleine,0.9,0.5233865119651921
glasses168_png_jpg.rf.WgzYoLjEHQA1HmV6s2Ql.jpg,Pleine,0.9,0.5215736040609137
glasses169_png_jpg.rf.bfHigKYryATJu1bNe2pB.jpg,Pleine,0.9,0.32824485456064406
glasses169_png_jpg.rf.G0wpeA9miE6dMxYpexey.jpg,Pleine,0.9,0.29686260367832673
glasses169_png_jpg.rf.I9AiqjODVGSfABu5AAAL.jpg,Pleine,0.9,0.3228601567209162
glasses169_png_jpg.rf.pyoHWW5lUPDlg7yuYK64.jpg,Pleine,0.9,0.3228601567209162
glasses16_png-jpg_aug_png_jpg.rf.G7sGi5nVqgJRkk6z42ay.jpg,Semi-cerclée,0.8,0.06795003557593486
glasses16_png_jpg.rf.pW4CvwEWVPx6SCWRfifL.jpg,Semi-cerclée,0.8,0.08610927740821611
glasses16_png_jpg.rf.V0q4C9xLCq9sWNElRjbi.jpg,Semi-cerclée,0.8,0.08550433362642884
glasses170_png_jpg.rf.Zyl0PMLJv6eAawMY1SrN.jpg,Pleine,0.9,0.2177027683341428
glasses171_png-jpg_aug_png_jpg.rf.LbrCAG1sC9hdBItAbzCM.jpg,Pleine,0.9,0.46461395636701225
glasses171_png_jpg.rf.8QR101tKLqlsOIsjdPhw.jpg,Pleine,0.9,0.5603056518665634
glasses171_png_jpg.rf.sgKxJsinIMosuJPSzeO3.jpg,Pleine,0.9,0.5655737704918032
glasses171_png_jpg.rf.U8ZhrWmixSnaKlodU3rd.jpg,Pleine,0.9,0.49006164965986393
glasses171_png_jpg.rf.zmktH0slUN5uzqLqRUXI.jpg,Pleine,0.9,0.5487756755072795
glasses172_png_jpg.rf.JZMcdsDQvEzKcHs0VxfE.jpg,Pleine,0.9,0.58126130198915
glasses172_png_jpg.rf.vWuAqq3FZYftKY5bsiFr.jpg,Pleine,0.9,0.5855146406388643
glasses173_png-jpg_dropout_aug_png_jpg.rf.K5gztFvBzcH4r9hiAhHl.jpg,Pleine,0.9,0.3156093805374623
glasses173_png-jpg_flip_aug_png_jpg.rf.bgpaxiaGpTVvADcWSv09.jpg,Pleine,0.9,0.33861478775735865
glasses173_png-jpg_shear_aug_png_jpg.rf.W8gDm9KWC28HaOwiwncw.jpg,Pleine,0.9,0.30228600033372266
glasses173_png_jpg.rf.1i4yAH2gyAwGXKXHpTWR.jpg,Pleine,0.9,0.2886121814693243
glasses173_png_jpg.rf.a1IAfQBnxGZRt5PBzkki.jpg,Pleine,0.9,0.3531569086651054
glasses173_png_jpg.rf.k1k5AwmjXlFl9aWLG1Hs.jpg,Pleine,0.9,0.29093593647813126
glasses173_png_jpg.rf.vv4F4P1eL9QHdcQ0oE3Z.jpg,Pleine,0.9,0.2720551180510113
glasses174_png-jpg_aug_png_jpg.rf.ae9Qd295f67vChbHpB2Y.jpg,Pleine,0.9,0.9226298068403331
glasses174_png_jpg.rf.rloffxiHNWgkr6XQ3PmX.jpg,Pleine,0.9,0.5663209178060663
glasses174_png_jpg.rf.VaLwkBkeS5I8UPhNicAN.jpg,Pleine,0.9,0.573299265410412
glasses175_png_jpg.rf.EW34ffdPzT257vemImAh.jpg,Pleine,0.9,0.37172759773959174
glasses175_png_jpg.rf.FAQyk1KjOlpvKgGg3Ylc.jpg,Pleine,0.9,0.3081328943832303
glasses175_png_jpg.rf.YR1uQevCVfu4rtPYXlNW.jpg,Pleine,0.9,0.3820563313044516
glasses177_png-jpg_aug_png_jpg.rf.LpW0L7rki58a32M3vZ8A.jpg,Pleine,0.9,0.41294883531685483
glasses178_png_jpg.rf.yOhnEdz0jBHlqMNme6j9.jpg,Pleine,0.9,0.22928203633537356
glasses178_png_jpg.rf.Zrut9H5NezsORjdMGYfE.jpg,Pleine,0.9,0.22058666666666665
glasses17_png-jpg_aug_png_jpg.rf.VW62PmKC6O3FifhysDTO.jpg,Semi-cerclée,0.8,0.09078251183514341
glasses17_png_jpg.rf.bM6ZgXyQSB7DwAyxoEXI.jpg,Semi-cerclée,0.8,0.07096665826824557
glasses17_png_jpg.rf.HyaZoP3ApnBFDSF5jZzB.jpg,Semi-cerclée,0.8,0.05334920634920635
glasses17_png_jpg.rf.JAlcnCKl3FDG7xh0acsA.jpg,Semi-cerclée,0.8,0.08183260801615734
glasses17_png_jpg.rf.PGevgSUs01O8hFRRyrLU.jpg,Semi-cerclée,0.8,0.08231059141863162
glasses181_png_jpg.rf.5pHXtOrIBFQ2yUNRUdhw.jpg,Pleine,0.9,0.4128131021194605
glasses181_png_jpg.rf.vRRJhv9XDQbMhOCPXlzp.jpg,Pleine,0.9,0.49496527777777777
glasses183_png-jpg_aug_png_jpg.rf.MXGk0iKnwROJgLC6r7oJ.jpg,Pleine,0.9,0.9933222536645256
glasses183_png_jpg.rf.FtRGs3lOhJF05fy0hfbG.jpg,Pleine,0.9,0.5908677460432964
glasses183_png_jpg.rf.uBo1wDVaX0SIqzOmBttd.jpg,Pleine,0.9,0.6381515444015444
glasses185_png_jpg.rf.0ylM6EPa7IlYzeCND68T.jpg,Pleine,0.9,0.3090186873702266
glasses185_png_jpg.rf.JuVo1A1Mq2NiLOcFPgDy.jpg,Pleine,0.9,0.3084179970972424
glasses186_png-jpg_cloud_affine_aug_png_jpg.rf.iGEMUNfcaJVCuqGnX73A.jpg,Semi-cerclée,0.8,0.0880246913580247
glasses186_png-jpg_dropout_aug_png_jpg.rf.VFxA3U8EMC3glsUfVktv.jpg,Pleine,0.9,0.33534571723426215
glasses186_png-jpg_shear_aug_png_jpg.rf.oVeYzHgsMJv9G0YS5nOH.jpg,Pleine,0.9,0.3814138852407047
glasses186_png_jpg.rf.6dwdXb1pr8DLbEVZU307.jpg,Pleine,0.9,0.31613465766926985
glasses186_png_jpg.rf.fbAdb012C4hPMi1IgHNl.jpg,Pleine,0.9,0.3518409714061888
glasses186_png_jpg.rf.r0leVoi8AlghroqYq6wj.jpg,Pleine,0.9,0.3398525650669475
glasses187_png_jpg.rf.GHkz9QwTarbh3h7CxHgm.jpg,Pleine,0.9,0.5509259259259259
glasses187_png_jpg.rf.u66uX9wBMDV95nTwgY2f.jpg,Pleine,0.9,0.5537190082644629
glasses188_png-jpg_cloud_affine_aug_png_jpg.rf.5iZqVfYaUB7OyckqSoc5.jpg,Pleine,0.9,0.20289979982206405
glasses188_png-jpg_dropout_aug_png_jpg.rf.8kwKpewywiTWy7ihf0SD.jpg,Pleine,0.9,0.3740853940909512
glasses188_png-jpg_flip_aug_png_jpg.rf.grMxldBnn1oZ2lU9Zpii.jpg,Pleine,0.9,0.2884409676621177
glasses188_png-jpg_shear_aug_png_jpg.rf.WktipTDwZdRaTFdr2LGX.jpg,Pleine,0.9,0.3061178145336226
glasses188_png_jpg.rf.8prrtlZvV1XzT6Cse2B8.jpg,Pleine,0.9,0.3653857325432787
glasses188_png_jpg.rf.Bgjh1UEgWpdldLpdmOCm.jpg,Pleine,0.9,0.3333333333333333
glasses188_png_jpg.rf.kD5YZgmz3csrPf5sqI2M.jpg,Pleine,0.9,0.37453791228148525
glasses188_png_jpg.rf.lIHIs3FEpHEhHIoBvz5h.jpg,Pleine,0.9,0.3654970760233918
glasses18_png-jpg_aug_png_jpg.rf.byeVtyC3MTj5MDBjr02S.jpg,Pleine,0.9,1.0
glasses18_png_jpg.rf.441b3K5M2d0xwPtV4P48.jpg,Semi-cerclée,0.8,0.06945976985610376
glasses18_png_jpg.rf.gh2oBLVOdh2V0evDbQos.jpg,Semi-cerclée,0.8,0.0698143115942029
glasses190_png_jpg.rf.aBlIha8SDC3bA4gAVqZp.jpg,Pleine,0.9,0.20477910530702972
glasses190_png_jpg.rf.eHoXVrtOIaVBnYSAuRmv.jpg,Pleine,0.9,0.16629068643248468
glasses190_png_jpg.rf.Ld6iAz1v0E2buSXuWBBg.jpg,Pleine,0.9,0.1732309746328438
glasses190_png_jpg.rf.xwyxSZ3CpVk8sCBiA3Fg.jpg,Pleine,0.9,0.16629068643248468
glasses191_png_jpg.rf.8VWHFkbAfmrdwPTMednI.jpg,Pleine,0.9,0.5382270168855535
glasses191_png_jpg.rf.EUnmJ2dWvie8FfPnO2BL.jpg,Pleine,0.9,0.518954474640817
glasses191_png_jpg.rf.gs7ZpkEMiKhNOiVSLkxi.jpg,Pleine,0.9,0.5768867924528301
glasses191_png_jpg.rf.KsahNEgVVHnJlF9BGOC6.jpg,Pleine,0.9,0.5429174484052532
glasses192_png-jpg_cloud_affine_aug_png_jpg.rf.j3SMiiyO3BogMR04kKjK.jpg,Percée,0.75,0.0
glasses192_png-jpg_dropout_aug_png_jpg.rf.DQvOzLet4U8PSCeKrm70.jpg,Pleine,0.9,0.2727696249708828
glasses192_png-jpg_flip_aug_png_jpg.rf.zoKQbBQIpgpOsn5rdPa9.jpg,Pleine,0.9,0.23704185643027542
glasses192_png-jpg_shear_aug_png_jpg.rf.x0HDPa9MQ78hLuw0XJpe.jpg,Pleine,0.9,0.2562111801242236
glasses192_png_jpg.rf.AYtjqTgasS0bJn2A1Elq.jpg,Pleine,0.9,0.23647871116225547
glasses192_png_jpg.rf.WVGcbVwduGFA2Ja37Hbk.jpg,Pleine,0.9,0.24671602579412466
glasses192_png_jpg.rf.ZLn9gpTWiTdYkoIiJOmR.jpg,Pleine,0.9,0.24671602579412466
glasses193_png_jpg.rf.iU8E3nhbcix26svzKvKY.jpg,Pleine,0.9,0.43434343434343436
glasses193_png_jpg.rf.RNAqFFgwNVOsqvE0xHzX.jpg,Pleine,0.9,0.42945584881068755
glasses193_png_jpg.rf.w70m1SEJEKuALJjoWQu8.jpg,Pleine,0.9,0.434006734006734
glasses194_png-jpg_aug_png_jpg.rf.p0tpVVb72RWmaGkBwSHm.jpg,Pleine,0.9,0.1569482773969554
glasses194_png_jpg.rf.27QD6YC78zGLXBPJJvKO.jpg,Pleine,0.9,0.2993421052631579
glasses194_png_jpg.rf.LVfAPW6tVzrP4biFg6K4.jpg,Pleine,0.9,0.20540051971528642
glasses194_png_jpg.rf.o4RLtPBRynmf4PGUPfIB.jpg,Pleine,0.9,0.30171130952380953
glasses195_png_jpg.rf.bIDRVkUGZKfLGVpwoXJe.jpg,Pleine,0.9,0.7471028037383177
glasses195_png_jpg.rf.iZGoJFQ9ih7V4QGhv34g.jpg,Pleine,0.9,0.5234375
glasses195_png_jpg.rf.khn12SDwWeRKzo6OyvGu.jpg,Pleine,0.9,0.5234375
glasses195_png_jpg.rf.toaQGIyGRh1XOZXiOGac.jpg,Pleine,0.9,0.5349326599326599
glasses196_png-jpg_cloud_affine_aug_png_jpg.rf.CMzwqwkAU9eY8CmqbrEn.jpg,Percée,0.75,0.0
glasses196_png-jpg_dropout_aug_png_jpg.rf.WZPEXR6Mzo2zFVf7ZGVB.jpg,Pleine,0.9,0.5006503642039543
glasses196_png-jpg_flip_aug_png_jpg.rf.LLWnowfkL6ADedkvZ4e3.jpg,Pleine,0.9,0.5165719696969697
glasses196_png-jpg_shear_aug_png_jpg.rf.ubSnG2GglEG9L72VUGxs.jpg,Pleine,0.9,0.4925604864794928
glasses196_png_jpg.rf.DabWXvuCqmLKvgtQa79i.jpg,Pleine,0.9,0.506568144499179
glasses196_png_jpg.rf.muQqIoZUHB7cBTcDkc68.jpg,Pleine,0.9,0.5527472527472528
glasses196_png_jpg.rf.sKrGDIcUHE7BT5O9r1RV.jpg,Pleine,0.9,0.4980798771121352
glasses196_png_jpg.rf.XoJqrqgm2RoP6z1goMBa.jpg,Pleine,0.9,0.5006503642039543
glasses197_png-jpg_aug_png_jpg.rf.GcSbELGMjw1lfB3PewAG.jpg,Pleine,0.9,0.5972545972545973
glasses197_png_jpg.rf.J9pNhpmE7HYGkeG4woHB.jpg,Pleine,0.9,0.6515151515151515
glasses197_png_jpg.rf.nNfMoKibupA8hAhM4zty.jpg,Pleine,0.9,0.646859296482412
glasses198_png-jpg_aug_png_jpg.rf.N2TuU5AtsnxlGttBHXsf.jpg,Pleine,0.9,0.9830908747402229
glasses198_png_jpg.rf.5f2JsoBs2gciJdXRm0Qy.jpg,Pleine,0.9,0.1715680292861501
glasses198_png_jpg.rf.oMAfNdMY8xG0T9pOBKpV.jpg,Pleine,0.9,0.14817619588539693
glasses198_png_jpg.rf.P7uGpC2q9621lgTzsDa4.jpg,Pleine,0.9,0.17980194987494258
glasses198_png_jpg.rf.uJaPr8jy6V4ZFBTz9bOD.jpg,Pleine,0.9,0.1876898481215028
glasses198_png_jpg.rf.vOe2dV2I8fTGeatSAfmC.jpg,Pleine,0.9,0.17980194987494258
glasses199_png-jpg_cloud_affine_aug_png_jpg.rf.twdaCvTwqUQkzxNNivJk.jpg,Pleine,0.9,0.2224929830064098
glasses199_png-jpg_dropout_aug_png_jpg.rf.WRsSZJbyAq82N5TP7l3Z.jpg,Pleine,0.9,0.17236088547563957
glasses199_png-jpg_flip_aug_png_jpg.rf.ThDdhblQ45F9UlVqiLTf.jpg,Pleine,0.9,0.13730104813664595
glasses199_png-jpg_shear_aug_png_jpg.rf.Vkz5wWnCC5w9dl033XnI.jpg,Pleine,0.9,0.13334599076007847
glasses199_png_jpg.rf.GSQPQFflrDFZPumrOHJk.jpg,Pleine,0.9,0.13571508549674488
glasses199_png_jpg.rf.Mon5JZlSI1wVjirIxErR.jpg,Pleine,0.9,0.25688287153652395
glasses199_png_jpg.rf.SyRiWU898mrV3e2AmWVa.jpg,Pleine,0.9,0.13573907897052
glasses199_png_jpg.rf.UOaqTwkv8PsuogxEHoxi.jpg,Pleine,0.9,0.2305274024024024
glasses199_png_jpg.rf.Uz3SnySUT5088wtgKyi3.jpg,Pleine,0.9,0.13620723078414268
glasses19_png-jpg_aug_png_jpg.rf.dSRN6jziZ2sCBa1Vygfo.jpg,Semi-cerclée,0.8,0.07092138915062593
glasses19_png_jpg.rf.dHnd5xXMeMpx6wkubIKQ.jpg,Semi-cerclée,0.8,0.057373489425981875
glasses19_png_jpg.rf.FpMfkrFwtSPPZJJQtFYa.jpg,Semi-cerclée,0.8,0.06499566201832532
glasses19_png_jpg.rf.yI4vEiNwHnj2kxUwx4pz.jpg,Percée,0.75,0.04834085373158168
glasses19_png_jpg.rf.zVvJjO3LuB7SuA24jOKR.jpg,Semi-cerclée,0.8,0.0649491711308896
glasses1_png-jpg_aug_png_jpg.rf.7zy2nNpevElyzdt8JdB2.jpg,Pleine,0.9,0.12906423977425832
glasses1_png_jpg.rf.6oHzTgIdQXo7STzeiwBu.jpg,Pleine,0.9,0.22822246120755876
glasses1_png_jpg.rf.6zUm01SKblea4aEVJRLR.jpg,Semi-cerclée,0.8,0.11437254653665949
glasses1_png_jpg.rf.DQoZh1ewRNqxcPjKChru.jpg,Pleine,0.9,0.12030026532064972
glasses1_png_jpg.rf.UJnqvQQDH0niTWtZ0yac.jpg,Pleine,0.9,0.2310747723814191
glasses200_png_jpg.rf.2ppu7NohIMSxOAkkWxV3.jpg,Semi-cerclée,0.8,0.11208514213695561
glasses200_png_jpg.rf.EjnhHdAtwgxMFV1C9oBG.jpg,Semi-cerclée,0.8,0.11421534599328649
glasses200_png_jpg.rf.JYU1UClhlV8JQIBWqlVG.jpg,Semi-cerclée,0.8,0.11208514213695561
glasses200_png_jpg.rf.pRmi0Yuf11vnwdyHg2ag.jpg,Pleine,0.9,0.22684891888169673
glasses200_png_jpg.rf.xsTWKJdluRfydqW2f6aX.jpg,Pleine,0.9,0.2688413558467742
glasses201_png-jpg_aug_png_jpg.rf.NJpTyCHxqySZzCOwcvG9.jpg,Pleine,0.9,0.27537722908093276
glasses201_png_jpg.rf.aenVp3k4iVUg2AZ9xNHc.jpg,Pleine,0.9,0.33855772524837274
glasses201_png_jpg.rf.M6Gv541WBwXQv1IlBcdu.jpg,Pleine,0.9,0.30885618640416296
glasses201_png_jpg.rf.qMbVQojjUHb4y8rWSdLd.jpg,Pleine,0.9,0.3455776555226407
glasses201_png_jpg.rf.tImVDhx9CeWDQj3VaFQs.jpg,Pleine,0.9,0.39670204081632654
glasses203_png-jpg_aug_png_jpg.rf.9JKUXrfHZZQdGLbjM2fC.jpg,Pleine,0.9,0.4044642857142857
glasses204_png_jpg.rf.4UJQAqOI9mhK6UxKWaRj.jpg,Pleine,0.9,0.4277277840269966
glasses204_png_jpg.rf.9Vn7XodJ8mQEPx1kv0sn.jpg,Pleine,0.9,0.2730120481927711
glasses204_png_jpg.rf.nRK4lKJms0vdpOKUgXJH.jpg,Pleine,0.9,0.24406508402240598
glasses204_png_jpg.rf.nus4qZZKOkiMN9mFlQix.jpg,Pleine,0.9,0.2716049382716049
glasses205_png-jpg_aug_png_jpg.rf.JTuNUvLe9pxARApaUJDk.jpg,Pleine,0.9,0.4786263685346254
glasses205_png_jpg.rf.Fz2WBIDjQOM7LJ9S9CCn.jpg,Pleine,0.9,0.429501306955051
glasses205_png_jpg.rf.Ha88BQQygqx7raEEitF1.jpg,Pleine,0.9,0.38375943323579237
glasses205_png_jpg.rf.vRCVkI5u4aaZiVG8l7y9.jpg,Pleine,0.9,0.3914336917562724
glasses205_png_jpg.rf.yoikH97JcFXeK0SO6z0B.jpg,Pleine,0.9,0.3914336917562724
glasses205_png_jpg.rf.YvoaCbA74NUInMTSlssN.jpg,Pleine,0.9,0.4430443548387097
glasses206_png_jpg.rf.1SeyoFvQs18B4r3qQusj.jpg,Pleine,0.9,0.21923753021313996
glasses207_png_jpg.rf.bM45dCY8NgYjBaJgpves.jpg,Pleine,0.9,0.23753846153846153
glasses208_png-jpg_aug_png_jpg.rf.YdRUIQvrVDt6dxikP626.jpg,Pleine,0.9,0.3950323473061095
glasses208_png_jpg.rf.c4D4uyw5qdW6rq1JEbsP.jpg,Pleine,0.9,0.3081056874160322
glasses208_png_jpg.rf.NVoabT6wsgFel3ceD9vS.jpg,Pleine,0.9,0.308300395256917
glasses20_png-jpg_aug_png_jpg.rf.9NVGzXN5IBuPEiYjPWAS.jpg,Pleine,0.9,1.0
glasses20_png_jpg.rf.AmHhVj3RCJF2HvOxkgHN.jpg,Semi-cerclée,0.8,0.07355411872518074
glasses20_png_jpg.rf.WtQqsFpLEjFDGcF3tpRG.jpg,Semi-cerclée,0.8,0.07268530780581936
glasses210_png-jpg_aug_png_jpg.rf.UsPDlrvOQhgi4VNQWDNK.jpg,Pleine,0.9,1.0
glasses210_png_jpg.rf.inOAfwrzZdFJtSjbWabN.jpg,Pleine,0.9,0.510564490696941
glasses210_png_jpg.rf.qoELxT7mSbfiAUNUsCPc.jpg,Pleine,0.9,0.48968962585034015
glasses210_png_jpg.rf.sDMeuY3XWmjzrZkAsecB.jpg,Pleine,0.9,0.48968962585034015
glasses210_png_jpg.rf.ZQSDtPQDU1j5AgVgfdEm.jpg,Pleine,0.9,0.5107068607068607
glasses212_png-jpg_dropout_aug_png_jpg.rf.urwWuoHpIDdSstXJx4R4.jpg,Pleine,0.9,0.7084
glasses212_png_jpg.rf.fAgu1YMO9wHwI1Cl29tx.jpg,Pleine,0.9,0.7072
glasses212_png_jpg.rf.rDQY94pbdGwYPXlqL1GH.jpg,Pleine,0.9,0.7084
glasses212_png_jpg.rf.X8bBRVxhYUIlnaevEktL.jpg,Pleine,0.9,0.7217217217217218
glasses212_png_jpg.rf.yvx1pRzTVTg656pGQcX1.jpg,Pleine,0.9,0.678088803088803
glasses214_png_jpg.rf.cdjA3QS0AfLEueTsFTf6.jpg,Pleine,0.9,0.2422907488986784
glasses214_png_jpg.rf.n3colEz004iDosjw21zQ.jpg,Pleine,0.9,0.2742274329086473
glasses214_png_jpg.rf.NCv4O0wbRetRpaRg0h9v.jpg,Pleine,0.9,0.23728813559322035
glasses214_png_jpg.rf.uEeFazskKSnZFaYL1MSR.jpg,Pleine,0.9,0.23728813559322035
glasses216_png_jpg.rf.bE0YkHUHYvoIkeKvCQ3D.jpg,Pleine,0.9,0.3749899380181921
glasses216_png_jpg.rf.NYTouYXlWKwa7SbvODFH.jpg,Pleine,0.9,0.3749899380181921
glasses216_png_jpg.rf.zrqyULr0DWTHw6qYmJDk.jpg,Pleine,0.9,0.37056451612903224
glasses217_png_jpg.rf.541Mqi16M3OuqDO4YFsy.jpg,Pleine,0.9,0.32028070175438594
glasses217_png_jpg.rf.db2Oa6GplBPL2ftZbNLD.jpg,Pleine,0.9,0.31733333333333336
glasses217_png_jpg.rf.XlWPWrTCKgygIJ0G8S5E.jpg,Pleine,0.9,0.32028070175438594
glasses218_png_jpg.rf.utqhyYdgAIA2dmoj7ToS.jpg,Pleine,0.9,0.4221606648199446
glasses218_png_jpg.rf.YrZDP3EIIb3iP4LhQVGD.jpg,Pleine,0.9,0.3050717703349282
glasses21_png-jpg_cloud_affine_aug_png_jpg.rf.UZh434bygA1Q3ioaPIgT.jpg,Percée,0.75,0.0
glasses21_png-jpg_dropout_aug_png_jpg.rf.U2VhkWcIvxvDTLfFDBjD.jpg,Semi-cerclée,0.8,0.11312974465148379
glasses21_png-jpg_flip_aug_png_jpg.rf.A6VmOLaKsp6LsHMK6fD3.jpg,Semi-cerclée,0.8,0.09539201195445612
glasses21_png-jpg_shear_aug_png_jpg.rf.BYpi1ZctTBWULovcrVV7.jpg,Semi-cerclée,0.8,0.08115790694976216
glasses21_png_jpg.rf.HCZVBxMM7Kbh5777PkXm.jpg,Semi-cerclée,0.8,0.09964044638919982
glasses21_png_jpg.rf.pZSLYgjdbQpuPB9eOGXw.jpg,Semi-cerclée,0.8,0.09888753634949618
glasses220_png_jpg.rf.oUHg13kEzqTnxMcawUcr.jpg,Pleine,0.9,0.12432054666873738
glasses221_png_jpg.rf.WFbL1X7edeesoj4V016P.jpg,Pleine,0.9,0.7187884757448905
glasses222_png_jpg.rf.g9O5UISLINO0t2fIxnzP.jpg,Pleine,0.9,0.2764003673094582
glasses222_png_jpg.rf.MkzCz9Z2qPnLJwE6UDw7.jpg,Pleine,0.9,0.26859504132231404
glasses222_png_jpg.rf.zn7N4Kkr3FASVRzO6Bd9.jpg,Pleine,0.9,0.26859504132231404
glasses224_png-jpg_aug_png_jpg.rf.nvF82S6GcBowv6ZWLx3T.jpg,Pleine,0.9,0.5338010204081632
glasses224_png_jpg.rf.pKc3AeB0Hcis4rWPK0gA.jpg,Pleine,0.9,0.61484375
glasses224_png_jpg.rf.YtDsRQE8DcQeNi0DEyO3.jpg,Pleine,0.9,0.61484375
glasses225_png-jpg_aug_png_jpg.rf.CfIvg57v6IoloAU2FEdL.jpg,Pleine,0.9,0.3070715894983677
glasses225_png_jpg.rf.eH0XQezkr4f31yVc7HVy.jpg,Pleine,0.9,0.5634679310433685
glasses225_png_jpg.rf.fZ5QNYczTafz5n3k4HOF.jpg,Pleine,0.9,0.4262052248855373
glasses225_png_jpg.rf.RKgpdBnb0MRHIpopDuD1.jpg,Pleine,0.9,0.42887029288702927
glasses225_png_jpg.rf.ymCOiDufa4CZs2tDttCN.jpg,Pleine,0.9,0.42887029288702927
glasses226_png-jpg_aug_png_jpg.rf.cfrz1FNXewsBY3WMaWTY.jpg,Pleine,0.9,0.7266663317536604
glasses226_png_jpg.rf.c7walkjGxWcagUVaIXvp.jpg,Pleine,0.9,0.3462325962325962
glasses226_png_jpg.rf.jXa6A8zpdjtB4eqCuILx.jpg,Pleine,0.9,0.27834302325581395
glasses226_png_jpg.rf.SXFxtzqHZ4qprhPjMBPq.jpg,Pleine,0.9,0.289705566301311
glasses226_png_jpg.rf.Yzi8TpmEXNYhKZYc2YF7.jpg,Pleine,0.9,0.34410497453975714
glasses227_png_jpg.rf.o2RznJAi6X8qcTtDciu4.jpg,Pleine,0.9,0.3090828924162258
glasses22_png-jpg_aug_png_jpg.rf.iYYARiADWZFOxcJELlzN.jpg,Pleine,0.9,0.1478504853742703
glasses22_png_jpg.rf.6OfbhPEZeCu8f7sU7JwA.jpg,Pleine,0.9,0.20558422861843717
glasses22_png_jpg.rf.e80ALY5HXGkqR3iV2h5z.jpg,Pleine,0.9,0.25652014652014654
glasses22_png_jpg.rf.nje7oz8q60Nm9gToi1ea.jpg,Pleine,0.9,0.13340783816036217
glasses22_png_jpg.rf.TLN7GBx2geKzGCWW8Vl2.jpg,Pleine,0.9,0.2578157668183495
glasses23_png-jpg_aug_png_jpg.rf.AMH6n0FOfTqNH8VtI4yw.jpg,Pleine,0.9,1.0
glasses23_png_jpg.rf.4SIZgrHnDxTh7FbuRCa8.jpg,Pleine,0.9,0.180762369388721
glasses23_png_jpg.rf.cfHOtByMW5EATFQQqCQc.jpg,Semi-cerclée,0.8,0.1127751652695427
glasses23_png_jpg.rf.je20BiYFCRYDOpcHRdmN.jpg,Pleine,0.9,0.1750560765820661
glasses23_png_jpg.rf.Xcc635a8VjdsxwoNjTWU.jpg,Pleine,0.9,0.18587944774946683
glasses24_png-jpg_aug_png_jpg.rf.P4gdNEqGXZrT3aZYfqra.jpg,Pleine,0.9,0.1600737708605101
glasses24_png_jpg.rf.FByktUqR1B3tTjDvDSKm.jpg,Pleine,0.9,0.16393970189701898
glasses24_png_jpg.rf.IxXH7hWWBOK1EQuq7303.jpg,Pleine,0.9,0.16477684162101838
glasses24_png_jpg.rf.jrFeGdQ00Ar4taKp1yGd.jpg,Pleine,0.9,0.13373868582878462
glasses24_png_jpg.rf.ONKCkseFwaYS9R6AEABd.jpg,Pleine,0.9,0.1254039242044309
glasses25_png-jpg_aug_png_jpg.rf.0sIr7VjPz98OLJCgcBaa.jpg,Pleine,0.9,1.0
glasses25_png_jpg.rf.iZhsRPY07eVr7U8ErNLm.jpg,Pleine,0.9,0.19901262342207224
glasses25_png_jpg.rf.O5lcrQxKBF47eQHmUWaW.jpg,Pleine,0.9,0.19890013748281465
glasses26_png_jpg.rf.cPyN5yYEwfsLO7M9e71d.jpg,Pleine,0.9,0.34254861364835787
glasses26_png_jpg.rf.UUmJdC3ct0C35wnGPnwq.jpg,Pleine,0.9,0.3426906994681931
glasses27_png-jpg_aug_png_jpg.rf.bYsjWEiAcNooOTs1VTCW.jpg,Pleine,0.9,1.0
glasses27_png_jpg.rf.Ob1j4OuD46jtCph85uUN.jpg,Pleine,0.9,0.16636903642994097
glasses27_png_jpg.rf.Tcf1kDYwfF5btiQAQtDb.jpg,Pleine,0.9,0.15120332883490778
glasses27_png_jpg.rf.TwZFBeqPislFXt2Tn93E.jpg,Pleine,0.9,0.21287924211536155
glasses27_png_jpg.rf.ZHBAGk8cprolxSmRrd9W.jpg,Pleine,0.9,0.2132024763641599
glasses28_png-jpg_aug_png_jpg.rf.MYvJSnu1aiwqj0jUlDPP.jpg,Pleine,0.9,1.0
glasses28_png_jpg.rf.dOU1LyJHqWm1HIoZ5qkE.jpg,Pleine,0.9,0.20300352182869294
glasses28_png_jpg.rf.FIIr5ORhfysqhthlF5vz.jpg,Pleine,0.9,0.20159302939623305
glasses28_png_jpg.rf.wfVIrsRJIij9jqRYAvd6.jpg,Pleine,0.9,0.16908461595110097
glasses28_png_jpg.rf.zB48Il4UzSvrZO7TNjm7.jpg,Pleine,0.9,0.15049184657027795
glasses29_png-jpg_aug_png_jpg.rf.OsxAVWiXbf1NrI7yyarP.jpg,Pleine,0.9,0.15942454971505088
glasses29_png_jpg.rf.aJH1nZNxiI3q0EjUFfEH.jpg,Pleine,0.9,0.21935651026945543
glasses29_png_jpg.rf.cIhp4m0NdUFRqNYIZXzQ.jpg,Pleine,0.9,0.24312100001303458
glasses29_png_jpg.rf.O4MjIC33EibzN4AnLHgZ.jpg,Pleine,0.9,0.2423546209761163
glasses29_png_jpg.rf.Q9uR42luf3NGJ1Bi7myD.jpg,Pleine,0.9,0.23613018052377321
glasses2_png-jpg_aug_png_jpg.rf.YVx1qxObtD3DPlNKImaL.jpg,Pleine,0.9,0.13104222821203954
glasses2_png_jpg.rf.mPNMp6uDmBYjzZ3DUGzo.jpg,Pleine,0.9,0.1721634994897861
glasses2_png_jpg.rf.OQJUunOnCHcayoGecBAX.jpg,Pleine,0.9,0.1256212967903176
glasses2_png_jpg.rf.Qfty3cXmw4pw82qwFh4z.jpg,Pleine,0.9,0.17118032912654876
glasses2_png_jpg.rf.Z1Bus2LerVv436zz5vHI.jpg,Pleine,0.9,0.15339875784922624
glasses30_png-jpg_aug_png_jpg.rf.mVnN5LpmuomQSQIkn6m5.jpg,Pleine,0.9,1.0
glasses30_png_jpg.rf.0F3VimaBXQU7p6a66L2i.jpg,Pleine,0.9,0.31885669986686216
glasses30_png_jpg.rf.fvMJ2ybLH59nEOuzD8uZ.jpg,Pleine,0.9,0.18684928234427567
glasses30_png_jpg.rf.HegKjIH0kYEsqMbmg0KO.jpg,Pleine,0.9,0.28657835843464585
glasses30_png_jpg.rf.jSgi6067wGuOFAWfNe2V.jpg,Pleine,0.9,0.28363543910026323
glasses31_png_jpg.rf.6WFoglXqllYvaIGaXIiP.jpg,Pleine,0.9,0.1682761230109516
glasses31_png_jpg.rf.Bv3egiKo5y4NXgtkWk5p.jpg,Pleine,0.9,0.2513438478350759
glasses31_png_jpg.rf.vNzcH8nOPePsk3PhQMRc.jpg,Pleine,0.9,0.16665483888473756
glasses31_png_jpg.rf.WQlMlsz0H2BmPw2865gz.jpg,Pleine,0.9,0.1998536146477928
glasses32_png_jpg.rf.imnR736kSxEyS9gJffiC.jpg,Pleine,0.9,0.15897594331850387
glasses32_png_jpg.rf.Knvw1yifwUJpRvQbC9Yf.jpg,Pleine,0.9,0.159193222209866
glasses32_png_jpg.rf.ytxTYZt2nkNVgtwNSmM5.jpg,Pleine,0.9,0.15964378448555663
glasses32_png_jpg.rf.Z6unC0eIdRa3eafPJxXQ.jpg,Pleine,0.9,0.17919845574041732
glasses33_png-jpg_cloud_affine_aug_png_jpg.rf.US21bLj7zTvTvlhLbTrb.jpg,Semi-cerclée,0.8,0.10261508797300554
glasses33_png-jpg_flip_aug_png_jpg.rf.ig4Va1GOkzZ2u6XfyEU6.jpg,Pleine,0.9,0.19678164152690364
glasses33_png-jpg_shear_aug_png_jpg.rf.ODGNfz1MgqgGlGsJvP9e.jpg,Pleine,0.9,0.19104749957233277
glasses33_png_jpg.rf.e0G1J022qUvxOe0TtjOV.jpg,Pleine,0.9,0.18900400309329937
glasses33_png_jpg.rf.Grd1KbTJDuYlwE7tqil3.jpg,Pleine,0.9,0.17280744328214873
glasses33_png_jpg.rf.WNHQ2d1RuuF7TCx40eM4.jpg,Pleine,0.9,0.17718273750178037
glasses33_png_jpg.rf.WrdwagiadCIv4tobifeW.jpg,Pleine,0.9,0.15167265816408307
glasses34_png-jpg_aug_png_jpg.rf.CzPA4SgElj0woEeFpWwM.jpg,Pleine,0.9,0.18676900584795322
glasses34_png_jpg.rf.D43es3tLgBp5DTOYUhMp.jpg,Pleine,0.9,0.22946472720159533
glasses34_png_jpg.rf.i2PLZR8GXYoGedtUN20a.jpg,Pleine,0.9,0.18859688328714877
glasses34_png_jpg.rf.pCYy0rQGItZ3E9mtdaQv.jpg,Pleine,0.9,0.22797371090630464
glasses34_png_jpg.rf.WcmIrlvw9p4jRFEkTo7H.jpg,Pleine,0.9,0.1882798891784771
glasses35_png-jpg_aug_png_jpg.rf.fBbsde00b1q8GAa2oI8A.jpg,Pleine,0.9,0.6777516809431703
glasses35_png_jpg.rf.2lXvJDdRKFdITmyaqT4F.jpg,Pleine,0.9,0.1591475847633483
glasses35_png_jpg.rf.Cm16mOMahaGJoJFHXcxS.jpg,Pleine,0.9,0.21422137313905606
glasses35_png_jpg.rf.panKEJkozvoKF0NckS1c.jpg,Pleine,0.9,0.21687821199947907
glasses35_png_jpg.rf.ZNghEfQub9bt6V8kdtHP.jpg,Pleine,0.9,0.20531256405001025
glasses36_png-jpg_aug_png_jpg.rf.upuiQg261wZOkRnxeywG.jpg,Pleine,0.9,0.17977621355999734
glasses36_png_jpg.rf.hQxULOZrpC796irvmWc3.jpg,Pleine,0.9,0.23390531140334445
glasses37_png_jpg.rf.cx1nkwiukJEmGq1QWZ0N.jpg,Semi-cerclée,0.8,0.09821960784313725
glasses37_png_jpg.rf.k6Z51KQBMvz1s7XvMvVL.jpg,Pleine,0.9,0.16783312047679863
glasses37_png_jpg.rf.KpcFiGURQ0da3X134BsY.jpg,Pleine,0.9,0.16341039025602783
glasses37_png_jpg.rf.PgWUtnuNdBzstz0ho9J6.jpg,Semi-cerclée,0.8,0.09988702817650186
glasses37_png_jpg.rf.uL8tmiySGufXdRxfc5J0.jpg,Pleine,0.9,0.16783312047679863
glasses38_png-jpg_cloud_affine_aug_png_jpg.rf.KwAF74gusvlsVBcW1rcB.jpg,Percée,0.75,0.024584519683089875
glasses38_png-jpg_dropout_aug_png_jpg.rf.tT24hykx6vHgz2HYBUTy.jpg,Pleine,0.9,0.13121114437025097
glasses38_png-jpg_flip_aug_png_jpg.rf.cDQETvnAzgjwkwGLPHHE.jpg,Semi-cerclée,0.8,0.07325569821837365
glasses38_png-jpg_shear_aug_png_jpg.rf.cL8h37ZPnZ5hNkuNKqe7.jpg,Pleine,0.9,0.18047391963328527
glasses38_png_jpg.rf.0jeBJOSLjclgqwvI5URS.jpg,Pleine,0.9,0.18297712785901762
glasses38_png_jpg.rf.2y1wYRfP6xXK92CkOkJD.jpg,Pleine,0.9,0.17197822887070824
glasses38_png_jpg.rf.CodsNZnn8OVYG1Plmgdl.jpg,Pleine,0.9,0.18297712785901762
glasses38_png_jpg.rf.sIylUZIkNgDlCeyHmJ4e.jpg,Semi-cerclée,0.8,0.11956614813757671
glasses38_png_jpg.rf.smtM4q47bN4hoVuIn6EX.jpg,Pleine,0.9,0.18314293254910832
glasses39_png-jpg_aug_png_jpg.rf.OO0OwILmymr5R5dmaTwR.jpg,Pleine,0.9,0.6985991901568094
glasses39_png_jpg.rf.3g6WTD6coyymkOLf3nXR.jpg,Pleine,0.9,0.1763228527607362
glasses39_png_jpg.rf.Mn0RtyvRR739veo9EDu3.jpg,Pleine,0.9,0.2076923076923077
glasses39_png_jpg.rf.uCGT58TeKwZVLKGQ7gY5.jpg,Pleine,0.9,0.15889830508474576
glasses39_png_jpg.rf.Uoj2qVUYcWw8AgsaAzPI.jpg,Pleine,0.9,0.17709172433203607
glasses3_png-jpg_aug_png_jpg.rf.AqLUM4F8r8nwHZ9k583P.jpg,Pleine,0.9,0.25493779658843146
glasses3_png_jpg.rf.Eu3SfqLEFM7sxmKsMugL.jpg,Pleine,0.9,0.2507178526841448
glasses3_png_jpg.rf.xHTtvoHwECzi5aulRedw.jpg,Pleine,0.9,0.25128558886241065
glasses40_png-jpg_aug_png_jpg.rf.UZ4ZUsBzop6D2j6fflSK.jpg,Pleine,0.9,0.14818963566417742
glasses40_png_jpg.rf.iwSbpIfOBRzVAKIx1JND.jpg,Pleine,0.9,0.24537523123843807
glasses40_png_jpg.rf.RJT5pUPbaOHIfHZRBt8B.jpg,Pleine,0.9,0.24929839841292883
glasses40_png_jpg.rf.RZmzwgbuLSOhLSO0BwT6.jpg,Pleine,0.9,0.24610843373493976
glasses40_png_jpg.rf.tmNf5uBsr5b94defgVFR.jpg,Pleine,0.9,0.2570625981840935
glasses41_png-jpg_cloud_affine_aug_png_jpg.rf.YH4DzBKoRC7anz0OrCBt.jpg,Percée,0.75,0.03620571035431717
glasses41_png-jpg_dropout_aug_png_jpg.rf.484yCTYzKCgYpOfORAyZ.jpg,Pleine,0.9,0.2939090038765165
glasses41_png-jpg_flip_aug_png_jpg.rf.3NtsEq5OyUGejYcnk5VG.jpg,Pleine,0.9,0.2663354411321891
glasses41_png-jpg_shear_aug_png_jpg.rf.i3N7qRkkBaIbBkAS8UWw.jpg,Pleine,0.9,0.2572811551398802
glasses41_png_jpg.rf.98Hihw8cZoj30uvbYKw1.jpg,Pleine,0.9,0.2631149186801419
glasses41_png_jpg.rf.JGV0WRp0SvRWsyS35Hxu.jpg,Pleine,0.9,0.28447153801795866
glasses41_png_jpg.rf.TNTdpx6sqFpavyKlBoW6.jpg,Pleine,0.9,0.28817525516554643
glasses41_png_jpg.rf.xPsO45qLxCo24x71MObn.jpg,Pleine,0.9,0.2904750689724783
glasses42_png-jpg_aug_png_jpg.rf.M6QgGTgW6LDz8eikBeZQ.jpg,Pleine,0.9,0.16344614608936786
glasses42_png_jpg.rf.1iTbRULm52Q1iLrgBwG7.jpg,Pleine,0.9,0.19994718426090974
glasses42_png_jpg.rf.dNED8BNQjPYqXVs0D3wY.jpg,Pleine,0.9,0.13741252837551357
glasses42_png_jpg.rf.gu4mzkmG69RX9PVBBEBn.jpg,Pleine,0.9,0.202485992999827
glasses42_png_jpg.rf.p9yJoqSWBerNaRmsWwB7.jpg,Pleine,0.9,0.1461496659527539
glasses43_png-jpg_aug_png_jpg.rf.aeSQyohF0CMcHXBH87NR.jpg,Pleine,0.9,0.1816557474687314
glasses43_png_jpg.rf.01zLYEEpFv16K0xYymMt.jpg,Pleine,0.9,0.23173796166432914
glasses43_png_jpg.rf.1kJbsI8JT9fwJVvehdMu.jpg,Pleine,0.9,0.22922012961593666
glasses43_png_jpg.rf.KjGDoKdYTGUW45hdOSdb.jpg,Pleine,0.9,0.2047929187517288
glasses43_png_jpg.rf.pFhO0pntN0hAesyncLBd.jpg,Pleine,0.9,0.24243418803418804
glasses44_png-jpg_aug_png_jpg.rf.6kvg2SpsWe3Oil1XLUKL.jpg,Pleine,0.9,0.13836312022710007
glasses44_png_jpg.rf.6NhDlvajTQ2VYdFerdcP.jpg,Pleine,0.9,0.19389194358116185
glasses44_png_jpg.rf.oqZZlKw3CHBB6Zbl5NAL.jpg,Pleine,0.9,0.19955773955773956
glasses44_png_jpg.rf.wC41c4BfIsm10j0p2o8d.jpg,Pleine,0.9,0.21514969760583796
glasses44_png_jpg.rf.XWqjx2mqljwnBC3TNpcQ.jpg,Pleine,0.9,0.20225638482519218
glasses45_png-jpg_aug_png_jpg.rf.ngX2IIWNheeb70FTBBDj.jpg,Pleine,0.9,0.24960332294911733
glasses45_png_jpg.rf.Bzf6O8IcY9xvurkaizHy.jpg,Pleine,0.9,0.2511753981961236
glasses45_png_jpg.rf.C2FxWVvnOWhOtSxsPR3p.jpg,Pleine,0.9,0.32733108311735276
glasses45_png_jpg.rf.QmqEqkVdbTBhyxQl7L33.jpg,Pleine,0.9,0.2584105560032232
glasses45_png_jpg.rf.ZpZKMaxHnyl4ZYBp4QgY.jpg,Pleine,0.9,0.25050038491147036
glasses46_png-jpg_aug_png_jpg.rf.PBmK6uEac3JaxGCMB8PE.jpg,Pleine,0.9,0.30645054362238133
glasses46_png_jpg.rf.cRPemafdf3fcBCZBOazy.jpg,Pleine,0.9,0.33420361247947455
glasses46_png_jpg.rf.XRm7DIeETwpNPR3ErmCK.jpg,Pleine,0.9,0.2527310948502636
glasses47_png-jpg_aug_png_jpg.rf.b3mivufiXTJyLWwQVanJ.jpg,Semi-cerclée,0.8,0.0934876100757731
glasses47_png_jpg.rf.CsmSdHweBnpmIdcu2yCt.jpg,Pleine,0.9,0.15609194831425333
glasses47_png_jpg.rf.dxcCKbCA8iNUcoJ0oWYu.jpg,Pleine,0.9,0.15809932699002088
glasses47_png_jpg.rf.HNPvUqJc6uoMW6nohqE1.jpg,Semi-cerclée,0.8,0.08807268416022454
glasses47_png_jpg.rf.s1uhw0abGysG80RFCKuA.jpg,Pleine,0.9,0.15011644455945142
glasses48_png-jpg_aug_png_jpg.rf.yOZ7mgeKdVMkpDbj0iR0.jpg,Pleine,0.9,1.0
glasses48_png_jpg.rf.gtRwKiTciYiouGgiQkUe.jpg,Semi-cerclée,0.8,0.07414104882459313
glasses48_png_jpg.rf.XFgWV3SXLhmxKmjd7chS.jpg,Semi-cerclée,0.8,0.07596168238287682
glasses49_png-jpg_aug_png_jpg.rf.eoz5wUAIQm1nwx2nz6oj.jpg,Pleine,0.9,0.21456252303275986
glasses49_png_jpg.rf.5smhyflI0Yyeut9UqOW1.jpg,Semi-cerclée,0.8,0.05505705463820647
glasses49_png_jpg.rf.d5qkb54uvBXuNdIx0hIn.jpg,Semi-cerclée,0.8,0.0671755115089514
glasses49_png_jpg.rf.J7jhuITqNtFAeS7BiMth.jpg,Semi-cerclée,0.8,0.06833049675566429
glasses49_png_jpg.rf.LARbxOWLVhGGSOCynK9C.jpg,Semi-cerclée,0.8,0.06835091330074608
glasses4_png-jpg_cloud_affine_aug_png_jpg.rf.AvxPUmtX1gamVI0vyo3e.jpg,Percée,0.75,0.0
glasses4_png-jpg_dropout_aug_png_jpg.rf.t632TnCShlbhOeZ2Ag22.jpg,Pleine,0.9,0.23788748564867968
glasses4_png-jpg_flip_aug_png_jpg.rf.iZzMEP6UzctXbDoWimDI.jpg,Pleine,0.9,0.20965275722600374
glasses4_png-jpg_shear_aug_png_jpg.rf.JvnMsf8u7Xj4j7wY8g08.jpg,Pleine,0.9,0.21027954482094433
glasses4_png_jpg.rf.oHfZTwGHLAqaOcs1IjID.jpg,Pleine,0.9,0.20489223218096458
glasses4_png_jpg.rf.PH33U6CleK8KhnxPwd5s.jpg,Pleine,0.9,0.141865189289012
glasses4_png_jpg.rf.wIiuyesdIh9zpZcy5Shh.jpg,Pleine,0.9,0.20693937180423666
glasses4_png_jpg.rf.XIKbwDa25NTaG0f3Iiqt.jpg,Pleine,0.9,0.17695644149132522
glasses50_png-jpg_aug_png_jpg.rf.atSKgHkHuKt6AOuvv2Kf.jpg,Pleine,0.9,0.9604266973693392
glasses50_png_jpg.rf.h49ouZUf0petlIsQAFFS.jpg,Semi-cerclée,0.8,0.09377543102632525
glasses50_png_jpg.rf.odrQ056Om1fIcbbHZn6d.jpg,Semi-cerclée,0.8,0.09358626919602529
glasses51_png-jpg_aug_png_jpg.rf.Lb0M82t0bNzaDn0ig0ZV.jpg,Pleine,0.9,0.9999639782428587
glasses51_png_jpg.rf.0nQ8cuHnTxd8N93iblB3.jpg,Semi-cerclée,0.8,0.06980162736829601
glasses51_png_jpg.rf.1Ampb5v0hHy2CVNtp6T4.jpg,Semi-cerclée,0.8,0.07635698836131424
glasses51_png_jpg.rf.fqpdLRsaK8PDfZ2koDEz.jpg,Semi-cerclée,0.8,0.07148869648869649
glasses51_png_jpg.rf.LkH6EfxW6dN8YdTXJCIO.jpg,Semi-cerclée,0.8,0.06462519452975445
glasses51_png_jpg.rf.UnjVWHfSUrlFaCPtvEzY.jpg,Semi-cerclée,0.8,0.07148869648869649
glasses52_png-jpg_aug_png_jpg.rf.m37gqH9dgmD8JdFSAfDb.jpg,Pleine,0.9,0.22760651523452316
glasses52_png_jpg.rf.4ZVetw1EAWRsEWvPhy3B.jpg,Semi-cerclée,0.8,0.059868144997830865
glasses52_png_jpg.rf.6GeL7YtBy8kD7q6GlVVK.jpg,Semi-cerclée,0.8,0.054952483461094194
glasses52_png_jpg.rf.h76G8sFRKc8jt4kxQN8Z.jpg,Semi-cerclée,0.8,0.05487619240917394
glasses52_png_jpg.rf.stOJJ67Moc0q1hkr35Pl.jpg,Semi-cerclée,0.8,0.05517111671736071
glasses53_png-jpg_aug_png_jpg.rf.rj3RFTc3UgWwf4AdhAoj.jpg,Pleine,0.9,0.7252046750957426
glasses53_png_jpg.rf.07rasHTvBrU0dlv1sv43.jpg,Semi-cerclée,0.8,0.05810469883317566
glasses53_png_jpg.rf.bCUqG11tsiNkS5W7SpBi.jpg,Semi-cerclée,0.8,0.07383909689333691
glasses53_png_jpg.rf.c2Ot3AkGal0CcTWyhh98.jpg,Semi-cerclée,0.8,0.07275793650793651
glasses53_png_jpg.rf.LgrklUbEOGT2qcWlHlSD.jpg,Semi-cerclée,0.8,0.05267759089069996
glasses54_png-jpg_aug_png_jpg.rf.OnriOl1s0LV1F0h8slQu.jpg,Semi-cerclée,0.8,0.07279569892473119
glasses54_png_jpg.rf.9UqAzUWvxAGYKbt5Z8XJ.jpg,Semi-cerclée,0.8,0.05544699898834518
glasses54_png_jpg.rf.arNQMNuzFiAkCpcVElKP.jpg,Semi-cerclée,0.8,0.09969635627530364
glasses54_png_jpg.rf.rew0nMpD8IzIx1jzNBDW.jpg,Semi-cerclée,0.8,0.1045224541429475
glasses54_png_jpg.rf.wOypn7Mouv5MfIIY6fIE.jpg,Semi-cerclée,0.8,0.10530846484935437
glasses55_png-jpg_aug_png_jpg.rf.XOWnP26QyorYRxZ4dvbc.jpg,Pleine,0.9,0.16000429830217064
glasses55_png_jpg.rf.1E31uX3QZ8pa3CcKDQlv.jpg,Pleine,0.9,0.22211499918345531
glasses55_png_jpg.rf.8dz98B3Too2LrwTtiln1.jpg,Pleine,0.9,0.22110883990994193
glasses55_png_jpg.rf.dTgVvCyTE1qIbe1BdOsP.jpg,Pleine,0.9,0.22211499918345531
glasses55_png_jpg.rf.wrcn8WUBx6pjNJVojiXN.jpg,Pleine,0.9,0.20395127748068925
glasses55_png_jpg.rf.XE2hgUa7nT2SG1m8NX6s.jpg,Pleine,0.9,0.21563326896946292
glasses56_png-jpg_cloud_affine_aug_png_jpg.rf.D2eo0h8CxBHx7OKr6GNy.jpg,Percée,0.75,0.04604205286821864
glasses56_png-jpg_dropout_aug_png_jpg.rf.WbefAbvNF2LozeZBzffO.jpg,Pleine,0.9,0.32630960770495654
glasses56_png-jpg_flip_aug_png_jpg.rf.sO37PPpeQiLfWqHhYGiD.jpg,Pleine,0.9,0.3428622476326604
glasses56_png-jpg_shear_aug_png_jpg.rf.DB2CTBWO5cIlFvigG6UW.jpg,Pleine,0.9,0.31508023147985115
glasses56_png_jpg.rf.84q4v9BYcsYHaNMIYbFS.jpg,Pleine,0.9,0.3265645886498967
glasses56_png_jpg.rf.lvMSsRkHMnGZlEm71KfB.jpg,Pleine,0.9,0.32522785271600435
glasses57_png-jpg_dropout_aug_png_jpg.rf.4SRZHeDfsiyrufNcEi2T.jpg,Pleine,0.9,0.23745677562471457
glasses57_png-jpg_flip_aug_png_jpg.rf.ck8BYsSv8E6icVZEpHVK.jpg,Pleine,0.9,0.23673854359774937
glasses57_png-jpg_shear_aug_png_jpg.rf.uEimslVPNGwnDeTFIyXB.jpg,Pleine,0.9,0.2602499212941661
glasses57_png_jpg.rf.4G51i1rA6K6Y5SWtpowL.jpg,Pleine,0.9,0.23745677562471457
glasses57_png_jpg.rf.dl2eJfjlIItaTbzJDe56.jpg,Pleine,0.9,0.2178021582013654
glasses57_png_jpg.rf.eqChFb4GdszQZ90Eye8f.jpg,Pleine,0.9,0.23839080459770115
glasses57_png_jpg.rf.mTD9XJQoC3fWKID6imIW.jpg,Pleine,0.9,0.14887959203204681
glasses58_png-jpg_dropout_aug_png_jpg.rf.O9jSjLI4vrKnDGbqPtOr.jpg,Pleine,0.9,0.1965201930403861
glasses58_png-jpg_flip_aug_png_jpg.rf.3qft8jXh90NfVE6FRvMn.jpg,Pleine,0.9,0.18525051124744377
glasses58_png-jpg_shear_aug_png_jpg.rf.PfAj9w5pNZXC8iW6ZJ0C.jpg,Pleine,0.9,0.201675107492282
glasses58_png_jpg.rf.kuWWrusQkImsqN3Zusjc.jpg,Pleine,0.9,0.1886433459014104
glasses58_png_jpg.rf.SrnejDa3jWfjocEsWLzy.jpg,Pleine,0.9,0.1896213330541962
glasses59_png-jpg_aug_png_jpg.rf.0ZVCSNTGxUNZ10xSo9kL.jpg,Pleine,0.9,0.15482163869260643
glasses59_png_jpg.rf.16aToC1yjyk24TqhFBE6.jpg,Pleine,0.9,0.20589494453130816
glasses59_png_jpg.rf.1sOVpvwfwB99uIw3Mtu9.jpg,Pleine,0.9,0.20496601470384243
glasses59_png_jpg.rf.txMZZR4S5VXSZsgF9j5s.jpg,Pleine,0.9,0.19828375794762348
glasses59_png_jpg.rf.ZHGLGGtqGvzqyQbYFY2c.jpg,Pleine,0.9,0.24043679971988796
glasses5_png-jpg_aug_png_jpg.rf.cSukwo2ptclgOn4u82ec.jpg,Pleine,0.9,0.44427205484394733
glasses5_png_jpg.rf.3bdcVFEKWklYWv2do1QF.jpg,Pleine,0.9,0.1697792869269949
glasses5_png_jpg.rf.LZ72AzWA2hDEqfbujfi5.jpg,Pleine,0.9,0.19551020408163267
glasses5_png_jpg.rf.RpXmkyPbxFBIcbMqleEH.jpg,Pleine,0.9,0.18072684334820258
glasses5_png_jpg.rf.wvEgZvwwr3rDgI5plHCo.jpg,Pleine,0.9,0.19354925775978407
glasses60_png-jpg_aug_png_jpg.rf.IkAbJpAZFUt0kZeBx7zE.jpg,Pleine,0.9,0.12762249369273668
glasses60_png_jpg.rf.fB9kul52FPrRAde9lz8k.jpg,Pleine,0.9,0.3359059639547444
glasses60_png_jpg.rf.iHWsqeMiVnzA6ARj86dy.jpg,Pleine,0.9,0.16210561092450856
glasses60_png_jpg.rf.SYpVoJVw1sH4AO0az6XX.jpg,Semi-cerclée,0.8,0.11600440199661989
glasses60_png_jpg.rf.VM5T12bX85EM9js7V1Sr.jpg,Pleine,0.9,0.3379763094048808
glasses61_png-jpg_aug_png_jpg.rf.Dw3OvypNABQrdpkcjx7Q.jpg,Pleine,0.9,0.20484350349335137
glasses61_png_jpg.rf.as6WQqNrxhDnRslqcU9A.jpg,Pleine,0.9,0.21680705657978386
glasses61_png_jpg.rf.GZeDpXGnOMQCFXPoaGSV.jpg,Pleine,0.9,0.22043548387096773
glasses61_png_jpg.rf.i6lDRhZSvdTLkfqXJbNw.jpg,Pleine,0.9,0.25345270890725435
glasses61_png_jpg.rf.tIi6lztEKTv0BQo5ItwN.jpg,Pleine,0.9,0.21770306242355933
glasses62_png-jpg_aug_png_jpg.rf.C8bhDi7gwpjxgYIWVG3Z.jpg,Pleine,0.9,0.7007948478536714
glasses62_png_jpg.rf.opKmoDK8v9AflJVLS8J9.jpg,Pleine,0.9,0.1844475338491296
glasses62_png_jpg.rf.OrZjlBMjP7ayXkpyRS78.jpg,Pleine,0.9,0.18683101868861293
glasses63_png-jpg_aug_png_jpg.rf.4Yrw8fwXoOJqpGQiWLou.jpg,Pleine,0.9,0.1706456757245096
glasses63_png_jpg.rf.1lJWqZetckjGdByUepVq.jpg,Pleine,0.9,0.24841978959096656
glasses63_png_jpg.rf.BfClpX1moXuFvXMWEXZW.jpg,Pleine,0.9,0.2023912182161419
glasses63_png_jpg.rf.PuPIo0pLai1GMxXd4Qlr.jpg,Pleine,0.9,0.2537303617099014
glasses63_png_jpg.rf.RnHZdp4OY0CX2UrDprQ5.jpg,Pleine,0.9,0.1594950213371266
glasses64_png-jpg_aug_png_jpg.rf.WuAEYKkf0HJ3v3tEq3Eh.jpg,Pleine,0.9,0.17776710506871582
glasses64_png_jpg.rf.5ItehGzfnvlaamYvFgfe.jpg,Pleine,0.9,0.18630573248407642
glasses64_png_jpg.rf.aIms9WLd2Uz09bdHtacw.jpg,Pleine,0.9,0.26527946361481997
glasses64_png_jpg.rf.cDwzcxKYOpp3Bw4k2RZe.jpg,Pleine,0.9,0.26806494320953245
glasses64_png_jpg.rf.rxYoevkkkOjms83eqA5v.jpg,Pleine,0.9,0.2681312311616045
glasses65_png-jpg_aug_png_jpg.rf.PyVTx36tXlbxLI4xRLnV.jpg,Pleine,0.9,0.26288611726308425
glasses65_png_jpg.rf.K5TuIUacvjZJM3B2Rtau.jpg,Pleine,0.9,0.14813298065174482
glasses65_png_jpg.rf.rh3VoyKIA3EVc5fXc3s5.jpg,Pleine,0.9,0.21339764929682722
glasses65_png_jpg.rf.Wx25k2wN9HatFOJebLG4.jpg,Pleine,0.9,0.1651729919219631
glasses65_png_jpg.rf.x9oxFWHq80CGirmB32om.jpg,Pleine,0.9,0.21292749922624574
glasses66_png-jpg_aug_png_jpg.rf.5G2q0mRrxQw27Wb1Hmwv.jpg,Pleine,0.9,0.9998774109186008
glasses66_png_jpg.rf.BGGyMsOwUjRk3OytNKGz.jpg,Pleine,0.9,0.16871555394211413
glasses66_png_jpg.rf.Bh3ebDq0Tuox9vhIHsjx.jpg,Pleine,0.9,0.17241609172416092
glasses66_png_jpg.rf.uUPbQPIz2IhZe1f40INr.jpg,Pleine,0.9,0.18340836361664045
glasses66_png_jpg.rf.Ynel54wbKta9AuKLnNgj.jpg,Pleine,0.9,0.1673534046884234
glasses67_png-jpg_aug_png_jpg.rf.pJUHTPe8RuHSIpdq7yR3.jpg,Pleine,0.9,0.20436507936507936
glasses67_png_jpg.rf.75juq3C6INAaXhTSqDMN.jpg,Pleine,0.9,0.13393320115906665
glasses67_png_jpg.rf.ai64ZqtUXUlXl5nbTGiG.jpg,Pleine,0.9,0.18211780264286231
glasses67_png_jpg.rf.u9gJnckts1Si1zNh9qrs.jpg,Pleine,0.9,0.2202261639121062
glasses67_png_jpg.rf.uAB3iErp1hse5IE0531H.jpg,Pleine,0.9,0.22008149303284874
glasses68_png-jpg_aug_png_jpg.rf.f4eLtklCRDGQoyXroSj1.jpg,Pleine,0.9,0.21034119862634318
glasses68_png_jpg.rf.M4EsZuAkRWOq6J5eLLpl.jpg,Pleine,0.9,0.33067622033139277
glasses68_png_jpg.rf.pN3joGj5urNFvqkzfHJC.jpg,Pleine,0.9,0.3272949272949273
glasses69_png-jpg_cloud_affine_aug_png_jpg.rf.qz12tusvysijLDwA4oZe.jpg,Percée,0.75,0.032785930584672725
glasses69_png-jpg_dropout_aug_png_jpg.rf.wJuK4Ee0ENKUm6lusmiF.jpg,Pleine,0.9,0.37885219692375544
glasses69_png-jpg_flip_aug_png_jpg.rf.62kJflM7RYMPzwsdwpsM.jpg,Pleine,0.9,0.3728850923119317
glasses69_png-jpg_shear_aug_png_jpg.rf.bO4FUyyHCF122TNs6ylE.jpg,Pleine,0.9,0.39128823965279985
glasses69_png_jpg.rf.fSzlYR8w5oUU3XlKt1wO.jpg,Pleine,0.9,0.3788870703764321
glasses69_png_jpg.rf.VQmohvTvJowfQWT0ignP.jpg,Pleine,0.9,0.37641843971631206
glasses69_png_jpg.rf.Y4pHoo8JidnyEBNVD87F.jpg,Pleine,0.9,0.37641843971631206
glasses6_png-jpg_aug_png_jpg.rf.M893k653ABzhc4uVmlDJ.jpg,Percée,0.75,0.012182853216862148
glasses6_png_jpg.rf.I3A66K5NRPirLo98kaEZ.jpg,Semi-cerclée,0.8,0.06715033135681897
glasses6_png_jpg.rf.iMTOp0vJ8q5soKcWqAHF.jpg,Semi-cerclée,0.8,0.056219627352080886
glasses6_png_jpg.rf.rHGsygJG3IeIYzpWmJo4.jpg,Semi-cerclée,0.8,0.05657796019241802
glasses6_png_jpg.rf.UtUCsw7u8RhTBJdRfRRU.jpg,Semi-cerclée,0.8,0.06699842555105713
glasses70_png-jpg_aug_png_jpg.rf.BiRocgRA5hhAA1sNJJqV.jpg,Pleine,0.9,0.21649351606248157
glasses70_png_jpg.rf.0RVD0Tc5GC4cAWkpiN7W.jpg,Pleine,0.9,0.2537447802934529
glasses70_png_jpg.rf.c9ru6ZlDd037Q3cUohCi.jpg,Pleine,0.9,0.2455372800945155
glasses70_png_jpg.rf.eVLBv4pj23nHcWERqqCr.jpg,Pleine,0.9,0.25504571371220197
glasses70_png_jpg.rf.kgNxbJ97xT7QUJDEyGGO.jpg,Pleine,0.9,0.2455372800945155
glasses70_png_jpg.rf.LCQAd4KPJqhiQMyUT4HH.jpg,Pleine,0.9,0.2460964960964961
glasses71_png-jpg_flip_aug_png_jpg.rf.Cu3YBEJu8lIjVh5tyeCZ.jpg,Pleine,0.9,0.19171957435393008
glasses71_png_jpg.rf.VBjZyWvw9Z3kZjpdutLz.jpg,Pleine,0.9,0.17112471801482437
glasses72_png_jpg.rf.72RKgNCXYfRxG7NRhJSz.jpg,Semi-cerclée,0.8,0.07670948850236743
glasses72_png_jpg.rf.IwUAikJHFVAsw27nfkU6.jpg,Pleine,0.9,0.13201623847493463
glasses72_png_jpg.rf.J8kRRjspOk6BH7N0exi6.jpg,Semi-cerclée,0.8,0.07700655990738954
glasses72_png_jpg.rf.KrrPqrwXsQ0HH7PQUVqR.jpg,Semi-cerclée,0.8,0.07700655990738954
glasses72_png_jpg.rf.vpAbA9SIqApc5V7BO40I.jpg,Semi-cerclée,0.8,0.07755898592095614
glasses73_png_jpg.rf.4pFAWbNYYi17ff3Ewzvz.jpg,Pleine,0.9,0.40551181102362205
glasses73_png_jpg.rf.6LOxlKRylEIpRbdZnaIe.jpg,Pleine,0.9,0.3851851851851852
glasses73_png_jpg.rf.P7N0kuvEuZljKI01xrRG.jpg,Pleine,0.9,0.3997140522875817
glasses73_png_jpg.rf.RB6rmVOlVSXyhipjHqAV.jpg,Pleine,0.9,0.3997140522875817
glasses74_png_jpg.rf.brXYnRJuzDwwobt3JftL.jpg,Semi-cerclée,0.8,0.06961554361306325
glasses74_png_jpg.rf.d5SEBtUsUh9ViAPpOeec.jpg,Semi-cerclée,0.8,0.0703111858704794
glasses74_png_jpg.rf.x7XEmmraRxviCCF9Hobk.jpg,Semi-cerclée,0.8,0.06961554361306325
glasses78_png_jpg.rf.gfJHZuZVr7qoN5UjxM7s.jpg,Pleine,0.9,0.48278779392029875
glasses79_png_jpg.rf.1RzZtmN8MKAACKF2gMUA.jpg,Pleine,0.9,0.1916127162044642
glasses79_png_jpg.rf.8byD8EfdhjkTOFi5COWW.jpg,Pleine,0.9,0.1926502250929732
glasses79_png_jpg.rf.8NtLO6jAFwGk7E2voD9I.jpg,Pleine,0.9,0.1926502250929732
glasses7_png-jpg_aug_png_jpg.rf.r6PlfsQvLUu9Ib1IUiay.jpg,Percée,0.75,0.0412748514938296
glasses7_png_jpg.rf.8R8arQa5iyaz8lkMD1LV.jpg,Semi-cerclée,0.8,0.06763045573454496
glasses7_png_jpg.rf.gT0ctX0vlLv2B3QOvICF.jpg,Semi-cerclée,0.8,0.06822830292979547
glasses7_png_jpg.rf.oZc0TUAxzBTgURKLb54p.jpg,Semi-cerclée,0.8,0.06071240568520793
glasses7_png_jpg.rf.yNWtD41QhkgmV3VteNdX.jpg,Semi-cerclée,0.8,0.06092421163543313
glasses80_png_jpg.rf.C8dyRcnM1ThhJYrKtBgJ.jpg,Pleine,0.9,0.768961617304022
glasses80_png_jpg.rf.dRmRvZHhrgTr5UrZVlmt.jpg,Pleine,0.9,0.767537392037076
glasses80_png_jpg.rf.IIfccGJ9COLMu4Z6zuRK.jpg,Pleine,0.9,0.40468701819303116
glasses81_png-jpg_flip_aug_png_jpg.rf.13Jn7KGFhrxJOlfOqfAz.jpg,Semi-cerclée,0.8,0.1131828488971346
glasses81_png-jpg_shear_aug_png_jpg.rf.1nnFoN2O8nGm2C8XUBUw.jpg,Pleine,0.9,0.19420602535841033
glasses81_png_jpg.rf.8qAMShfWQDwPBN0aftqZ.jpg,Semi-cerclée,0.8,0.11042294692609847
glasses81_png_jpg.rf.e4Eue0goDcjrKsAcJu7P.jpg,Pleine,0.9,0.19229611680454378
glasses81_png_jpg.rf.fBF0YimGafcmaiwAPMBC.jpg,Pleine,0.9,0.19430312593519602
glasses81_png_jpg.rf.r6FySU2knb7hO1bH9VKp.jpg,Semi-cerclée,0.8,0.09916839916839917
glasses82_png_jpg.rf.kEi0OOBeOgrTqM9TVVzs.jpg,Pleine,0.9,0.7126888655386064
glasses82_png_jpg.rf.mhTaEihaJDSvZwnCyItu.jpg,Pleine,0.9,0.7397855040429443
glasses82_png_jpg.rf.NhmryDWTJgbscSCTel5C.jpg,Pleine,0.9,0.7253319983136594
glasses82_png_jpg.rf.PcIZHRmbcoRxFLe5A9gy.jpg,Pleine,0.9,0.7001106983376487
glasses83_png-jpg_aug_png_jpg.rf.ik4eEurg29YmuFQUTFCB.jpg,Pleine,0.9,1.0
glasses83_png_jpg.rf.3tnM8TtB0Eh5ljeoWeEB.jpg,Pleine,0.9,0.260164382601381
glasses83_png_jpg.rf.bY5aMzIppbxONJvuM7wX.jpg,Pleine,0.9,0.4658294945415536
glasses83_png_jpg.rf.jUuf2Ukb5ezAdHplDQb6.jpg,Pleine,0.9,0.4000707933277289
glasses83_png_jpg.rf.n0Gxabjsoy3fDnWt5csi.jpg,Pleine,0.9,0.2588034835289663
glasses83_png_jpg.rf.xUtgP7F2wzk6u60cfd41.jpg,Pleine,0.9,0.2588034835289663
glasses84_png-jpg_aug_png_jpg.rf.lELlCVf0uM2RcYLPRpnz.jpg,Pleine,0.9,0.4001428962160412
glasses84_png_jpg.rf.B6iqhCRfEDPJAdpIwit8.jpg,Pleine,0.9,0.32137997174738536
glasses84_png_jpg.rf.buMUn5yF3Pa3bJx5KOgl.jpg,Pleine,0.9,0.13863382305972533
glasses84_png_jpg.rf.LKRDuuX845r4ceD57ckR.jpg,Pleine,0.9,0.2735109202830292
glasses84_png_jpg.rf.O6GgvGob5wIbE8iku3yz.jpg,Pleine,0.9,0.3204170776384388
glasses85_png-jpg_aug_png_jpg.rf.hxMF44yL2GReUvRCV0Ai.jpg,Pleine,0.9,0.13231944750569394
glasses85_png_jpg.rf.8vXZscIgOsRJ4chTLStr.jpg,Pleine,0.9,0.14175494917067952
glasses85_png_jpg.rf.vQOmdomXSK2OhKTo16jc.jpg,Pleine,0.9,0.142595818815331
glasses86_png-jpg_aug_png_jpg.rf.jvEkKWttDiLcv9l8QiYM.jpg,Pleine,0.9,1.0
glasses86_png_jpg.rf.35JWsQKmGVu7dpigUfvU.jpg,Pleine,0.9,0.26157499010684604
glasses86_png_jpg.rf.LyYn32nCioT6wbc935ab.jpg,Pleine,0.9,0.26294170542979894
glasses87_png-jpg_aug_png_jpg.rf.eyMVMbAz6wnXeBB7f4zm.jpg,Pleine,0.9,1.0
glasses87_png_jpg.rf.8wgiFpSpTbT7XN3nh3kg.jpg,Percée,0.75,0.027056451612903227
glasses87_png_jpg.rf.mskOwsNGhzkOfwOtxanR.jpg,Percée,0.75,0.032808014529263574
glasses87_png_jpg.rf.QNlcwg9ocqSwth5dMSgI.jpg,Percée,0.75,0.023940718221546645
glasses87_png_jpg.rf.ztygtwzq0x1ex3CjRHT2.jpg,Percée,0.75,0.024136097820308348
glasses88_png_jpg.rf.5AcDtMRmHPfY9aNyuJXk.jpg,Pleine,0.9,0.24221311475409837
glasses88_png_jpg.rf.OCd2s2PtTZywgfoc5jZI.jpg,Pleine,0.9,0.24090447154471545
glasses88_png_jpg.rf.rqZDSEs4xhj6OX1oKPS7.jpg,Pleine,0.9,0.21839673913043478
glasses88_png_jpg.rf.ruE11h5qtR3UZiAnP4GZ.jpg,Pleine,0.9,0.2856685830860534
glasses89_png-jpg_cloud_affine_aug_png_jpg.rf.FKwRWW1nNQHWlr3GV1vN.jpg,Pleine,0.9,0.32358419183982307
glasses89_png-jpg_dropout_aug_png_jpg.rf.iPgRtuz0sGQ7IajT3Ege.jpg,Pleine,0.9,0.4685287315424302
glasses89_png-jpg_flip_aug_png_jpg.rf.F9gSaEW2kKxg5gxtyUZs.jpg,Pleine,0.9,0.4708916949101707
glasses89_png-jpg_shear_aug_png_jpg.rf.LhtgPbpZlVdLM0SPdXQn.jpg,Pleine,0.9,0.45970592755776424
glasses89_png_jpg.rf.8fhXEvhZBSvMelqnDg8J.jpg,Pleine,0.9,0.49824400240257216
glasses89_png_jpg.rf.Fy0XMT3jdzyYNTCKzScs.jpg,Pleine,0.9,0.4606439127375088
glasses89_png_jpg.rf.Gy59cJf6mrRykkzieTSu.jpg,Pleine,0.9,0.4636787323287246
glasses89_png_jpg.rf.Iqw18qbEovVkwNwH5RaA.jpg,Pleine,0.9,0.4614516271276127
glasses89_png_jpg.rf.nVf2KSJLzVBQaPRRPge0.jpg,Pleine,0.9,0.4614516271276127
glasses8_png_jpg.rf.3JgOSD6RBi132DuNjm9Y.jpg,Percée,0.75,0.016928571428571428
glasses8_png_jpg.rf.9kPVs8bxRZqR16Kl7z5O.jpg,Semi-cerclée,0.8,0.07702098547404261
glasses8_png_jpg.rf.I0KQYH7UYbhYXcxRadeh.jpg,Semi-cerclée,0.8,0.05614954245886871
glasses8_png_jpg.rf.xOpdzjxco9IoflMJTuJ5.jpg,Semi-cerclée,0.8,0.07722642654149503
glasses90_png-jpg_dropout_aug_png_jpg.rf.20NJ717zj3epkc8ZLqmn.jpg,Pleine,0.9,0.471403983280059
glasses90_png-jpg_flip_aug_png_jpg.rf.IZOIquzDbt0x7CQycv8j.jpg,Pleine,0.9,0.47815384615384615
glasses90_png-jpg_shear_aug_png_jpg.rf.zRK5BeWjS8nE4WfHzQJa.jpg,Pleine,0.9,0.4251466606498195
glasses90_png_jpg.rf.CCosQczRu9NmN33uafWc.jpg,Pleine,0.9,0.4384165187084895
glasses90_png_jpg.rf.IWOgUV6JfwE9dEiVR7UD.jpg,Pleine,0.9,0.4805088702147526
glasses90_png_jpg.rf.KYxQUh53BBCytzzB6FeO.jpg,Pleine,0.9,0.469772444243179
glasses90_png_jpg.rf.ZvnoPaxc1lKCosWWWqSk.jpg,Pleine,0.9,0.50830078125
glasses91_png-jpg_aug_png_jpg.rf.F7bRztUq9jVvkulVYG1Z.jpg,Pleine,0.9,0.14058133307366474
glasses92_png_jpg.rf.1C2Lg5KqVjYYD7kXXN8E.jpg,Pleine,0.9,0.17521082295109755
glasses92_png_jpg.rf.4MbqjKGWt3k5XQ6M0W5x.jpg,Pleine,0.9,0.1616921090605301
glasses92_png_jpg.rf.DlhMKraP6b2Ylo5UerVN.jpg,Pleine,0.9,0.1486779289736538
glasses92_png_jpg.rf.NtFCMfxjIgRnE92WVywu.jpg,Pleine,0.9,0.16161058309786797
glasses92_png_jpg.rf.Re40ewEtFdPRTJQ3lqPs.jpg,Pleine,0.9,0.1616921090605301
glasses93_png-jpg_cloud_affine_aug_png_jpg.rf.QQ7HdCSjjoMRxCFCxb6P.jpg,Pleine,0.9,0.15494791666666666
glasses93_png-jpg_dropout_aug_png_jpg.rf.JExKonH8Z3mraabKCpze.jpg,Pleine,0.9,0.22400265957446808
glasses93_png-jpg_flip_aug_png_jpg.rf.GIqrRyAEmuIsv6PRf8a6.jpg,Pleine,0.9,0.1912196828358209
glasses93_png-jpg_shear_aug_png_jpg.rf.t3J0H0P2wlL8pbbwdko8.jpg,Pleine,0.9,0.21215214485356665
glasses93_png_jpg.rf.bIzHjJAgXksi88JW1OwW.jpg,Pleine,0.9,0.2071039117865899
glasses93_png_jpg.rf.PcmBZfSmXIWzJS1AVymG.jpg,Pleine,0.9,0.20643271648916411
glasses93_png_jpg.rf.RURQ5AdnykzuYqzTr7zP.jpg,Pleine,0.9,0.2692416958041958
glasses93_png_jpg.rf.SvWNJRdZgVlgj42cOBey.jpg,Pleine,0.9,0.1946325605675913
glasses94_png_jpg.rf.pn8GQZsTblh8i8FsRxD8.jpg,Pleine,0.9,0.213603120429059
glasses95_png-jpg_aug_png_jpg.rf.Goh6jvHsgkcMOK74Anwd.jpg,Semi-cerclée,0.8,0.07361595750221343
glasses95_png_jpg.rf.50KOaS1qHS0OMH9C5Qdv.jpg,Semi-cerclée,0.8,0.06975510204081632
glasses95_png_jpg.rf.ksUONeXYUj51uNgkyUbI.jpg,Pleine,0.9,0.17092367092367092
glasses95_png_jpg.rf.Lfuj7ctubcSy4yV9Vzt8.jpg,Semi-cerclée,0.8,0.09970879440885265
glasses95_png_jpg.rf.uhUD1tSIQhp1OcjJ6IY8.jpg,Pleine,0.9,0.16866046374243096
glasses95_png_jpg.rf.XfOV4JLrXZ48gTbc0toy.jpg,Pleine,0.9,0.17097317097317097
glasses96_png-jpg_aug_png_jpg.rf.hbjXkyJmciOnO8HOw8oF.jpg,Pleine,0.9,0.24825882734045998
glasses96_png_jpg.rf.4NmT441M04UdHULUIHji.jpg,Semi-cerclée,0.8,0.10964497041420118
glasses96_png_jpg.rf.9UJQwF3hAyE3hwwydxmq.jpg,Semi-cerclée,0.8,0.06756070504129176
glasses96_png_jpg.rf.BfHa8euymCiP6w3sfKqM.jpg,Semi-cerclée,0.8,0.09003817956105216
glasses96_png_jpg.rf.PcPTrckUZHMa3yZwdYC6.jpg,Semi-cerclée,0.8,0.09003817956105216
glasses96_png_jpg.rf.UzebCrXvHNoqyVUk2slu.jpg,Semi-cerclée,0.8,0.09033096760593072
glasses97_png_jpg.rf.NP5co29I2z5HVuGEDjsS.jpg,Pleine,0.9,0.19293538461538462
glasses98_png-jpg_aug_png_jpg.rf.x4N3hyQJReuap06YbHlE.jpg,Pleine,0.9,0.5703665150230036
glasses98_png_jpg.rf.hqzdIG6Qvmy8wDXVHQNC.jpg,Pleine,0.9,0.2878537233375943
glasses98_png_jpg.rf.SeS1KtX92zcHt1cGOtEo.jpg,Pleine,0.9,0.12492799279927992
glasses98_png_jpg.rf.uXCeLy4BV32GBr5dQZls.jpg,Pleine,0.9,0.2419038761749759
glasses98_png_jpg.rf.xnWn8x1XZ1GTdbdkmNTA.jpg,Pleine,0.9,0.28777495023810123
glasses99_png-jpg_aug_png_jpg.rf.FMd4kSIAL4wBQZPUifFo.jpg,Pleine,0.9,0.7630940214614206
glasses99_png_jpg.rf.5hBbGjp4uc8TD4w68YBc.jpg,Pleine,0.9,0.6119491525423729
glasses99_png_jpg.rf.P2y3OhRpjffiby1GUP3i.jpg,Pleine,0.9,0.5483463396506875
glasses99_png_jpg.rf.pS8AXNTiSd9hkhI6ixec.jpg,Pleine,0.9,0.6103398347670557
glasses99_png_jpg.rf.WTjSrzh6XK9h6sYgHGbD.jpg,Pleine,0.9,0.5229319371727749
glasses9_png_jpg.rf.9HdYKbYkyVCPFtaK7Ui1.jpg,Semi-cerclée,0.8,0.0657548972766364
glasses9_png_jpg.rf.cTndVMwgXIZwIm6mSLUn.jpg,Semi-cerclée,0.8,0.08534322820037106
glasses9_png_jpg.rf.MijCnoTd4diHp1kRGfBW.jpg,Semi-cerclée,0.8,0.08576757764982565
glasses9_png_jpg.rf.rfyYNQlIqdQPaYFVYq7j.jpg,Semi-cerclée,0.8,0.1033339068264801
GRL-PSOP-A33V11-1A-0_10_jpg.rf.45a19TCt7xO1Utz55RDF.jpg,Pleine,0.9,0.26669156309751435
GRL-PSOP-A33V11-1A-0_10_jpg.rf.ABt0ftDU4W30alFN4wy2.jpg,Pleine,0.9,0.1330054402834008
GRL-PSOP-A33V11-1A-0_10_jpg.rf.aMZ6hfkVwh2brQSFMU94.jpg,Pleine,0.9,0.1753228305785124
GRL-PSOP-A33V11-1A-0_10_jpg.rf.e6qEKYD5ioCmsHJAAacB.jpg,Pleine,0.9,0.18412307518115942
GRL-PSOP-A33V11-1A-0_10_jpg.rf.F3051nFRX4EBonuJ4dhI.jpg,Pleine,0.9,0.2234275
GRL-PSOP-A33V11-1A-0_10_jpg.rf.fI106W675cxFMEYcjJ4g.jpg,Semi-cerclée,0.8,0.10823863636363637
GRL-PSOP-A33V11-1A-0_10_jpg.rf.PtxlAnZ1zRRzjeFHD1gs.jpg,Semi-cerclée,0.8,0.07694896941489361
GRL-PSOP-A33V11-1A-0_10_jpg.rf.V1Pho8NO2RGYMuZmD18M.jpg,Pleine,0.9,0.18029173764906303
GRL-PSOP-A33V11-1A-0_10_jpg.rf.VgtnbXcRzDvii0sWRhWx.jpg,Pleine,0.9,0.24359720031545742
H400d8739bd79497bb9b10a424f0cb590r-jpg_aug_png_jpg.rf.lJZDuuQUyIrYAaPVJOZD.jpg,Pleine,0.9,0.53330658105939
H400d8739bd79497bb9b10a424f0cb590r_jpg.rf.6TZXS6JUep18uFEAn4Nq.jpg,Pleine,0.9,0.3452484631147541
H400d8739bd79497bb9b10a424f0cb590r_jpg.rf.ED2vghGNQjCAPEuz72iK.jpg,Pleine,0.9,0.3452698087431694
H67c2bc44c8084a11bec77caf9e09bb01n-jpg_aug_png_jpg.rf.bwLfv6LpZxYfeyxebqQj.jpg,Pleine,0.9,0.37081582713883376
H67c2bc44c8084a11bec77caf9e09bb01n_jpg.rf.CekU2y1RvB21FjfeRZ1R.jpg,Pleine,0.9,0.30086146272855135
H67c2bc44c8084a11bec77caf9e09bb01n_jpg.rf.oFJ0CB4FBE7uHN0i1532.jpg,Pleine,0.9,0.3013859649122807
H67c2bc44c8084a11bec77caf9e09bb01n_jpg.rf.SbON9OZ7Ih1QZsIawuSF.jpg,Pleine,0.9,0.3013859649122807
hangten_eyeglasses_1540219787_bde1ce0f-jpg_aug_png_jpg.rf.Mt8bDFWr8GluQXVVA5Op.jpg,Pleine,0.9,0.19499437670707107
hangten_eyeglasses_1540219787_bde1ce0f_jpg.rf.SFt0iBzVCWDs3V1w2X5D.jpg,Pleine,0.9,0.24136662989335742
hangten_eyeglasses_1540219787_bde1ce0f_jpg.rf.ylRKXXmgQMB6hGrWI6bE.jpg,Pleine,0.9,0.24136662989335742
Hero_Article_MensEyeglasses-Most-Durable-compressor_jpg.rf.APW9eBBeLsShRaDRLNfc.jpg,Pleine,0.9,0.2369534465020576
Hero_Article_MensEyeglasses-Most-Durable-compressor_jpg.rf.CU3tDA8dNEhY8J5OE8UD.jpg,Pleine,0.9,0.19498623908100993
Hero_Article_MensEyeglasses-Most-Durable-compressor_jpg.rf.jnmXXg2ewxt93Nbgt9JJ.jpg,Pleine,0.9,0.14128059073148752
Hero_Article_MensEyeglasses-Most-Durable-compressor_jpg.rf.NHPdtQlRvsoHHaig1Qwt.jpg,Semi-cerclée,0.8,0.07549203373945643
Hero_Article_MensEyeglasses-Most-Durable-compressor_jpg.rf.OEHEiXZarS2T44FBimDF.jpg,Pleine,0.9,0.13401036605118238
Hero_Article_MensEyeglasses-Most-Durable-compressor_jpg.rf.q0h9D4HTyLAapVBQlqwE.jpg,Pleine,0.9,0.5344734840756061
Hero_Article_MensEyeglasses-Most-Durable-compressor_jpg.rf.x3eeG7XQka5K9QTefgQ7.jpg,Pleine,0.9,0.15161029446743732
heroimage0-335596001618248245_jpg.rf.3VZ55MpCkUFn1TfAT5RA.jpg,Pleine,0.9,0.5972014326953918
heroimage0-335596001618248245_jpg.rf.8BKR8X7C6kXRV44DK05W.jpg,Pleine,0.9,0.5801108382831041
heroimage0-335596001618248245_jpg.rf.aXc7GHreTCKF7BEa9c3N.jpg,Pleine,0.9,0.5414676636392107
heroimage0-335596001618248245_jpg.rf.hsytbhC0Kn6rOcciNwwH.jpg,Pleine,0.9,0.5699765654804076
heroimage0-335596001618248245_jpg.rf.JbqcZtGhCu2LzwE1qVtz.jpg,Pleine,0.9,0.8622342151051343
heroimage0-335596001618248245_jpg.rf.MuLOPri44MXi46lIzDeA.jpg,Pleine,0.9,0.5211716766078073
heroimage0-335596001618248245_jpg.rf.r62a09odcIwYFErcu8zx.jpg,Pleine,0.9,0.8256699398162812
heroimage0-335596001618248245_jpg.rf.tB30aaOA7859y9d4zldh.jpg,Pleine,0.9,0.5881667170039263
How-to-Put-a-Lens-Back-in-Glasses-jpg_cloud_affine_aug_png_jpg.rf.xGxPt5H6hOGQqVwlyRqZ.jpg,Pleine,0.9,0.22194353757719792
How-to-Put-a-Lens-Back-in-Glasses-jpg_dropout_aug_png_jpg.rf.acLBsKdF6cbHOdXbaWaf.jpg,Pleine,0.9,0.35641491953470816
How-to-Put-a-Lens-Back-in-Glasses-jpg_flip_aug_png_jpg.rf.OVkWvRgg23K7EzrrSQhL.jpg,Pleine,0.9,0.33571219082999315
How-to-Put-a-Lens-Back-in-Glasses-jpg_shear_aug_png_jpg.rf.K1eyMV7syX8dhNP3asLG.jpg,Pleine,0.9,0.3371760973030143
How-to-Put-a-Lens-Back-in-Glasses_jpg.rf.MoAbSHCNVm8byDsdvKDk.jpg,Pleine,0.9,0.34789291882556134
How-to-Put-a-Lens-Back-in-Glasses_jpg.rf.t5EqIZl2Qk0PbRT1pLN9.jpg,Pleine,0.9,0.3479101899827288
hqdefault2-jpg_cloud_affine_aug_png_jpg.rf.RN6vO2xxsP2qSMH1z5Rn.jpg,Percée,0.75,0.005343770572745227
hqdefault2-jpg_dropout_aug_png_jpg.rf.IB9Yf4myrQtrbRowyh9N.jpg,Pleine,0.9,0.3418363456112255
hqdefault2-jpg_flip_aug_png_jpg.rf.F5e5Zfa0SqXUzw9kFCAW.jpg,Pleine,0.9,0.27352654791225156
hqdefault2-jpg_shear_aug_png_jpg.rf.lknddgDKJhXJ6fdGCZCZ.jpg,Pleine,0.9,0.34285370383107505
hqdefault2_jpg.rf.hXiWeL5NFXn7wDbqy9nY.jpg,Pleine,0.9,0.3359318738297566
hqdefault2_jpg.rf.UZINEoOzFgkwuApo679y.jpg,Pleine,0.9,0.3359498775745355
hqdefault_jpg.rf.4dnRRTKptsYbA379Kzcl.jpg,Pleine,0.9,0.6394028595458369
hqdefault_jpg.rf.Qszn5p6rB3Elt2A7J1uk.jpg,Pleine,0.9,0.639313155922039
il_340x270-3150110949_70cr_jpg.rf.8lPMOSAnr9D8OlxIUFL5.jpg,Pleine,0.9,0.5450415775718698
il_340x270-3150110949_70cr_jpg.rf.MHBDPccNRiPtZEoo9zpg.jpg,Pleine,0.9,0.5450415775718698
il_340x270-4016291627_bz83_jpg.rf.AvQ40p9CZfcpX3FiBldZ.jpg,Semi-cerclée,0.8,0.05099150141643059
il_340x270-4016291627_bz83_jpg.rf.SUdeSIHnVdAAyc3EL1R0.jpg,Semi-cerclée,0.8,0.05099150141643059
il_fullxfull-3060037234_7w3w_jpg.rf.AkKGeo06SsBWuvCXmXco.jpg,Pleine,0.9,0.19367896311066798
il_fullxfull-3060037234_7w3w_jpg.rf.LdTIHUWpL48o1ywL73hO.jpg,Pleine,0.9,0.19368893320039882
il_fullxfull-4090058224_3k3o-jpg_aug_png_jpg.rf.YLIXulkXR8nfIbFR6EdQ.jpg,Pleine,0.9,1.0
il_fullxfull-4090058224_3k3o_jpg.rf.GioqzNiX6MiGIpt8in6n.jpg,Pleine,0.9,0.12081597222222222
il_fullxfull-4090058224_3k3o_jpg.rf.PgBCUY1eitwxO1sqpXkR.jpg,Pleine,0.9,0.12081597222222222
image10_jpeg-jpg_aug_png_jpg.rf.OGNowLHci17dkMMyueb8.jpg,Pleine,0.9,1.0
image10_jpeg_jpg.rf.4Bnk9lDDlPXCsstxWz69.jpg,Pleine,0.9,0.24606382978723404
image10_jpeg_jpg.rf.vZJDzLUZhMnRX9O39CQm.jpg,Pleine,0.9,0.24606382978723404
image11_jpeg_jpg.rf.kcl58bZI0fLcIyuDkTAw.jpg,Pleine,0.9,0.41438411729132557
image11_jpeg_jpg.rf.KcXOSKbXBGr5XhwLOKVf.jpg,Pleine,0.9,0.41437674233373156
image11_jpeg_jpg.rf.VD7CU6fTaRWrj2LJwVpe.jpg,Pleine,0.9,0.1766720479704797
image11_jpeg_jpg.rf.Vo8eeQdZvCRWiTCip4Fu.jpg,Pleine,0.9,0.1766720479704797
image12_jpeg-jpg_aug_png_jpg.rf.AU4jl2fUuIAwikYExNTx.jpg,Pleine,0.9,0.55724365234375
image12_jpeg-jpg_aug_png_jpg.rf.sOGrRDa50XPyweyHBmkd.jpg,Pleine,0.9,0.2218791890080429
image12_jpeg_jpg.rf.BUQwtgqAcdMOfQcyogRh.jpg,Pleine,0.9,0.22183310991957106
image12_jpeg_jpg.rf.evRZYUPSMo2438wzkIJm.jpg,Pleine,0.9,0.2703713881909548
image12_jpeg_jpg.rf.Nb9rBkmJiM4cTanfSibJ.jpg,Pleine,0.9,0.22183310991957106
image12_jpeg_jpg.rf.SrQcIdfOML4xbAKIyai2.jpg,Pleine,0.9,0.3801462765957447
image12_jpeg_jpg.rf.XDclNW2pv6F9iZvpq23D.jpg,Pleine,0.9,0.3801462765957447
image12_jpeg_jpg.rf.ZnRjPR2wjEaSz4BZJrQ2.jpg,Pleine,0.9,0.2703713881909548
image13_jpeg-jpg_aug_png_jpg.rf.57kFyYrGCzv8gFTZnT09.jpg,Percée,0.75,0.03304012014589144
image13_jpeg-jpg_aug_png_jpg.rf.xkahuzr9AB4NlC8F3R7N.jpg,Pleine,0.9,0.5241402116402116
image13_jpeg_jpg.rf.DT8NdKnYF360fQfJNEZO.jpg,Pleine,0.9,0.3163412376921093
image13_jpeg_jpg.rf.LNgUmOXUQjK9fLoiVOPS.jpg,Pleine,0.9,0.2054485701107011
image13_jpeg_jpg.rf.w9Fb4Pj97eInRVdYoq28.jpg,Pleine,0.9,0.3163412376921093
image14_jpeg-jpg_aug_png_jpg.rf.rUsf7bXz8JRwa5iefWMk.jpg,Pleine,0.9,0.9147856104651163
image14_jpeg-jpg_cloud_affine_aug_png_jpg.rf.QfNPDiuU150QmWpp9lcu.jpg,Percée,0.75,0.009760017141632741
image14_jpeg-jpg_dropout_aug_png_jpg.rf.9DZG2Gi9PuNekPwM2fN6.jpg,Pleine,0.9,0.3731793251244052
image14_jpeg-jpg_flip_aug_png_jpg.rf.23HV4CuUkZ25uJb1c4WA.jpg,Pleine,0.9,0.25175484287025324
image14_jpeg-jpg_shear_aug_png_jpg.rf.qxqjnXsrAhRPswS7i1IW.jpg,Pleine,0.9,0.32400609893833293
image14_jpeg_jpg.rf.mzA13mRLAVPoEayhmYDJ.jpg,Pleine,0.9,0.2589320866141732
image14_jpeg_jpg.rf.nxjZ56H2Fv6X8gbNZ6bF.jpg,Pleine,0.9,0.33261205045625336
image14_jpeg_jpg.rf.PkiEosehohOwqJqBSnr0.jpg,Pleine,0.9,0.33261205045625336
image14_jpeg_jpg.rf.VZfRndZU9X60TbDYszir.jpg,Pleine,0.9,0.2589320866141732
image14_jpeg_jpg.rf.yi8PKVU4h5ir0HJayQwu.jpg,Pleine,0.9,0.4797682370820669
image14_jpeg_jpg.rf.ZaYLLoCi6AuVVlC4LftO.jpg,Pleine,0.9,0.4797682370820669
image15_jpeg_jpg.rf.Ds97BUXm3DY5Q3OgqIUS.jpg,Pleine,0.9,0.5743951612903225
image15_jpeg_jpg.rf.GVGc8SvA8H0m7357LDz3.jpg,Pleine,0.9,0.5444951923076923
image15_jpeg_jpg.rf.jlkZfvB2Q5azLUwBDHWF.jpg,Pleine,0.9,0.5444951923076923
image15_jpeg_jpg.rf.RGB2luaEaioR1Amwg8q9.jpg,Pleine,0.9,0.5743951612903225
image16_jpeg-jpg_cloud_affine_aug_png_jpg.rf.X8dnGviNGtPytwSfeX1O.jpg,Pleine,0.9,0.16295200192651366
image16_jpeg-jpg_dropout_aug_png_jpg.rf.fG8ofYuxQYmGoUzIFw3q.jpg,Pleine,0.9,0.3601340033500838
image16_jpeg-jpg_flip_aug_png_jpg.rf.swQqPOzpRty3BWWcWNXj.jpg,Pleine,0.9,0.3653481998988509
image16_jpeg-jpg_shear_aug_png_jpg.rf.3OWBprPHN9KCJqaQHOrG.jpg,Pleine,0.9,0.350369656059145
image16_jpeg_jpg.rf.7m2clkItu9kv9mE15xZu.jpg,Pleine,0.9,0.3601340033500838
image16_jpeg_jpg.rf.KbtZW3l0oEzzLblVnHiS.jpg,Pleine,0.9,0.36010990202812626
image17_jpeg-jpg_aug_png_jpg.rf.gVjpJN2nvb9Zi9wNyXC3.jpg,Pleine,0.9,0.18726384364820847
image17_jpeg-jpg_cloud_affine_aug_png_jpg.rf.LBjHDGbY1DwViK3EgIBq.jpg,Pleine,0.9,0.31775841346153844
image17_jpeg-jpg_dropout_aug_png_jpg.rf.1gYnb05WkkQlfAWstHR4.jpg,Pleine,0.9,0.26129261363636364
image17_jpeg-jpg_shear_aug_png_jpg.rf.R4k2jf0mnOf2eA7BMFYE.jpg,Pleine,0.9,0.2778294917257683
image17_jpeg_jpg.rf.bDjqQIN6obD3tNgLDzQy.jpg,Pleine,0.9,0.1688622754491018
image17_jpeg_jpg.rf.HC6V3yCBpO6H7UmXbxLF.jpg,Pleine,0.9,0.1688622754491018
image17_jpeg_jpg.rf.lyGf1hjkb7XNoId3Xc5N.jpg,Pleine,0.9,0.2591619318181818
image17_jpeg_jpg.rf.TBDHFgvxEKsHW9Zj77EU.jpg,Pleine,0.9,0.2591619318181818
image18_jpeg-jpg_aug_png_jpg.rf.4IZ4hvL3MD0kAyFvAZkk.jpg,Pleine,0.9,0.33381678221859706
image18_jpeg_jpg.rf.wnLdH2yHPyzROl7Y1jwb.jpg,Percée,0.75,0.04824308755760369
image18_jpeg_jpg.rf.Zk53pYdEPGAdTiqZ8R5P.jpg,Pleine,0.9,0.5063506765463918
image18_jpeg_jpg.rf.ZwZqIEiDtOwA63aVcHi8.jpg,Pleine,0.9,0.5063506765463918
image19_jpeg-jpg_aug_png_jpg.rf.WUHJTg5H4iaEPzz2lHAc.jpg,Pleine,0.9,1.0
image19_jpeg_jpg.rf.DMc3sWWLd1KpUxpoF1gO.jpg,Pleine,0.9,0.6737532383419689
image19_jpeg_jpg.rf.GmdLshcT3arHkSw4BXz2.jpg,Pleine,0.9,0.6737532383419689
image19_jpeg_jpg.rf.WzsOB91JDp5FjBXgGVjw.jpg,Pleine,0.9,0.22276503164556963
image20_jpeg-jpg_aug_png_jpg.rf.h2mmgALbOFSgnuHgDZJA.jpg,Pleine,0.9,0.44562824007268453
image20_jpeg_jpg.rf.103LI5Kkqo6pJyrZjsl1.jpg,Pleine,0.9,0.6700647865853658
image20_jpeg_jpg.rf.Btay0Xs6TkCbnaJNBi3T.jpg,Pleine,0.9,0.3209387351778656
image20_jpeg_jpg.rf.Rki3QvHgRhmgJmVJSOlb.jpg,Pleine,0.9,0.32092885375494073
image2_jpeg_jpg.rf.FUqHpobfrVx84hdEbdiW.jpg,Percée,0.75,0.0022086466165413534
image2_jpeg_jpg.rf.iE16qgBTcAVlYGRp6anX.jpg,Percée,0.75,0.0022086466165413534
image3_jpeg-jpg_aug_png_jpg.rf.b34KnIp9E22ODJ5Vweev.jpg,Pleine,0.9,1.0
image3_jpeg-jpg_aug_png_jpg.rf.W59DhZ6Rbo3uF0v4I9q4.jpg,Pleine,0.9,0.16097617272113918
image3_jpeg_jpg.rf.VBMekVM8hZEh9FoNEnTK.jpg,Pleine,0.9,0.14500870354953455
image3_jpeg_jpg.rf.WR1jiks8HxpD3wtyqg97.jpg,Pleine,0.9,0.14500870354953455
image3_jpeg_jpg.rf.WUrJ4R3dgYGCifUp7JqG.jpg,Percée,0.75,0.017432013358778625
image3_jpeg_jpg.rf.YOIm5R6SEVGV1ibA5TZ8.jpg,Percée,0.75,0.017432013358778625
image4_jpeg-jpg_aug_png_jpg.rf.UewlqxSa0FxBck6TZEX3.jpg,Pleine,0.9,0.2841752819548872
image4_jpeg_jpg.rf.qgMyDo5rH9UUvzdZWzkR.jpg,Percée,0.75,0.02575834690553746
image5_jpeg-jpg_aug_png_jpg.rf.rQiRYezMvC2oSnfgesMu.jpg,Pleine,0.9,0.2766216034914096
image5_jpeg_jpg.rf.7ghQ1FLSU643PevVYaaP.jpg,Pleine,0.9,0.2848690414625985
image5_jpeg_jpg.rf.Eo3cxHyJhNXlMoUmf0yx.jpg,Pleine,0.9,0.2848690414625985
image5_jpeg_jpg.rf.OZTL7TvCA6bdIf9WVGsw.jpg,Percée,0.75,0.0051045582706766915
image5_jpeg_jpg.rf.zXDcaQRIJzkYpnaGDQT0.jpg,Percée,0.75,0.0051045582706766915
image6_jpeg-jpg_aug_png_jpg.rf.pwh2JitnjpifXO8TrFM2.jpg,Semi-cerclée,0.8,0.10429141716566866
image6_jpeg-jpg_aug_png_jpg.rf.S6dk8jVHUcOLpLZb2IJ8.jpg,Pleine,0.9,0.9740733438485805
image6_jpeg_jpg.rf.236QdY1bVi8fi5iLaKS6.jpg,Pleine,0.9,0.2114705023364486
image6_jpeg_jpg.rf.3CqaQTFuqASYN5ix1VT6.jpg,Percée,0.75,0.049511070755046446
image6_jpeg_jpg.rf.crrZMShjFaywAZzPk7Q8.jpg,Pleine,0.9,0.2114705023364486
image6_jpeg_jpg.rf.ZVVJJ7YfEInm27Ce6vbl.jpg,Percée,0.75,0.049511070755046446
image7_jpeg-jpg_aug_png_jpg.rf.i9vevpj6ePX39YHZ8mmB.jpg,Pleine,0.9,0.6483960022867058
image7_jpeg-jpg_aug_png_jpg.rf.NF4zWSkQmqkAPI2Lahaz.jpg,Pleine,0.9,0.1833683401639344
image7_jpeg_jpg.rf.87kl7vNl566u1fibPdaI.jpg,Pleine,0.9,0.15239009533898304
image7_jpeg_jpg.rf.EDHf1tsQjhEQcRmHOkFC.jpg,Semi-cerclée,0.8,0.10229117762128326
image7_jpeg_jpg.rf.kvSRat96KA3NPvcunpUe.jpg,Pleine,0.9,0.24138043620216795
image7_jpeg_jpg.rf.xJLQqovuewA7gTvoMlMs.jpg,Pleine,0.9,0.24138043620216795
image7_jpeg_jpg.rf.zPaoxAx6pppbyXgBps5z.jpg,Pleine,0.9,0.15239009533898304
image8_jpeg-jpg_aug_png_jpg.rf.VB0HEG8kqkcGOTVuZxPO.jpg,Pleine,0.9,0.3038915472992552
image8_jpeg-jpg_cloud_affine_aug_png_jpg.rf.SUPUYQZVu0u3qMwQRdeS.jpg,Percée,0.75,0.046659158175960606
image8_jpeg-jpg_dropout_aug_png_jpg.rf.4HAzVuL5Cfz5Byz2tcPo.jpg,Pleine,0.9,0.12199112238427394
image8_jpeg-jpg_flip_aug_png_jpg.rf.EwPkcp1WLV1WTvvCBhPP.jpg,Semi-cerclée,0.8,0.08551887277589222
image8_jpeg-jpg_shear_aug_png_jpg.rf.7W0zNTBA8ovOkcReMjTU.jpg,Semi-cerclée,0.8,0.08900394477317554
image8_jpeg_jpg.rf.CTCjSxOLL9hlwphjAvZv.jpg,Semi-cerclée,0.8,0.08921232347578875
image8_jpeg_jpg.rf.DvceUOGOJOGQtwMaFsE2.jpg,Semi-cerclée,0.8,0.10298219266251878
image8_jpeg_jpg.rf.fORyyCMDeygpERwpKGgo.jpg,Semi-cerclée,0.8,0.08921232347578875
image9_jpeg_jpg.rf.65ufEdf6o4AVt4CqgVZs.jpg,Pleine,0.9,0.5758589221852263
image9_jpeg_jpg.rf.M6TdOMIkF4cr5OxxhdYq.jpg,Pleine,0.9,0.5758589221852263
image9_jpeg_jpg.rf.Pfr4BV96iWDzrMv4oi7I.jpg,Semi-cerclée,0.8,0.052833104395604395
image_jpeg-jpg_aug_png_jpg.rf.FnWkoNXsUvcMtoDhQC6K.jpg,Pleine,0.9,1.0
image_jpeg_jpg.rf.Ed9k8jAaO18v90joIwRn.jpg,Semi-cerclée,0.8,0.0606105939716312
image_jpeg_jpg.rf.LGS9hMMOqpzvHyb6c1wG.jpg,Pleine,0.9,0.2742884665907698
images-1-_jpeg_jpg.rf.BMdJEis11SR93b9p5OqO.jpg,Percée,0.75,0.03402862985685071
images-1-_jpeg_jpg.rf.GRH7l1SiVUoMdB3nYUyR.jpg,Semi-cerclée,0.8,0.050227701005025126
images-1-_jpeg_jpg.rf.I6OWIJWwelwNMAjaFAQw.jpg,Semi-cerclée,0.8,0.09464015151515151
images-1-_jpeg_jpg.rf.JLw7dZymnhyeou6bez4o.jpg,Percée,0.75,0.03433455882352941
images-1-_jpg.rf.1ntskb3TcbnIZlTUIRmO.jpg,Pleine,0.9,0.27837251356238696
images-1-_jpg.rf.4GEalHC4do64fAbZMBUO.jpg,Semi-cerclée,0.8,0.09660315694318893
images-1-_jpg.rf.8QrnCzFrwPaqBrYM7xeK.jpg,Pleine,0.9,0.19076882845188284
images-1-_jpg.rf.BxY5AGWSnnLsd5hsR5Ku.jpg,Pleine,0.9,0.19074703626220363
images-1-_jpg.rf.CIg33yo5r8nBcT61JWeT.jpg,Pleine,0.9,0.17970382601068083
images-1-_jpg.rf.co6GChsvGLrCW2F58rgI.jpg,Pleine,0.9,0.22355760999828797
images-1-_jpg.rf.eH6ybN6oONEe5IarLZB1.jpg,Pleine,0.9,0.3890082644628099
images-1-_jpg.rf.LdnD0syuHzL6Ez3o9Ntt.jpg,Pleine,0.9,0.22355760999828797
images-1-_jpg.rf.mLgw42Ac26buH2NsLnCN.jpg,Pleine,0.9,0.27837251356238696
images-1-_jpg.rf.Oe86EwlwwoHcT8Rjh2Ed.jpg,Pleine,0.9,0.35014033680834
images-1-_jpg.rf.pM2tXNgLPSNWDXFRvH66.jpg,Pleine,0.9,0.35014033680834
images-1-_jpg.rf.qhhikWZ1l9kiFJ4sQQLL.jpg,Percée,0.75,0.04037037037037037
images-1-_jpg.rf.vD2hpllHedvOMNEl55sO.jpg,Pleine,0.9,0.3890082644628099
images-1-_jpg.rf.wmEBFppkZ7clMxlcrmTJ.jpg,Semi-cerclée,0.8,0.09660315694318893
images-1-_jpg.rf.zg2tCh3JiwUYGTD7FGOQ.jpg,Percée,0.75,0.04030864197530864
images-1-_jpg.rf.zKNmBImvj9U5PCXPOevt.jpg,Pleine,0.9,0.17975542426665977
images-1-_png_jpg.rf.uIbswCtIaPsNXyDfKQIh.jpg,Pleine,0.9,0.12999116607773853
images-1-jpg_aug_png_jpg.rf.6tFC4BnvLAQGfOLeAMlj.jpg,Pleine,0.9,1.0
images-1-jpg_aug_png_jpg.rf.bvLgETxoEiqRXiQwVL5o.jpg,Pleine,0.9,0.3983926521239954
images-1-jpg_aug_png_jpg.rf.Dzm4FR1lZzyDFhuUeBFU.jpg,Pleine,0.9,0.653627848756906
images-1-jpg_aug_png_jpg.rf.sqzcPGpvuoCyTP6xUlgm.jpg,Pleine,0.9,1.0
images-1-jpg_aug_png_jpg.rf.XK51BjyB3hv74xK2nOMr.jpg,Pleine,0.9,0.1825166503121281
images-1-jpg_cloud_affine_aug_png_jpg.rf.wIsXujPLDb1zLAopWdUd.jpg,Percée,0.75,0.0033168854036567637
images-1-jpg_dropout_aug_png_jpg.rf.XTlUaJfH4JYfgIJB1MEM.jpg,Pleine,0.9,0.19425557880055788
images-1-jpg_flip_aug_png_jpg.rf.OZcctiJe2kjRfEo0Icz3.jpg,Pleine,0.9,0.14698423748197503
images-1-jpg_shear_aug_png_jpg.rf.hh7emabDXtxaeCfmVaGm.jpg,Pleine,0.9,0.19597863218469863
images-10-_jpg.rf.35C88NBVtqvLXQlXkaaL.jpg,Percée,0.75,0.015097564449508617
images-10-_jpg.rf.6RBHHRON2kpk7NoLNUGZ.jpg,Pleine,0.9,0.24170990300022557
images-10-_jpg.rf.6VFRz2FHStcunczjbrCF.jpg,Pleine,0.9,0.2501008538963222
images-10-_jpg.rf.8VXIhium6Jdd8KNxj38W.jpg,Percée,0.75,0.0028222278666779556
images-10-_jpg.rf.9sXzp7GpuB8mArsEPKoG.jpg,Semi-cerclée,0.8,0.11583850931677019
images-10-_jpg.rf.CDscrkpzb0iJsKvfHY6S.jpg,Percée,0.75,0.0
images-10-_jpg.rf.DduXIA7fcCrcttLLdNSf.jpg,Semi-cerclée,0.8,0.11585403726708074
images-10-_jpg.rf.eui1gihYe6hHy2XAN369.jpg,Percée,0.75,2.6474637297469023e-05
images-10-_jpg.rf.GoWmtorDbC8LU43DvD0c.jpg,Percée,0.75,2.6474637297469023e-05
images-10-_jpg.rf.H3gkw8bmJmK4trFL8Xf6.jpg,Pleine,0.9,0.2501008538963222
images-10-_jpg.rf.IkRYae1sIekzeixgdXFe.jpg,Pleine,0.9,0.2001943634596696
images-10-_jpg.rf.Jq9jRsNkqmfOSaZFyVSC.jpg,Semi-cerclée,0.8,0.11294964028776978
images-10-_jpg.rf.kRW7sc4SNEiUS5BgqCSW.jpg,Semi-cerclée,0.8,0.10538067510179064
images-10-_jpg.rf.mzKo0YYEufWM8FT1g4oM.jpg,Percée,0.75,0.0028222278666779556
images-10-_jpg.rf.o6F25lnhBs1gD9ZrZNcK.jpg,Semi-cerclée,0.8,0.11294964028776978
images-10-_jpg.rf.ttzXKAQrXPZ8OKX9Eepu.jpg,Pleine,0.9,0.2001943634596696
images-10-_jpg.rf.Uy0bPpSpLU82x3RtwkI0.jpg,Percée,0.75,0.015168779376157243
images-10-_jpg.rf.zV0Fet8p6i3Lr2X3Fhli.jpg,Percée,0.75,0.0
images-10-_jpg.rf.Zv2SaYiKk28lubZPDJhh.jpg,Semi-cerclée,0.8,0.10538067510179064
images-10-_jpg.rf.zvaWfl5O6g8FqOINB523.jpg,Pleine,0.9,0.24170990300022557
images-10-jpg_aug_png_jpg.rf.2pdZKTRHcwxa8yEtYBW0.jpg,Semi-cerclée,0.8,0.0792368913857678
images-10-jpg_aug_png_jpg.rf.9ZBeypJK1cEuYQBdAJRX.jpg,Pleine,0.9,0.3168502202643172
images-10-jpg_aug_png_jpg.rf.buhbEgXk2rS0cnLL0nrD.jpg,Pleine,0.9,0.5510106332024141
images-10-jpg_aug_png_jpg.rf.EcBQRmGeFlWBkVYphhOj.jpg,Pleine,0.9,1.0
images-10-jpg_aug_png_jpg.rf.KjY8myKwdaEVBV3xwJ3M.jpg,Pleine,0.9,0.8836781470535015
images-10-jpg_aug_png_jpg.rf.XzjOjbhcrGUikVFiggxj.jpg,Semi-cerclée,0.8,0.11304684475416182
images-10_png_jpg.rf.17pxB2BF0a34ptffpOof.jpg,Pleine,0.9,0.14124645676297493
images-10_png_jpg.rf.RWLNeuzxqbpdXJljv5sV.jpg,Semi-cerclée,0.8,0.1053755212916555
images-10_png_jpg.rf.zp0i9A0huMYZO4BvsHG6.jpg,Pleine,0.9,0.15727040816326532
images-11-_jpg.rf.31AjiWWNqOM7R7AMuLHR.jpg,Semi-cerclée,0.8,0.1185975740431186
images-11-_jpg.rf.BIwcrg7ynjxXglFEcFGj.jpg,Percée,0.75,0.039476969875825746
images-11-_jpg.rf.BLOEztUTxaWSmLVTlz8V.jpg,Percée,0.75,0.039476969875825746
images-11-_jpg.rf.DICM0JHGDYLTrgqnPdC7.jpg,Pleine,0.9,0.41859328181674815
images-11-_jpg.rf.E7yDbO7Y9e9SkH90NPnA.jpg,Pleine,0.9,0.41859328181674815
images-11-_jpg.rf.ew3auLpvAOR7R9zKwJ8z.jpg,Semi-cerclée,0.8,0.06443129520052597
images-11-_jpg.rf.m3RHbdCEGvd7HGKps2tg.jpg,Pleine,0.9,0.40322959828381677
images-11-_jpg.rf.NezJbY0dB6sFSSTEJBs8.jpg,Pleine,0.9,0.4031855182344471
images-11-_jpg.rf.TqDtfyTaqXJ9hll9sq4q.jpg,Semi-cerclée,0.8,0.11865472261511865
images-11-_jpg.rf.WfiCYZfD2DWtKlXUnmbp.jpg,Semi-cerclée,0.8,0.06443129520052597
images-11-jpg_aug_png_jpg.rf.5k1m3Ul3SV0FUfV89LFe.jpg,Pleine,0.9,0.9998524203069658
images-11-jpg_aug_png_jpg.rf.BSbLtXjV1OdV68gaylBZ.jpg,Pleine,0.9,0.7616614947260278
images-11-jpg_aug_png_jpg.rf.oAkF0SUJm5EH6evvT2aM.jpg,Semi-cerclée,0.8,0.08250840069021888
images-11_png_jpg.rf.In3Ocvuwh6IzYwyKvYEb.jpg,Semi-cerclée,0.8,0.11262939958592133
images-11_png_jpg.rf.q4NInRpa6SCqxEXenS4o.jpg,Pleine,0.9,0.13438538775230457
images-11_png_jpg.rf.yMKpjnqJaNZkm25Yuw3P.jpg,Percée,0.75,0.03643171806167401
images-12-_jpg.rf.00UMYRdiNRSgf2KCMaBf.jpg,Pleine,0.9,0.17493446259326478
images-12-_jpg.rf.4c6Aus7BerTcsfLvaVHD.jpg,Pleine,0.9,0.1582741221295438
images-12-_jpg.rf.5SjhZzPufyiCje8mXUry.jpg,Semi-cerclée,0.8,0.09687201428986832
images-12-_jpg.rf.8oijGuSfOH8zNN8MWXQ3.jpg,Pleine,0.9,0.12080935509635668
images-12-_jpg.rf.aEqtE8okBO7AGKS0GzMm.jpg,Pleine,0.9,0.46437968022667475
images-12-_jpg.rf.AIpM45o1vuVkePKFQs4T.jpg,Semi-cerclée,0.8,0.09687201428986832
images-12-_jpg.rf.cxCx01w2QCFfWmYzScA7.jpg,Pleine,0.9,0.4643543817041085
images-12-_jpg.rf.emo74NdAKQtwMjlo9wDq.jpg,Percée,0.75,0.022187343939502033
images-12-_jpg.rf.ePbM9VSxG7hmzmzGf6k6.jpg,Pleine,0.9,0.1582741221295438
images-12-_jpg.rf.gcAoUxy3Ew2RemsrV01K.jpg,Percée,0.75,0.022187343939502033
images-12-_jpg.rf.GKLm1GsnyOpaq10JNHJy.jpg,Pleine,0.9,0.4718093225314078
images-12-_jpg.rf.HdYIhsyNpCmui0Q0Bdnp.jpg,Pleine,0.9,0.26357028226187107
images-12-_jpg.rf.i91Ixs0lFhnqaoAzbyKB.jpg,Pleine,0.9,0.17503528937285742
images-12-_jpg.rf.n4R1TWJ9LqXf4nYgoCf8.jpg,Pleine,0.9,0.12080935509635668
images-12-_jpg.rf.nYh8T7CQN15BTMXHuTSQ.jpg,Pleine,0.9,0.4714936755952381
images-12-_jpg.rf.OCf3kgIaQFL4Jj8uHtUd.jpg,Pleine,0.9,0.2813937282229965
images-12-_jpg.rf.pRzEWq2u9qLsEmtUw5pe.jpg,Pleine,0.9,0.5029812292970187
images-12-_jpg.rf.tTwi7W9YXe4oB9pPxKF2.jpg,Pleine,0.9,0.2813937282229965
images-12-_jpg.rf.U6Th1BlwF8qynyrQEZ3U.jpg,Semi-cerclée,0.8,0.11329800244598451
images-12-_jpg.rf.vQk33dkNtLYO6im0IMLl.jpg,Pleine,0.9,0.2004494797118404
images-12-_jpg.rf.vYqMlspJVNWxr3Dn3hZ5.jpg,Semi-cerclée,0.8,0.11329800244598451
images-12-_jpg.rf.x2DMowiYpMEtOnX3ym3G.jpg,Pleine,0.9,0.5029566924303767
images-12-_jpg.rf.ygTfgN50sHemKim7thUS.jpg,Pleine,0.9,0.2635891626545832
images-12-_jpg.rf.YtTgiZ33vZkcJpz4WgZU.jpg,Pleine,0.9,0.2005110522751062
images-12-jpg_aug_png_jpg.rf.9gUke7nwcCS0s8Q33K8N.jpg,Pleine,0.9,0.43394297179457497
images-12-jpg_aug_png_jpg.rf.CcbL27aVfzY2XuyBpAfT.jpg,Pleine,0.9,0.76657824933687
images-12-jpg_aug_png_jpg.rf.H84TmdD6F9DbmdXqHZOK.jpg,Pleine,0.9,1.0
images-12-jpg_aug_png_jpg.rf.iFwIgC8yCJpqdoeSSNpr.jpg,Pleine,0.9,0.9998765889176848
images-12-jpg_aug_png_jpg.rf.MDuo7gJNzEFv1kr6sCbo.jpg,Pleine,0.9,0.1949899489717025
images-12-jpg_aug_png_jpg.rf.rL8yePAYrLQHzowZeIrC.jpg,Pleine,0.9,1.0
images-12-jpg_aug_png_jpg.rf.wlbklfBwGaxwbs1QWgHN.jpg,Semi-cerclée,0.8,0.07347775175644028
images-12-jpg_aug_png_jpg.rf.x4ofgyaefhlZwhC1P6O0.jpg,Pleine,0.9,0.2567039377734565
images-12-jpg_aug_png_jpg.rf.xsQuzfs357fHoOhDf9gS.jpg,Pleine,0.9,0.4645526410348545
images-12_png_jpg.rf.HIdxFr1c054Hu7YBWAXA.jpg,Pleine,0.9,0.12196702074343899
images-12_png_jpg.rf.LpONVhbF4mD49j0CGe8r.jpg,Pleine,0.9,0.16897663107049388
images-12_png_jpg.rf.zV8Y8yhs4IqewyEGtk5e.jpg,Semi-cerclée,0.8,0.09557509639800621
images-13-_jpg.rf.1nBE0bZB3uj0M4Mqqscj.jpg,Pleine,0.9,0.18568953381341707
images-13-_jpg.rf.8vCDA7gUmHrVP3QTKtgm.jpg,Pleine,0.9,0.33458458458458457
images-13-_jpg.rf.hMB59MXSqGPe8RGTogcp.jpg,Pleine,0.9,0.9072040138788348
images-13-_jpg.rf.jDNyvnMvWrgBVhCm2Uil.jpg,Semi-cerclée,0.8,0.10219370981350558
images-13-_jpg.rf.MqRUl3Fww62c0lRCzLAV.jpg,Pleine,0.9,0.12449312692866797
images-13-_jpg.rf.RAuzWzrnPkZN4FdiupNa.jpg,Pleine,0.9,0.9071790519457826
images-13-_jpg.rf.Rqh0rZfHEZ4M6r5dSWOj.jpg,Pleine,0.9,0.33458458458458457
images-13-_jpg.rf.S4tVBD2VVwMc1a360zJG.jpg,Pleine,0.9,0.16879720022103517
images-13-_jpg.rf.T49yAc5kofTXsHUirMzd.jpg,Pleine,0.9,0.12449312692866797
images-13-_jpg.rf.tuS5xpkfY0yh6NlNRa39.jpg,Pleine,0.9,0.16879720022103517
images-13-_jpg.rf.xrhBWwmrmzFO2XWvzkzR.jpg,Semi-cerclée,0.8,0.10225189840272322
images-13-_jpg.rf.YTB2wVck0nxxSpLrFMG9.jpg,Pleine,0.9,0.18568953381341707
images-13-jpg_aug_png_jpg.rf.1z54ZZ0FQMYMGYyxmwyj.jpg,Pleine,0.9,0.29755837095286636
images-13-jpg_aug_png_jpg.rf.5DKwyssR9wnu8pGqY8xB.jpg,Pleine,0.9,0.7994549245595889
images-13-jpg_aug_png_jpg.rf.8t09IlERygPBwj6x3V2Y.jpg,Pleine,0.9,0.4782907907907908
images-13-jpg_aug_png_jpg.rf.os2iLQyYqpNf8a8qsiVw.jpg,Semi-cerclée,0.8,0.1165267648273015
images-13_png_jpg.rf.edC3MY7cAq0rbgnqzGn9.jpg,Percée,0.75,0.002843672827957794
images-13_png_jpg.rf.itDryUjFAUs5Nz3G15WS.jpg,Semi-cerclée,0.8,0.08333333333333333
images-13_png_jpg.rf.LmuuvlCNkov23aG5TkLA.jpg,Pleine,0.9,0.16398376259798433
images-14-_jpg.rf.2WKjugwXqMcJblexjhQ7.jpg,Pleine,0.9,0.4936546789681793
images-14-_jpg.rf.4ie7siuXCZLBwAG9pje1.jpg,Percée,0.75,3.0953044231900206e-05
images-14-_jpg.rf.aJN67460B7zwpH3RHwa4.jpg,Pleine,0.9,0.13642429721468854
images-14-_jpg.rf.kJo4fYByQV5jd0gnYkvo.jpg,Percée,0.75,3.0953044231900206e-05
images-14-_jpg.rf.sstzcuYcpnlLPiG61b7v.jpg,Semi-cerclée,0.8,0.10714488394529255
images-14-_jpg.rf.vNdbR6gR5BP6HFySvJys.jpg,Pleine,0.9,0.4936546789681793
images-14-_jpg.rf.XPwrraANuTTMtxv5M6PD.jpg,Semi-cerclée,0.8,0.10714488394529255
images-14-_jpg.rf.xydmzazq3IlKfM0eNSG4.jpg,Pleine,0.9,0.13642429721468854
images-14-jpg_aug_png_jpg.rf.4sLzCDvRWAV0eKfklq3f.jpg,Pleine,0.9,0.41782974059188893
images-14-jpg_aug_png_jpg.rf.81NjnG0JHzNhx5lU4Sax.jpg,Pleine,0.9,0.12634257124805764
images-14_png_jpg.rf.jQLqV28KZCa9pYRDknDV.jpg,Pleine,0.9,0.1949798886138614
images-15-_jpg.rf.EdrgLK5HBXmybI2k0E1X.jpg,Pleine,0.9,0.28719678714859437
images-15-_jpg.rf.FsgcbaNYkQ919PuDwNhn.jpg,Semi-cerclée,0.8,0.0824451198919284
images-15-_jpg.rf.jCs7Nk3dBoOzAUvG9gtk.jpg,Pleine,0.9,0.28714859437751006
images-15-_jpg.rf.mHMPxFRF7qMS4NRmLt72.jpg,Semi-cerclée,0.8,0.0824451198919284
images-15_png_jpg.rf.4hObZop7KqBxor8eLHnB.jpg,Semi-cerclée,0.8,0.07260655386592418
images-15_png_jpg.rf.kmzjYIaYeDtUC6C3Uzxj.jpg,Pleine,0.9,0.17301115241635687
images-15_png_jpg.rf.ph1KIl4pnFUsRlX65WOe.jpg,Semi-cerclée,0.8,0.09087635054021609
images-16-_jpg.rf.2FgbA8V6IqafCLlFQRzK.jpg,Pleine,0.9,0.26148351317137863
images-16-_jpg.rf.4Q4WjjDEroxiZCbqXkE2.jpg,Pleine,0.9,0.38688038793103446
images-16-_jpg.rf.8eblP1QoO2g6bE6iqMYU.jpg,Pleine,0.9,0.27530864197530863
images-16-_jpg.rf.9PDnwAmWwJWl6jmzYpzF.jpg,Semi-cerclée,0.8,0.10870273794002608
images-16-_jpg.rf.gnuhmpH7lrWubCTg6DvR.jpg,Pleine,0.9,0.27530864197530863
images-16-_jpg.rf.HrRRbNmEO3jIBFkINFtw.jpg,Pleine,0.9,0.36556776556776555
images-16-_jpg.rf.IYTPnSGS9XqNHqxySdED.jpg,Pleine,0.9,0.18508480503584543
images-16-_jpg.rf.jn5PpAt6leqvhTzT5VKn.jpg,Pleine,0.9,0.31677408315747446
images-16-_jpg.rf.kGlLskesaQYvAH84ZOQf.jpg,Pleine,0.9,0.31677408315747446
images-16-_jpg.rf.L8mn4J1IU2vsu0BIEAOx.jpg,Semi-cerclée,0.8,0.10870273794002608
images-16-_jpg.rf.LUomqUZRXsEI40tMaV4N.jpg,Pleine,0.9,0.21535398330203406
images-16-_jpg.rf.nO0XRg0kSi4DAQZ7AYiD.jpg,Pleine,0.9,0.18504109109984263
images-16-_jpg.rf.PvHUEptkXYqHpe8Jk6tP.jpg,Pleine,0.9,0.36759566467595667
images-16-_jpg.rf.rIh93ltJTQon63EjdRnV.jpg,Pleine,0.9,0.3869073275862069
images-16-_jpg.rf.tLOiNbGoiuUgIMhQlRQj.jpg,Pleine,0.9,0.3585513775775429
images-16-_jpg.rf.u2QvHQeYbsWaNf0AgCBd.jpg,Pleine,0.9,0.26148351317137863
images-16-_jpg.rf.VQP440O4HCWkOE9z34Tc.jpg,Pleine,0.9,0.21535398330203406
images-16-_jpg.rf.WluE7DaiYDkI2ZG9Fchc.jpg,Pleine,0.9,0.32851729768029325
images-16-_jpg.rf.WXkdMGiUKQyneRKTQZX4.jpg,Pleine,0.9,0.3585513775775429
images-16-_jpg.rf.xNToRnAIzK7kZ3ytLBHE.jpg,Pleine,0.9,0.32851729768029325
images-16-jpg_aug_png_jpg.rf.JEo7ulHOgULNwHlRHOgw.jpg,Pleine,0.9,0.13912083500602168
images-16-jpg_aug_png_jpg.rf.k3uqS31wtNgCOL1lh5V0.jpg,Pleine,0.9,0.5642267548946039
images-16-jpg_aug_png_jpg.rf.LCPPKMNeLOOPgMNxi6R8.jpg,Pleine,0.9,0.42376470588235293
images-16-jpg_aug_png_jpg.rf.Wmsfo7xBtIQ1113sUrma.jpg,Pleine,0.9,0.2566592850363809
images-16-jpg_aug_png_jpg.rf.zr58RSbYuUVkmbntyRhU.jpg,Pleine,0.9,0.18394176900400966
images-16_png_jpg.rf.ZXuOkzGqfkVU3383hNvp.jpg,Percée,0.75,0.04762948475856488
images-17-_jpg.rf.3H7uywQLh0JITBEmQwrn.jpg,Semi-cerclée,0.8,0.11421663442940039
images-17-_jpg.rf.9sp1D4qT90ELPK1PueiU.jpg,Semi-cerclée,0.8,0.1141972920696325
images-17-_jpg.rf.cYesQwSuW7xMTgrpXiOh.jpg,Pleine,0.9,0.3505131699719078
images-17-_jpg.rf.cyfXvGdtyfur3ojbhmkA.jpg,Pleine,0.9,0.3505131699719078
images-17-_jpg.rf.fI6K9ZATFzVAYhjyx3UR.jpg,Percée,0.75,0.029258098223615466
images-17-_jpg.rf.SsAtwDZprxROuzalP341.jpg,Percée,0.75,0.029258098223615466
images-17-_jpg.rf.tSiDqY47aFlBBm75z23O.jpg,Semi-cerclée,0.8,0.11402359108781127
images-17-_jpg.rf.uL7REhoTO7wdNWPvcbgN.jpg,Semi-cerclée,0.8,0.11376937677950016
images-17-jpg_aug_png_jpg.rf.xzUR8EkfQ7cekKMf2Z2f.jpg,Semi-cerclée,0.8,0.0569934689168822
images-17-jpg_cloud_affine_aug_png_jpg.rf.KTIy8we1sjSPOaK3A7i3.jpg,Pleine,0.9,0.25287356321839083
images-17-jpg_dropout_aug_png_jpg.rf.HP9e2Kii3d3RIOi00REK.jpg,Pleine,0.9,0.35799785292538916
images-17-jpg_flip_aug_png_jpg.rf.2zg29SiZH6YfQDcMhdj6.jpg,Pleine,0.9,0.3731863909812446
images-17-jpg_shear_aug_png_jpg.rf.6eNmViQYPbflD6tTKld5.jpg,Pleine,0.9,0.3630769230769231
images-17_png_jpg.rf.hNg08L6lxnN5haE4DPTI.jpg,Percée,0.75,0.0014487276392038298
images-17_png_jpg.rf.n0JPPYdAyp34hgG71Cjn.jpg,Percée,0.75,0.008950617283950617
images-17_png_jpg.rf.ZWFVwIQ7heiX7l4pbPhm.jpg,Semi-cerclée,0.8,0.07411024305555555
images-18-_jpg.rf.2aXhWtBoUKtVAsUij8MX.jpg,Semi-cerclée,0.8,0.10846134474943339
images-18-_jpg.rf.4Qdjws6ehazsJmlTITNJ.jpg,Pleine,0.9,0.44656513077565707
images-18-_jpg.rf.dJq0ecn7NHf3m8NtH7Oj.jpg,Pleine,0.9,0.18866817236044175
images-18-_jpg.rf.e5H2qRglUKyKMPdkOG4o.jpg,Pleine,0.9,0.18866817236044175
images-18-_jpg.rf.jntj7YXwVkymqe8jNzv2.jpg,Percée,0.75,0.0
images-18-_jpg.rf.kT6zzPE0csi74kuzFsJ6.jpg,Percée,0.75,0.035190486676943404
images-18-_jpg.rf.KVeXDURi9zcuWLtbD2Xp.jpg,Pleine,0.9,0.266096256684492
images-18-_jpg.rf.loobHpAKYBy74jbZ7he8.jpg,Percée,0.75,0.0
images-18-_jpg.rf.lpbXX7Fvhttq2NODIT6E.jpg,Pleine,0.9,0.9613086770981508
images-18-_jpg.rf.LXlgjATTLPEfu4W3s3p8.jpg,Pleine,0.9,0.9609439619520265
images-18-_jpg.rf.nKWodu6IJrpGQ3CTXgGC.jpg,Pleine,0.9,0.3552804467438614
images-18-_jpg.rf.o1IAhJSFONTggLESNYr6.jpg,Pleine,0.9,0.3678792594754077
images-18-_jpg.rf.oABxSSmEat5wkCEc8SMm.jpg,Pleine,0.9,0.35400564347932767
images-18-_jpg.rf.OBoyUHO7HDWHaJ4s82c2.jpg,Pleine,0.9,0.40545886075949367
images-18-_jpg.rf.OIjl9J2ZJXKvxc6AeWaE.jpg,Pleine,0.9,0.44661332819227556
images-18-_jpg.rf.PyCwEXzHHg1aPNAZ3ct4.jpg,Pleine,0.9,0.40545886075949367
images-18-_jpg.rf.R8Iq1aG3WF1bAts4NFdC.jpg,Semi-cerclée,0.8,0.10846134474943339
images-18-_jpg.rf.TuMpDAKmoxTniycicG0C.jpg,Percée,0.75,0.035190486676943404
images-18-_jpg.rf.V5A1uGnu7uO2Zz2Pr3N2.jpg,Pleine,0.9,0.266096256684492
images-18-_jpg.rf.VjqJiCeTBVNYvTDbZcYN.jpg,Pleine,0.9,0.3678792594754077
images-18-jpg_aug_png_jpg.rf.91HSTQ3AK6x07IZQCkh0.jpg,Pleine,0.9,0.437802578606737
images-18-jpg_aug_png_jpg.rf.BGJ3oW4RepZvj0GwpQy4.jpg,Pleine,0.9,0.8613062028224483
images-18-jpg_aug_png_jpg.rf.LK6VjxefYzSLojYEIkAV.jpg,Pleine,0.9,1.0
images-18-jpg_aug_png_jpg.rf.RNYeVfjInJDtWbCv7yd1.jpg,Pleine,0.9,0.30641246898932156
images-18-jpg_aug_png_jpg.rf.ZFNMMbUrfBNOSgpjoTpy.jpg,Pleine,0.9,0.3647898493259318
images-18_png_jpg.rf.GZZcY9N9dlgqtB6vN7Oo.jpg,Pleine,0.9,0.12891902740650274
images-18_png_jpg.rf.nqctPW3iIK9qaztABzSW.jpg,Semi-cerclée,0.8,0.09829945081414394
images-18_png_jpg.rf.WQT389jjKQd7aF5xZutk.jpg,Pleine,0.9,0.21055854569420035
images-19-_jpg.rf.0zse8PhKITO6RYGnFpJA.jpg,Semi-cerclée,0.8,0.11694490463446752
images-19-_jpg.rf.b2sDAsmoCHjoBnUZGhQN.jpg,Percée,0.75,0.015794560871666447
images-19-_jpg.rf.f4vAKeKlYDsIggQJxx59.jpg,Pleine,0.9,0.45616275110657134
images-19-_jpg.rf.FTZmmUliaDMEagA1yASZ.jpg,Percée,0.75,0.0006370546109573393
images-19-_jpg.rf.fVkVshZPMDOTlvhHeSa3.jpg,Semi-cerclée,0.8,0.11783565271937364
images-19-_jpg.rf.h1f6RSLH2ea1L8n9XCLd.jpg,Percée,0.75,0.0
images-19-_jpg.rf.HYqxXyLyyF0SQ6ZPPZZE.jpg,Percée,0.75,0.0
images-19-_jpg.rf.jpnXKzkfjkczPOnGgV4R.jpg,Percée,0.75,4.2315504400812456e-05
images-19-_jpg.rf.Mmusq0hTTn0fHuZv6oft.jpg,Semi-cerclée,0.8,0.11765386930949845
images-19-_jpg.rf.nC9TazZ3daOJx5CZTLf6.jpg,Percée,0.75,0.0006393298059964727
images-19-_jpg.rf.NZZgzyE7o6FNjmgVJzJ5.jpg,Pleine,0.9,0.18991554893194237
images-19-_jpg.rf.ocMdjpWhngPwH3XMFcNk.jpg,Pleine,0.9,0.2860576923076923
images-19-_jpg.rf.oJRIE2trP9bFQbMlr7mD.jpg,Pleine,0.9,0.28242172400463855
images-19-_jpg.rf.p6RYh4bQqYviAXcOOaLJ.jpg,Pleine,0.9,0.18991554893194237
images-19-_jpg.rf.qjxRRJqOuhQRcwOSyDUL.jpg,Pleine,0.9,0.13092697961119013
images-19-_jpg.rf.R5eZ0WrtGegQYH0CWd1e.jpg,Semi-cerclée,0.8,0.11694490463446752
images-19-_jpg.rf.tqlPK4vETHaUTzpfuNqN.jpg,Pleine,0.9,0.13092697961119013
images-19-_jpg.rf.tYsMBYk9CP8uvfwkxY6j.jpg,Pleine,0.9,0.45616275110657134
images-19-_jpg.rf.waTL3GOtWh7dQH5AZwIH.jpg,Percée,0.75,0.015794560871666447
images-19-_jpg.rf.Xvs496MeROnuxUmfOBWg.jpg,Percée,0.75,0.0
images-19-jpg_aug_png_jpg.rf.8YCKziJLizWWXA8HecJs.jpg,Pleine,0.9,0.9178260869565218
images-19-jpg_aug_png_jpg.rf.AekIWpsVjGn6oqGpRr5T.jpg,Pleine,0.9,1.0
images-19-jpg_aug_png_jpg.rf.D4mCIkb2jFD4ok7aDKV9.jpg,Pleine,0.9,0.3495850622406639
images-19-jpg_aug_png_jpg.rf.jI1fMjBmZj6wq9lt4lOm.jpg,Pleine,0.9,0.8697478991596639
images-19-jpg_aug_png_jpg.rf.ra6HbCrGUzsqE4i5urwz.jpg,Pleine,0.9,0.90832668012962
images-19-jpg_cloud_affine_aug_png_jpg.rf.sgQxy7HgwfwtZRDKtOxG.jpg,Percée,0.75,0.0013564338121955732
images-19-jpg_dropout_aug_png_jpg.rf.5yYtECaS50LTDVdQhXwF.jpg,Percée,0.75,0.01828599565791535
images-19-jpg_flip_aug_png_jpg.rf.RftgBQbAUwWe3jNcIPNa.jpg,Percée,0.75,0.0002757721620537505
images-19-jpg_shear_aug_png_jpg.rf.VUyi0TW39AOsZbcxxzys.jpg,Percée,0.75,0.0005174341940545142
images-19_png_jpg.rf.1UMSseNEG9gBOjm7RBvA.jpg,Pleine,0.9,0.1628808286553468
images-19_png_jpg.rf.iSHKZiOaV9b0d02VjyeU.jpg,Pleine,0.9,0.15152489567255473
images-19_png_jpg.rf.QgiO7L3Lh69Qmh4raWf6.jpg,Pleine,0.9,0.26079022532529356
images-1_png_jpg.rf.HHHHdFIHH8RZzDr74y7h.jpg,Pleine,0.9,0.18056564189461793
images-1_png_jpg.rf.tkC0YRIIrtIR2mtpnF6u.jpg,Pleine,0.9,0.1533610346184107
images-1_png_jpg.rf.U63dxUkbt6AjEMtGTaYo.jpg,Pleine,0.9,0.25371031746031747
images-2-_jpeg_jpg.rf.DOv7YcziHlnzeSiVCqOT.jpg,Pleine,0.9,0.2424370020081622
images-2-_jpeg_jpg.rf.IxQsuUZbiuvi1Jx6Ok0P.jpg,Percée,0.75,0.044821859903381646
images-2-_jpeg_jpg.rf.Lc6gIWVnw9nEoe2lUKD8.jpg,Percée,0.75,0.011022775281330414
images-2-_jpeg_jpg.rf.tnpxzTNgJLIHFchTByuv.jpg,Percée,0.75,0.008701804032543331
images-2-_jpg.rf.2TzWgIKTTSTTlO31s9kG.jpg,Semi-cerclée,0.8,0.09982146607855492
images-2-_jpg.rf.2WbDBB9CCBo9HkPzQP7m.jpg,Pleine,0.9,0.5139840775354794
images-2-_jpg.rf.3rJSKfCRtRS5dxBTHNRP.jpg,Pleine,0.9,0.27559466224413015
images-2-_jpg.rf.5QSIyRCPIPMhxxNHg6XJ.jpg,Semi-cerclée,0.8,0.10233682514101532
images-2-_jpg.rf.75mmObyRiH1LQYI5law1.jpg,Semi-cerclée,0.8,0.10233682514101532
images-2-_jpg.rf.9SDL3g4AL9UnVfMHoW8i.jpg,Percée,0.75,0.004660150034098659
images-2-_jpg.rf.9vHIYMEp9nsN8XgGWr40.jpg,Semi-cerclée,0.8,0.09982146607855492
images-2-_jpg.rf.ABh5Nu57IpdAn46GSRH9.jpg,Pleine,0.9,0.27559466224413015
images-2-_jpg.rf.aWA9HoKy03eRXURk23Nz.jpg,Pleine,0.9,0.21506109690252911
images-2-_jpg.rf.CXFK0D9pma8U9ISZAy3D.jpg,Pleine,0.9,0.1424222329394743
images-2-_jpg.rf.ELspGN6O5Z95vl3ab82d.jpg,Pleine,0.9,0.161217409587889
images-2-_jpg.rf.GMYLDlOllG41W20yXYAo.jpg,Pleine,0.9,0.35248730964467007
images-2-_jpg.rf.h78OFOy99eMwxAiJqnE5.jpg,Percée,0.75,0.004660150034098659
images-2-_jpg.rf.M0FSH3ku26qdQ30LUyKK.jpg,Pleine,0.9,0.3524534686971235
images-2-_jpg.rf.MCgQVCnIYsUvqmIuOq08.jpg,Pleine,0.9,0.21506109690252911
images-2-_jpg.rf.MRM7j1DRnjoZGlUBWM2p.jpg,Pleine,0.9,0.485145726756465
images-2-_jpg.rf.nUkYTuK2o1HTWZdgfHgr.jpg,Pleine,0.9,0.1424222329394743
images-2-_jpg.rf.QiP9bYuzFVa0CY09f8J5.jpg,Pleine,0.9,0.161217409587889
images-2-_jpg.rf.wwrtCu2yMunz5WJTjGVa.jpg,Pleine,0.9,0.4852865255549819
images-2-_jpg.rf.xBebfPovrKz4nAnbczUx.jpg,Pleine,0.9,0.5140533056420907
images-2-jpg_aug_png_jpg.rf.7c5xXDTwYHmyj1EMhUBR.jpg,Pleine,0.9,0.25138298613530274
images-2-jpg_aug_png_jpg.rf.9B92yqNZbCW2a9XhEux6.jpg,Pleine,0.9,0.28289250016998707
images-2-jpg_aug_png_jpg.rf.9j8c1T4dnoMcJFgcJXXX.jpg,Pleine,0.9,0.2858085808580858
images-2-jpg_aug_png_jpg.rf.bes268rSyCRxEqJ5pHoY.jpg,Pleine,0.9,0.2212769499708649
images-2-jpg_aug_png_jpg.rf.krD9fJta6yiX9lfqQVRu.jpg,Pleine,0.9,0.6009909053888964
images-2-jpg_aug_png_jpg.rf.pcdSK37RDhMnE1EiXcyQ.jpg,Pleine,0.9,0.3047770942507785
images-2-jpg_aug_png_jpg.rf.pOwIloyUiJ6z7RwuLfO0.jpg,Pleine,0.9,1.0
images-2-jpg_cloud_affine_aug_png_jpg.rf.MmmaZMuZe4FWqPmZvaoE.jpg,Pleine,0.9,0.21160714285714285
images-2-jpg_dropout_aug_png_jpg.rf.t998netNuZLO9SsXDUkQ.jpg,Pleine,0.9,0.5139840775354794
images-2-jpg_flip_aug_png_jpg.rf.iVAIzXIL00Lif9uYz6ye.jpg,Pleine,0.9,0.306726403823178
images-2-jpg_shear_aug_png_jpg.rf.UxE8zwKw3HifSTuuHJIC.jpg,Pleine,0.9,0.31725460122699384
images-20-_jpg.rf.1rzF3RM7jo1JGjybPcAT.jpg,Pleine,0.9,0.1343094538453744
images-20-_jpg.rf.AUuIppZA9bgYEiJ36fwV.jpg,Semi-cerclée,0.8,0.05490011580775912
images-20-_jpg.rf.lcanIajrYcXz0bD147FW.jpg,Pleine,0.9,0.34611283109735125
images-20-_jpg.rf.q2yK6aCcORlO1hkwXaye.jpg,Pleine,0.9,0.1343094538453744
images-20-_jpg.rf.QFVEhMImVfgcWxbEPlDE.jpg,Semi-cerclée,0.8,0.05486392588303416
images-20-_jpg.rf.rvX0ES1LJzoeerSFCLLs.jpg,Pleine,0.9,0.34609563123495013
images-20-jpg_aug_png_jpg.rf.0U82MIit7qoGQVGPCwCc.jpg,Pleine,0.9,0.19950473729543497
images-20-jpg_aug_png_jpg.rf.VxMp2nju5ZZsGTHni95q.jpg,Pleine,0.9,0.17989497877766034
images-20_png_jpg.rf.IbzfjW5fsj6Vne2Qmrvo.jpg,Pleine,0.9,0.29571698232589533
images-21-_jpg.rf.6sp07YuGFYphbF1lcA4w.jpg,Semi-cerclée,0.8,0.08472593582887701
images-21-_jpg.rf.Hq4q8BS1GiEo3WqAQW0c.jpg,Pleine,0.9,0.1406449134936015
images-21-_jpg.rf.IOnWZej63FzMge2lhuo8.jpg,Semi-cerclée,0.8,0.08472593582887701
images-21-_jpg.rf.reWTCPKN5k1frFoIxwSP.jpg,Pleine,0.9,0.14066237189895076
images-21-_jpg.rf.YkazeeUV7npwT1o3xiWy.jpg,Semi-cerclée,0.8,0.06437556154537287
images-21-_jpg.rf.YmKVWOcybF8X2pojGnS8.jpg,Semi-cerclée,0.8,0.06437556154537287
images-21-jpg_aug_png_jpg.rf.cchNRvl3o0OAz6Dhy8mk.jpg,Pleine,0.9,0.17046463182682728
images-21-jpg_aug_png_jpg.rf.NdoDBuP79z4iYV2ihR5J.jpg,Pleine,0.9,0.7269757524397912
images-21_png_jpg.rf.8vhmABbIvW3vn5T9qwvD.jpg,Percée,0.75,0.025897249552772807
images-21_png_jpg.rf.iPVgRpVPqlus7AAknnmU.jpg,Pleine,0.9,0.13404052734375
images-21_png_jpg.rf.n23HSVReC7MvBIkqVSeH.jpg,Semi-cerclée,0.8,0.07827598129310502
images-22_png_jpg.rf.KId0cnbqvyLMVGeR7mrS.jpg,Pleine,0.9,0.3864624038915978
images-22_png_jpg.rf.R4Irn4sTaUoPvKL6FEQH.jpg,Pleine,0.9,0.337821520018622
images-22_png_jpg.rf.vQeTzRuHa3N8hTSYjBoA.jpg,Pleine,0.9,0.3893918811234983
images-23_png_jpg.rf.5jSomzHYb3mQg6BC1mEw.jpg,Semi-cerclée,0.8,0.0880378243368138
images-23_png_jpg.rf.JdB1To3jWj6yMewAHJJs.jpg,Semi-cerclée,0.8,0.08092260683821137
images-23_png_jpg.rf.lOTugaPJWjoLFDFQ6Rhz.jpg,Semi-cerclée,0.8,0.11127311350359677
images-24_png_jpg.rf.b1ktgP6FQFmvNRHCiJxh.jpg,Semi-cerclée,0.8,0.06862573099415205
images-24_png_jpg.rf.pZlxTvfWGgVyHlJBUc2H.jpg,Semi-cerclée,0.8,0.10027459765249977
images-25_png_jpg.rf.8tW8tb5Aw2dnmYWslSJS.jpg,Semi-cerclée,0.8,0.08316200657894737
images-26_png_jpg.rf.b7awkarFo572GFFPCnHq.jpg,Semi-cerclée,0.8,0.07528118609406953
images-27-_png_jpg.rf.AQFZwjaOSyZCCKNALUdn.jpg,Pleine,0.9,0.12605603363589926
images-2_png_jpg.rf.ek17Vucadn53U4eREVzS.jpg,Semi-cerclée,0.8,0.1180531732418525
images-2_png_jpg.rf.MSxNOE0dIkTUHFlinpS2.jpg,Pleine,0.9,0.1386118913857678
images-2_png_jpg.rf.WknmDvcEpUamXcNSd3xT.jpg,Pleine,0.9,0.1233349609375
images-3-_jpg.rf.8hAf3XgyIEIUKgjoVmy7.jpg,Pleine,0.9,0.3775989988379369
images-3-_jpg.rf.8IeKmfB6qqE1Gf1FeDNn.jpg,Pleine,0.9,0.18556701030927836
images-3-_jpg.rf.Ao4rWr6cXmh6GQmpsAYL.jpg,Semi-cerclée,0.8,0.0846432085959733
images-3-_jpg.rf.c0gIIJKiJYvVZL6TQm4G.jpg,Pleine,0.9,0.21243253787632485
images-3-_jpg.rf.cdKIa1o92VpYuzkbh3DL.jpg,Percée,0.75,2.6306097753459253e-05
images-3-_jpg.rf.CXBRJxHNFq8FTh0R2hjl.jpg,Semi-cerclée,0.8,0.0846432085959733
images-3-_jpg.rf.fMMhpSZ0aR9baJieGZlR.jpg,Percée,0.75,0.021681632653061226
images-3-_jpg.rf.Iv99Cwo9rHlUYQ5xAhll.jpg,Pleine,0.9,0.18556701030927836
images-3-_jpg.rf.KNm9e2WDHCjC5sjRrhfA.jpg,Percée,0.75,0.03553454323623608
images-3-_jpg.rf.n3IdsriaYkL7HFTiXT9v.jpg,Percée,0.75,0.021681632653061226
images-3-_jpg.rf.SVIvoUqHSRLckPc6XVGb.jpg,Percée,0.75,0.03553454323623608
images-3-_jpg.rf.tn37J6KDxHTWgxVzD76E.jpg,Pleine,0.9,0.21244879380974055
images-3-_jpg.rf.vfzQ2PUakgIlIx8olXTg.jpg,Percée,0.75,2.6306097753459253e-05
images-3-_jpg.rf.WX3XuiSFjBYCzRtl9ST2.jpg,Pleine,0.9,0.3801172746240737
images-3-jpg_aug_png_jpg.rf.3nx3jAVUnKtEB6F5OPy3.jpg,Pleine,0.9,0.5511652542372881
images-3-jpg_aug_png_jpg.rf.GmAP7IxKUX7ziziBkWzW.jpg,Percée,0.75,0.03339341618442273
images-3-jpg_cloud_affine_aug_png_jpg.rf.kRFlW3BlXcCdP6g7tXnL.jpg,Percée,0.75,0.0016263552960800666
images-3-jpg_dropout_aug_png_jpg.rf.wX0X39hoYfMdXJOW1I6n.jpg,Percée,0.75,0.0028463245854550203
images-3-jpg_flip_aug_png_jpg.rf.6U4VM75gRy6ITqlOCg2M.jpg,Percée,0.75,4.473338900155076e-05
images-3-jpg_shear_aug_png_jpg.rf.8RDy0KeDO0WwDKkNQvtq.jpg,Percée,0.75,0.0008379247015610652
images-34-_jpeg_jpg.rf.CJS4GX5iwEnXayVX4ozY.jpg,Semi-cerclée,0.8,0.08802177858439202
images-34-_jpeg_jpg.rf.LSuD4rc56i4wNgnJNISK.jpg,Semi-cerclée,0.8,0.08789207505504756
images-3_png_jpg.rf.0zkkiXNUVvSlW51TkFoj.jpg,Pleine,0.9,0.18039794921875
images-3_png_jpg.rf.tURxpcR1wtPDoMNBCKod.jpg,Semi-cerclée,0.8,0.07738165101721439
images-4-_jpg.rf.f4DiL5glzWPxXb8KTTiA.jpg,Pleine,0.9,0.2980229675061986
images-4-_jpg.rf.hqCnVIBrlhavkVaUroX4.jpg,Pleine,0.9,0.2980229675061986
images-4-_jpg.rf.i6xXQh0WzdGulCp5gLdx.jpg,Pleine,0.9,0.4310079428606613
images-4-_jpg.rf.IbFFXtbmW4RfoLS3kY36.jpg,Semi-cerclée,0.8,0.06589035844354993
images-4-_jpg.rf.KxjHZbjjPrjR6wKeoT1O.jpg,Pleine,0.9,0.4310079428606613
images-4-_jpg.rf.l3TYTtSj4eJysnHTHx6l.jpg,Semi-cerclée,0.8,0.0657945179221775
images-4-_jpg.rf.LFDNeI0mGPIXsCNUaKR5.jpg,Percée,0.75,0.00016160310277957336
images-4-_jpg.rf.LIvUxvp5Xq7sDPYF5dfm.jpg,Pleine,0.9,0.31592953406579727
images-4-_jpg.rf.pQx0OFT06pXszoamftLZ.jpg,Pleine,0.9,0.3496476547016076
images-4-_jpg.rf.SUaZEjDDVNJySIHvDvZc.jpg,Percée,0.75,0.00016160310277957336
images-4-_jpg.rf.xPTCFJMbGgZwpU1kY3FI.jpg,Pleine,0.9,0.31592953406579727
images-4-_jpg.rf.Y8csOW87PcstxDWJTbnB.jpg,Pleine,0.9,0.3496751816780445
images-4-jpg_aug_png_jpg.rf.1q8vjMLqIAAWYQX67ixr.jpg,Pleine,0.9,0.8352521298641492
images-4-jpg_aug_png_jpg.rf.90NwasM414TbdXNTfngt.jpg,Pleine,0.9,0.3953220858895706
images-4-jpg_cloud_affine_aug_png_jpg.rf.RTQcoUBQvHVSONndT5M5.jpg,Pleine,0.9,0.1910571407004831
images-4-jpg_dropout_aug_png_jpg.rf.oxgecvURW75OkJhEYyaf.jpg,Pleine,0.9,0.31592953406579727
images-4-jpg_flip_aug_png_jpg.rf.huNYdgwJJguLX1ftFKT0.jpg,Pleine,0.9,0.3379065674413448
images-4-jpg_shear_aug_png_jpg.rf.oFby93F2UTJ8wK5Ap2ac.jpg,Pleine,0.9,0.3281798245614035
images-4_png_jpg.rf.2Bybf69nIMj7ql40B2qb.jpg,Percée,0.75,0.04612108833050717
images-4_png_jpg.rf.CWn5vWa9C7lWjABfk3LR.jpg,Semi-cerclée,0.8,0.06566093785017775
images-4_png_jpg.rf.ehnh83IgpBh8couxwt4j.jpg,Semi-cerclée,0.8,0.060132502496729634
images-5-_jpg.rf.10HgzuoHfcp74fW4Z6Im.jpg,Semi-cerclée,0.8,0.09260075639806029
images-5-_jpg.rf.1m28cTV4G3iIO8cD36TZ.jpg,Pleine,0.9,0.2296504439698775
images-5-_jpg.rf.42NVFRdhi8oGISDSzDpG.jpg,Semi-cerclée,0.8,0.09260075639806029
images-5-_jpg.rf.5shYYX5OAI6R7ujlO8Cd.jpg,Pleine,0.9,0.4995470383275261
images-5-_jpg.rf.62rMvE4kiYZMgX9ec0vI.jpg,Pleine,0.9,0.2296504439698775
images-5-_jpg.rf.9qKO5gQQ4DQNXV2vCDVp.jpg,Percée,0.75,6.116656880015658e-05
images-5-_jpg.rf.d3jtEp9QNlKgSmyNxYcs.jpg,Pleine,0.9,0.3917454283953154
images-5-_jpg.rf.D9KeuhIBSS9IP3g2K72J.jpg,Pleine,0.9,0.3917454283953154
images-5-_jpg.rf.e5BO5lc9w1XK5Ind7Itq.jpg,Pleine,0.9,0.4995470383275261
images-5-_jpg.rf.EJMcxEf62Rw0eM1WMxQy.jpg,Percée,0.75,0.0005709540122495588
images-5-_jpg.rf.fhIpx6gc0DgnM3AahlAY.jpg,Percée,0.75,6.116656880015658e-05
images-5-_jpg.rf.HBcDBnP56G7bOtqcG5Go.jpg,Percée,0.75,0.00026869682042095835
images-5-_jpg.rf.hj50OvZqafP0F9XFSatn.jpg,Percée,0.75,0.00026627612834509385
images-5-_jpg.rf.M6AOCniJZgrxnmeSWrL2.jpg,Pleine,0.9,0.6179290508149569
images-5-_jpg.rf.oLndHW20OnR8xD8A5gLS.jpg,Pleine,0.9,0.6178891019495046
images-5-_jpg.rf.PpDx7tXgxAdIpAk3aeyl.jpg,Pleine,0.9,0.5157794990112063
images-5-_jpg.rf.sjrnWZKGkgoeY86BSY7J.jpg,Pleine,0.9,0.1674663823233221
images-5-_jpg.rf.sr2nVhShm9LDBX6RJarD.jpg,Pleine,0.9,0.5158000988793672
images-5-_jpg.rf.tGcgO9fveZPOP9aLlP6v.jpg,Percée,0.75,0.0005709540122495588
images-5-_jpg.rf.XqxJHl0bqmonqlxep3d6.jpg,Pleine,0.9,0.16739233457733546
images-5-jpg_aug_png_jpg.rf.22bILB7JyjQ7WcqYlrFr.jpg,Pleine,0.9,0.7144583914458391
images-5-jpg_aug_png_jpg.rf.AaNsPFTLqVmKSC9EbigJ.jpg,Pleine,0.9,0.8867705047318613
images-5-jpg_aug_png_jpg.rf.BjMRpF4zw1r5kQy0LuLg.jpg,Pleine,0.9,0.22796090941313485
images-5-jpg_aug_png_jpg.rf.f3wBPHB34bXfZeNMIoIE.jpg,Pleine,0.9,0.48211625846107437
images-5-jpg_aug_png_jpg.rf.kK5vDa8HCrBAyIQgrFLg.jpg,Pleine,0.9,0.15769246047509336
images-5-jpg_aug_png_jpg.rf.qNYSYohTAnQVwj8pgqYb.jpg,Pleine,0.9,0.33649146194375673
images-5-jpg_aug_png_jpg.rf.wErVlldo5ahbpPKGnuWq.jpg,Pleine,0.9,0.9378435517970402
images-5_png_jpg.rf.92oJ07JFf69prP2nAZDl.jpg,Semi-cerclée,0.8,0.09436870372135889
images-5_png_jpg.rf.eTmgEe8F2UGdqkSFoUqv.jpg,Semi-cerclée,0.8,0.10262600489552749
images-5_png_jpg.rf.ZOz3RWV5Woi0fiQo5cSw.jpg,Semi-cerclée,0.8,0.10315991829869038
images-6-_jpg.rf.0hj5l26howQTbaRqQeJ3.jpg,Pleine,0.9,0.2616827452771881
images-6-_jpg.rf.4nXUTGMUqEHqxW399Iys.jpg,Semi-cerclée,0.8,0.07823266219239373
images-6-_jpg.rf.53OaiTaXrWeKijTDLWZD.jpg,Pleine,0.9,0.3126242371403662
images-6-_jpg.rf.5Jzsc7HBeAwkXhFVbIQd.jpg,Pleine,0.9,0.5367877431571699
images-6-_jpg.rf.7on5gJbtTpojVqHGN0hq.jpg,Pleine,0.9,0.2616827452771881
images-6-_jpg.rf.9E3tXtDCIvegH6BNUncT.jpg,Pleine,0.9,0.19043341567482597
images-6-_jpg.rf.Asm86SHkX4DlgEnNfXiV.jpg,Pleine,0.9,0.41027623170480315
images-6-_jpg.rf.BDNli9X627A07geDq5pa.jpg,Pleine,0.9,0.35563432835820896
images-6-_jpg.rf.fSIvxuoybqYvTngbREIj.jpg,Pleine,0.9,0.29460039017783723
images-6-_jpg.rf.GHYl21Xck9lfrOmuO432.jpg,Pleine,0.9,0.3381835032437442
images-6-_jpg.rf.gJVArrpAZAB07p8mkoZr.jpg,Pleine,0.9,0.3126242371403662
images-6-_jpg.rf.hDVMAI629vmzfOBVXWUj.jpg,Pleine,0.9,0.5367877431571699
images-6-_jpg.rf.IQEsQ2tLx881KNsADmhp.jpg,Pleine,0.9,0.3381835032437442
images-6-_jpg.rf.leXPku1WacFY6dGLEWEE.jpg,Semi-cerclée,0.8,0.10226385636221702
images-6-_jpg.rf.LvUaN0sw9wvcJGcTcejv.jpg,Semi-cerclée,0.8,0.07825503355704698
images-6-_jpg.rf.mcp8KUWeldsJhJqi8LFU.jpg,Pleine,0.9,0.18664005564123498
images-6-_jpg.rf.oS87SjwBshK2nV6ZtgH0.jpg,Percée,0.75,0.015734555291779386
images-6-_jpg.rf.QphPaCQcYCjUfCvNhysu.jpg,Pleine,0.9,0.18664005564123498
images-6-_jpg.rf.sD4SL17tFSAcRmrjdDNP.jpg,Pleine,0.9,0.41027623170480315
images-6-_jpg.rf.UhQqoKP7lySSbshHbbcK.jpg,Pleine,0.9,0.29542384872652433
images-6-_jpg.rf.VHq9uIN8tDkiYfLN6Ada.jpg,Semi-cerclée,0.8,0.09957885211096029
images-6-_jpg.rf.vkcgoDD4ws7ACPNXNYGI.jpg,Pleine,0.9,0.19043341567482597
images-6-_jpg.rf.w3wNQ9IAVAha9Q69wIiA.jpg,Pleine,0.9,0.35567164179104477
images-6-_jpg.rf.WeaepW4JPfxJok7QwQeP.jpg,Percée,0.75,0.015734555291779386
images-6-jpg_aug_png_jpg.rf.BqDAwlkeorI4korK98CT.jpg,Pleine,0.9,0.5281935578545748
images-6-jpg_aug_png_jpg.rf.DRKIX7eRILtosR5od1Dl.jpg,Pleine,0.9,0.13054735407676585
images-6-jpg_aug_png_jpg.rf.hV491WWGVUwB36THWnAx.jpg,Pleine,0.9,0.3687947227191413
images-6-jpg_aug_png_jpg.rf.iOs7ZDAVvOkdPAobmYWb.jpg,Pleine,0.9,0.4373236908242294
images-6-jpg_aug_png_jpg.rf.KQm34bbfj3tzDbhDjyTy.jpg,Pleine,0.9,0.3685990777818226
images-6-jpg_aug_png_jpg.rf.MJphp3OjkJVFH7Qf2s89.jpg,Pleine,0.9,1.0
images-6-jpg_aug_png_jpg.rf.O0kLFiC36vmsVdLzZsKY.jpg,Pleine,0.9,0.4493038323683485
images-6-jpg_aug_png_jpg.rf.Qg9JLarfXzNT4XPdrUun.jpg,Pleine,0.9,1.0
images-6-jpg_aug_png_jpg.rf.sVTr7mGVhvT7QfRo0ydC.jpg,Pleine,0.9,0.20952647576387778
images-6_png_jpg.rf.cJNAgTwGf69XCUw2ebKl.jpg,Pleine,0.9,0.2360945351758794
images-6_png_jpg.rf.q5ZzEgOkhi3tLpqCslDB.jpg,Pleine,0.9,0.20696790670482168
images-6_png_jpg.rf.QQhnn2agthz7A19zbY08.jpg,Pleine,0.9,0.2990848214285714
images-7-_jpg.rf.4mv5SWWRpwGuM7HOaMr7.jpg,Pleine,0.9,0.3312776064672056
images-7-_jpg.rf.4RggGCYGGTAAcmUbpem5.jpg,Pleine,0.9,0.336716852841185
images-7-_jpg.rf.4V3IB9wVwASskM1PgyLw.jpg,Percée,0.75,2.4647540175490485e-05
images-7-_jpg.rf.67IgGfS5k6C2XnliSOQ3.jpg,Pleine,0.9,0.3366520964869678
images-7-_jpg.rf.akV5asfgXYizDMl25cYg.jpg,Pleine,0.9,0.32783214059685506
images-7-_jpg.rf.cflhcmUeJTDakKwOZLhY.jpg,Pleine,0.9,0.3312776064672056
images-7-_jpg.rf.FImStdv75FVkJS8wCN4u.jpg,Semi-cerclée,0.8,0.07044981002573845
images-7-_jpg.rf.GHwfuzj5p0mmcrYmwH4y.jpg,Pleine,0.9,0.8475183767693336
images-7-_jpg.rf.gulpLk71EIDry0J71XdR.jpg,Pleine,0.9,0.8475791264200231
images-7-_jpg.rf.htugn4UMNVsa5I7ZYVmD.jpg,Pleine,0.9,0.47045584045584043
images-7-_jpg.rf.leld5C0pNEHcLD933nCB.jpg,Semi-cerclée,0.8,0.07044981002573845
images-7-_jpg.rf.P6hH0WY5pnVUCL2zTuzg.jpg,Percée,0.75,2.4647540175490485e-05
images-7-_jpg.rf.QegekJzo19AjGFT8XNEh.jpg,Semi-cerclée,0.8,0.06769505354411015
images-7-_jpg.rf.sdarbUGBrGz1aXjownw5.jpg,Pleine,0.9,0.454778156996587
images-7-_jpg.rf.SulnA8Bd3D4S3hrdJHtG.jpg,Pleine,0.9,0.32785648215763596
images-7-_jpg.rf.vCDlGfXXPynylfemh989.jpg,Pleine,0.9,0.3150533536585366
images-7-_jpg.rf.VM7GMu2bSqQAxYEsEHaa.jpg,Semi-cerclée,0.8,0.06769505354411015
images-7-_jpg.rf.ybrQ66RiVIQVWj7Bmlug.jpg,Pleine,0.9,0.454778156996587
images-7-_jpg.rf.ZkyIpBqybQuKlRKdGDJf.jpg,Pleine,0.9,0.47045584045584043
images-7-_jpg.rf.zO9spfNlTGIDiV9WYTkn.jpg,Pleine,0.9,0.3150533536585366
images-7-jpg_aug_png_jpg.rf.dFOXGU0rHyTyUIfvPgen.jpg,Pleine,0.9,1.0
images-7-jpg_aug_png_jpg.rf.KUQNq0amgIZYeH96AQXA.jpg,Percée,0.75,0.016634429400386848
images-7-jpg_aug_png_jpg.rf.NalrUrVfpL68R5fOR92n.jpg,Pleine,0.9,0.45708551325996755
images-7-jpg_aug_png_jpg.rf.r4rXVsRrJt61YFhNy90B.jpg,Pleine,0.9,0.43538152548236037
images-7-jpg_aug_png_jpg.rf.t8jbEvnIniZyAI7KURXO.jpg,Pleine,0.9,0.5054996646545943
images-7-jpg_dropout_aug_png_jpg.rf.9GJDV2W7eQp239noyd0Y.jpg,Pleine,0.9,0.4915272887323944
images-7-jpg_flip_aug_png_jpg.rf.nQX30B61BaEfVSzLOK28.jpg,Pleine,0.9,0.42908182154757496
images-7-jpg_shear_aug_png_jpg.rf.5rXhtB908HWm7iTQZ7yu.jpg,Pleine,0.9,0.46041474098782303
images-7_png_jpg.rf.3gFhlatDH471dXkrHhud.jpg,Semi-cerclée,0.8,0.08651421673819742
images-7_png_jpg.rf.S9hDMhpzplyMNHTU0hGG.jpg,Pleine,0.9,0.1645141196013289
images-7_png_jpg.rf.wwRBW6eJOLomGWutIuK5.jpg,Semi-cerclée,0.8,0.08684487107623319
images-8-_jpeg_jpg.rf.1BguroPWVVJi0p7L8W3k.jpg,Pleine,0.9,0.33457418054941274
images-8-_jpeg_jpg.rf.Qh0BRhwnwg6Rhy8S2a1k.jpg,Pleine,0.9,0.335600460920154
images-8-_jpeg_jpg.rf.Th0S8AUgNllP0x7qJskW.jpg,Pleine,0.9,0.3986432929639256
images-8-_jpeg_jpg.rf.wDFsv0G27KhIGpYRkIIM.jpg,Pleine,0.9,0.340625
images-8-_jpg.rf.9niw14V0jnZ4cIqdejjP.jpg,Pleine,0.9,0.1805941311435817
images-8-_jpg.rf.9tkCyPF3sLGysPt9ANU9.jpg,Pleine,0.9,0.43285573122529647
images-8-_jpg.rf.d9WyzHQIyL9PMpvS0WXh.jpg,Pleine,0.9,0.22123258906698398
images-8-_jpg.rf.HBvmSbngtFhOHAdPDDkU.jpg,Semi-cerclée,0.8,0.06324951644100581
images-8-_jpg.rf.MNrglz78BOAOndC9Js3Q.jpg,Pleine,0.9,0.1805941311435817
images-8-_jpg.rf.o0kArzGQdbi15YVxyzBG.jpg,Pleine,0.9,0.48536097472267686
images-8-_jpg.rf.SXhpew7IN1zIsuSFELmd.jpg,Pleine,0.9,0.4016385767790262
images-8-_jpg.rf.tNSdzod7Vfd5bt3G0GgF.jpg,Pleine,0.9,0.43285573122529647
images-8-_jpg.rf.uFYGmvYK747gXgVFEsgt.jpg,Pleine,0.9,0.19643695014662757
images-8-_jpg.rf.uHwqJtXBDuG997MAYKND.jpg,Pleine,0.9,0.36509933774834435
images-8-_jpg.rf.VjEsj8JZvMQoqmlGAujw.jpg,Pleine,0.9,0.4016385767790262
images-8-_jpg.rf.x7Hou3aKgm3RWcEDvjqP.jpg,Pleine,0.9,0.19643695014662757
images-8-_jpg.rf.xHUxgV65xbX266D1tI9x.jpg,Semi-cerclée,0.8,0.06324951644100581
images-8-_jpg.rf.y5bdPi5nSp8QSuzhwtd0.jpg,Pleine,0.9,0.4853155119112566
images-8-_jpg.rf.YknaE44VZduGk7bIHO8t.jpg,Pleine,0.9,0.36509933774834435
images-8-_jpg.rf.YMKkYxR2AQ7a32HSNJZP.jpg,Pleine,0.9,0.22123258906698398
images-8-jpg_aug_png_jpg.rf.19MH0N7ZiXkAGjWYqPNi.jpg,Pleine,0.9,0.7565852654685142
images-8-jpg_aug_png_jpg.rf.3X51V9umSSHOEP3D5qxh.jpg,Pleine,0.9,0.9741977225672878
images-8-jpg_aug_png_jpg.rf.g7YQ46G4jRhGQZGUiBaK.jpg,Pleine,0.9,1.0
images-8-jpg_aug_png_jpg.rf.TPzKjQS727lzCptKavKH.jpg,Pleine,0.9,0.4873833071448378
images-8-jpg_aug_png_jpg.rf.v7d3fpNakBPe0Vmk2PNu.jpg,Semi-cerclée,0.8,0.11430374952657493
images-8-jpg_cloud_affine_aug_png_jpg.rf.jcOjc9isbepIEmj9IeMK.jpg,Pleine,0.9,0.36888009094116264
images-8-jpg_dropout_aug_png_jpg.rf.CVV0za8wh7clN6hsOwgC.jpg,Pleine,0.9,0.49369747899159666
images-8-jpg_flip_aug_png_jpg.rf.NU6xBgAXUmoyVbQsBcB9.jpg,Pleine,0.9,0.40318445263180575
images-8-jpg_shear_aug_png_jpg.rf.C2O4cFadmZlpdtlXJ6Bl.jpg,Pleine,0.9,0.4955510204081633
images-8_png_jpg.rf.6Wn1BsJ8a4CAoN99A2SS.jpg,Pleine,0.9,0.18372312652638925
images-8_png_jpg.rf.eiUjL5UhQPM46J4kddLZ.jpg,Pleine,0.9,0.1676618289737433
images-8_png_jpg.rf.P1j3Fg2ouEwT9mkhNTAc.jpg,Pleine,0.9,0.17264264155060183
images-9-_jpg.rf.3SIlNg63wYxrVj8zKCgw.jpg,Semi-cerclée,0.8,0.09281714146579012
images-9-_jpg.rf.81g0yq1pOVFX55rdvBjw.jpg,Semi-cerclée,0.8,0.08396469429502235
images-9-_jpg.rf.8ToPqbWeJKtGyhfNWrbE.jpg,Percée,0.75,3.0761658668635414e-05
images-9-_jpg.rf.9lE33IbXJuzepWZgfTJD.jpg,Percée,0.75,0.03176037483266399
images-9-_jpg.rf.9QMFwYjP08pLp5A3ZwnR.jpg,Pleine,0.9,0.3286078098471986
images-9-_jpg.rf.alAwoXNwxcKmlet6jR2a.jpg,Pleine,0.9,0.1623464659341549
images-9-_jpg.rf.B3XWHRBViTqlACns0Hdv.jpg,Percée,0.75,3.0761658668635414e-05
images-9-_jpg.rf.b5GUX1O6AYTAfWskdmNZ.jpg,Pleine,0.9,0.31705555555555553
images-9-_jpg.rf.bgIBAQazCdyahvbZ74SC.jpg,Pleine,0.9,0.195
images-9-_jpg.rf.cboDvccvrWsXKT238QtX.jpg,Pleine,0.9,0.1623464659341549
images-9-_jpg.rf.fCC9ND1Ov7tWHBGaFcPA.jpg,Pleine,0.9,0.24723351934171947
images-9-_jpg.rf.ij1P0zk8gNmbYatlE9da.jpg,Percée,0.75,0.003368421052631579
images-9-_jpg.rf.iLU5GwywNvnWoPzNR6MV.jpg,Pleine,0.9,0.31705555555555553
images-9-_jpg.rf.jUfbO63nDjA0Vpbet543.jpg,Pleine,0.9,0.8625981161695447
images-9-_jpg.rf.M9QBdBh4s6MdzD5h4LBk.jpg,Semi-cerclée,0.8,0.09551328722242446
images-9-_jpg.rf.mZK11BPapfKnBRcKGY8W.jpg,Percée,0.75,0.03176037483266399
images-9-_jpg.rf.O6upLENRuy0VV26Kdp3I.jpg,Pleine,0.9,0.8625981161695447
images-9-_jpg.rf.p7idbRjrZrC4DeXBQdvW.jpg,Pleine,0.9,0.195
images-9-_jpg.rf.t8Z869fQeA5rmTPyb6U2.jpg,Pleine,0.9,0.24723351934171947
images-9-_jpg.rf.uJYn3N05awbZWLK6KZ70.jpg,Semi-cerclée,0.8,0.0837648492232714
images-9-_jpg.rf.V3jDaqiAefWkrbxPGdwg.jpg,Semi-cerclée,0.8,0.09551328722242446
images-9-_jpg.rf.xlgGDnnGM1OiNqZcgUUS.jpg,Semi-cerclée,0.8,0.09281714146579012
images-9-_jpg.rf.YhUHva5pG39r8AfCBZNA.jpg,Pleine,0.9,0.3286078098471986
images-9-_jpg.rf.zJO2nISnkFWSxbAoxYf6.jpg,Percée,0.75,0.003368421052631579
images-9-jpg_aug_png_jpg.rf.2UAF1qiGX6ilpHAikHsH.jpg,Pleine,0.9,0.19400981996726677
images-9-jpg_aug_png_jpg.rf.5WMWOQmBByFvQOd7Fkur.jpg,Pleine,0.9,0.5261711483172671
images-9-jpg_aug_png_jpg.rf.kL0KdxwAXLFRUERwFGCi.jpg,Pleine,0.9,0.16154562383612664
images-9-jpg_aug_png_jpg.rf.niRW1DNFlAmgYmASQ8rs.jpg,Pleine,0.9,0.128279472465519
images-9-jpg_aug_png_jpg.rf.tBCRXNkbUXwK9sJUK6rS.jpg,Pleine,0.9,1.0
images-9-jpg_aug_png_jpg.rf.wv85Zinvf8YGOskFmsgZ.jpg,Pleine,0.9,0.36265320836337417
images-9-jpg_aug_png_jpg.rf.XOGBiCmUtOv35K05Ctlu.jpg,Pleine,0.9,0.3322179322179322
images-9_png_jpg.rf.2cp4bqZfU2DYPNqsZ7g9.jpg,Pleine,0.9,0.574303092928771
images-9_png_jpg.rf.38wnXTo0v5pY7WMzgfyw.jpg,Pleine,0.9,0.5238576942231076
images-9_png_jpg.rf.NaQgYkw0SXPCzHe95YDu.jpg,Pleine,0.9,0.4798468594527363
images-jpg_aug_png_jpg.rf.41BYxzkUh6Y8plrFtoIg.jpg,Pleine,0.9,1.0
images-jpg_aug_png_jpg.rf.VAEyP6U63a51PfZS94AQ.jpg,Pleine,0.9,0.19060173697270472
images-jpg_aug_png_jpg.rf.Xefq1tsz6DhDq3A9yhUD.jpg,Pleine,0.9,0.24075218023255815
images-jpg_dropout_aug_png_jpg.rf.qLpck6CYranuymkPGMUE.jpg,Pleine,0.9,0.20034277029539685
images-jpg_flip_aug_png_jpg.rf.RCtOjPrLLhu1wNwdqs3k.jpg,Pleine,0.9,0.17543398938522778
images-jpg_shear_aug_png_jpg.rf.AoDdDnmtg3B4x2mah0xf.jpg,Pleine,0.9,0.17249688268796548
images10-jpg_aug_png_jpg.rf.TTh4BFGs6KGx4rNTXcSx.jpg,Pleine,0.9,0.32600433668440765
images10_jpg.rf.ARKENtgIBKA9UANxANbP.jpg,Pleine,0.9,0.5118477045614096
images10_jpg.rf.eZu6MsR9YjvD8VeQWlkQ.jpg,Pleine,0.9,0.5118477045614096
images10_jpg.rf.fMutX4z3KGXd1xCONska.jpg,Pleine,0.9,0.3037109375
images10_jpg.rf.gotM7PwVav41zaBtUNhe.jpg,Percée,0.75,0.048131820481318206
images10_jpg.rf.vrVZisycUEZZk5ryJdlA.jpg,Percée,0.75,0.048131820481318206
images11-jpg_aug_png_jpg.rf.DxzfYKxBj0RjAC01QW6b.jpg,Pleine,0.9,0.30662186847599165
images11_jpg.rf.HfeS4Q8wG9oI4gjf4gtu.jpg,Pleine,0.9,0.2145287298387097
images11_jpg.rf.kuyHl2OYDaAXtYe6D0Mc.jpg,Pleine,0.9,0.6813624526515152
images11_jpg.rf.mnPgKEBQSCq3aofrYoEa.jpg,Pleine,0.9,0.2145287298387097
images11_jpg.rf.YCoRC3CsYYeJkr2fkvZr.jpg,Pleine,0.9,0.6813624526515152
images12-jpg_aug_png_jpg.rf.59q6QfxjgglaH3tA3cwf.jpg,Pleine,0.9,0.46554427083333333
images12-jpg_aug_png_jpg.rf.qSyZy2kNOX1erlNjQyh5.jpg,Pleine,0.9,1.0
images12_jpg.rf.0GXKUKxUQoxrfibRN6gB.jpg,Pleine,0.9,0.21606164730448876
images12_jpg.rf.66iYsFvsXTh9MzEgQDKR.jpg,Pleine,0.9,0.2390625
images12_jpg.rf.jDbbGQ6f2RfvjshTzDyY.jpg,Pleine,0.9,0.29621642096517004
images12_jpg.rf.lK57KfzhIUZDJOOxPGMR.jpg,Pleine,0.9,0.2390625
images12_jpg.rf.z3jbQUx61DFsVUXE2Csi.jpg,Pleine,0.9,0.21606943892537964
images13-jpg_aug_png_jpg.rf.vqjmraDL5rD3TEg13umC.jpg,Pleine,0.9,1.0
images13-jpg_dropout_aug_png_jpg.rf.3nJKHdXCzN8sX6C0LFAn.jpg,Pleine,0.9,0.2662870762711864
images13-jpg_flip_aug_png_jpg.rf.7QYe77xEskKleW9yGePh.jpg,Pleine,0.9,0.24939557613168725
images13-jpg_shear_aug_png_jpg.rf.uRN72SbtqhIjhEzPut8q.jpg,Pleine,0.9,0.2712272492314389
images13_jpg.rf.CpKN238H13Czy76f0fSk.jpg,Pleine,0.9,0.22806515957446807
images13_jpg.rf.JMXbHbJ4ez8AR7zZqbCi.jpg,Pleine,0.9,0.22806515957446807
images13_jpg.rf.PlUpkyCBoIWlRwnksdNg.jpg,Semi-cerclée,0.8,0.11686373873873875
images13_jpg.rf.q8mhFYB99t9b7Tv9L4rK.jpg,Semi-cerclée,0.8,0.11686373873873875
images14-jpg_aug_png_jpg.rf.5XgS32NPTM0AW1xSCjdG.jpg,Pleine,0.9,1.0
images14-jpg_aug_png_jpg.rf.Za3s9LOsWEnSDT0tAkcm.jpg,Pleine,0.9,0.2012115036231884
images14_jpg.rf.i8hSBAcxyIV6UprBODKZ.jpg,Percée,0.75,0.003216399721448468
images15_jpg.rf.5M2GIZh5AnfJVKgsEFEl.jpg,Pleine,0.9,0.33132967422096316
images15_jpg.rf.MYz1u25T7xrcBActCkXS.jpg,Pleine,0.9,0.15342381912442396
images15_jpg.rf.r1frJXSgNpneww8mg1gN.jpg,Pleine,0.9,0.33132967422096316
images15_jpg.rf.SXxd07WI4q47JKwEYZzz.jpg,Pleine,0.9,0.15342381912442396
images15_jpg.rf.u9ybEZPW3G4U1PPVWOK5.jpg,Pleine,0.9,0.31878600230414744
images15_jpg.rf.v69E3WcjRg7mCO4v3zOM.jpg,Pleine,0.9,0.31875
images16-jpg_aug_png_jpg.rf.SodekOxTckTfnXH4Fq1P.jpg,Pleine,0.9,0.2883626832247557
images16_jpg.rf.mmhYEKEKVrN27BcCq8K9.jpg,Pleine,0.9,0.13021875
images16_jpg.rf.MNoVHX9333YBgADJ9ocp.jpg,Pleine,0.9,0.288922817047817
images16_jpg.rf.uiAxTVAWaZnGeKHswAkZ.jpg,Pleine,0.9,0.288922817047817
images17-jpg_aug_png_jpg.rf.499YoYq2YHcIVjkVJ5i0.jpg,Pleine,0.9,0.999736071253327
images17-jpg_aug_png_jpg.rf.niXHQI6uA3ggYvUjpOKb.jpg,Pleine,0.9,0.34161438223938223
images17-jpg_aug_png_jpg.rf.ymgYUmZIRCFLSzAFmJzj.jpg,Pleine,0.9,1.0
images17_jpg.rf.a4cVuvNkFObEqxL5qUJv.jpg,Pleine,0.9,0.3346478583196046
images17_jpg.rf.toxxfpYwdEt2wDrFxqGm.jpg,Pleine,0.9,0.3346478583196046
images17_jpg.rf.YYFVaK8QmHwUc6I7DNKi.jpg,Percée,0.75,0.00215578007518797
images18-jpg_aug_png_jpg.rf.uww1sSKqmd65NTR8at6j.jpg,Pleine,0.9,0.15654691211401425
images18_jpg.rf.u9NAZpLHyY9Etm6LBcEo.jpg,Pleine,0.9,0.25013885620145915
images18_jpg.rf.UBMSDNajXEEmGxSV0SJt.jpg,Percée,0.75,0.04617504102040185
images18_jpg.rf.wX4zr5jhfwJTIblqkjcB.jpg,Pleine,0.9,0.25013885620145915
images19-jpg_aug_png_jpg.rf.pCos9i7p9iMJG93NLtML.jpg,Pleine,0.9,0.12817090664778197
images19-jpg_aug_png_jpg.rf.zhraeL8mwVplmohxvgw6.jpg,Pleine,0.9,0.3507205578512397
images19-jpg_cloud_affine_aug_png_jpg.rf.ttDo5oCohcJF9shouyUn.jpg,Semi-cerclée,0.8,0.08204823369565217
images19-jpg_flip_aug_png_jpg.rf.CY3ORAdPgkKK5CPDgd3i.jpg,Semi-cerclée,0.8,0.07374177631578947
images19-jpg_shear_aug_png_jpg.rf.ED1ris4iE4pPf7uVzoGa.jpg,Semi-cerclée,0.8,0.08723707932692308
images19_jpg.rf.4qOcZYGdMlDfOfzelo0j.jpg,Semi-cerclée,0.8,0.08097747093023255
images19_jpg.rf.AEoMNdA03uBWUM1shbkZ.jpg,Semi-cerclée,0.8,0.08097747093023255
images19_jpg.rf.Dtjce4HzEVVqOTBYzZr1.jpg,Semi-cerclée,0.8,0.08770319992083413
images19_jpg.rf.qAxGJFcLuK9d2ZfMWWeE.jpg,Percée,0.75,0.032643340455840456
images19_jpg.rf.qQG1vh059VYXKSvgDat9.jpg,Percée,0.75,0.032643340455840456
images19_jpg.rf.wAjeNCfHA2Ls42a176E8.jpg,Semi-cerclée,0.8,0.08770319992083413
images2-jpg_aug_png_jpg.rf.Ly3sfODserooCAsLyKwo.jpg,Pleine,0.9,0.4084912206066315
images20-jpg_aug_png_jpg.rf.kPsVX0ZvfumJpWAtyNCT.jpg,Pleine,0.9,0.26108554108666365
images20-jpg_aug_png_jpg.rf.mxrX4uy9PVuwgCAEqKjr.jpg,Pleine,0.9,0.70706298828125
images20_jpg.rf.MV64n6gutTRAURLLn85u.jpg,Pleine,0.9,0.23735859728506786
images20_jpg.rf.OHyBRONPTamJwZA94ofS.jpg,Pleine,0.9,0.38226033834586465
images20_jpg.rf.yQwYxriT5U4BOjtAjMLo.jpg,Pleine,0.9,0.23735859728506786
images21-jpg_aug_png_jpg.rf.o7oJsSHvRlJR6R8w8wca.jpg,Pleine,0.9,0.2759834960578455
images21_jpg.rf.O4eKa6abQxyJ8IpyNnj4.jpg,Semi-cerclée,0.8,0.07181320621468927
images21_jpg.rf.p0JjR9c7UtTHWMNEVerw.jpg,Pleine,0.9,0.7157437392055268
images21_jpg.rf.vvMSGW41A0LLT7YhuHxa.jpg,Semi-cerclée,0.8,0.07181320621468927
images21_jpg.rf.XENoHMoDAklirBJGCdk8.jpg,Pleine,0.9,0.7157437392055268
images22-jpg_cloud_affine_aug_png_jpg.rf.DybxiPkoMK7UEpuNwerg.jpg,Semi-cerclée,0.8,0.056109619140625
images22-jpg_dropout_aug_png_jpg.rf.wWZIC68hCAwefajm0Thw.jpg,Percée,0.75,0.04583038034490905
images22-jpg_flip_aug_png_jpg.rf.SEAVVp47bP7pK1AFNAsz.jpg,Semi-cerclée,0.8,0.07222377232142857
images22-jpg_shear_aug_png_jpg.rf.4CaoQWVOju6XL8ZwVXAh.jpg,Semi-cerclée,0.8,0.07989253393665158
images22_jpg.rf.3v9Z5WUR0BAApfDGv3rR.jpg,Semi-cerclée,0.8,0.07348011363636364
images22_jpg.rf.qySo1oaTGPVSJRc1A36O.jpg,Pleine,0.9,0.32664940824741245
images22_jpg.rf.zh8hCoZnjslQaZrqsmC0.jpg,Semi-cerclée,0.8,0.07348011363636364
images22_jpg.rf.zuoSbVPZrkrWQu9YeeGg.jpg,Pleine,0.9,0.32662960891366005
images23-jpg_aug_png_jpg.rf.QPZIxHZIz1ZJTKnV4trr.jpg,Percée,0.75,0.01373792270531401
images23_jpg.rf.8kc3LdZgoqQxOAZNOM82.jpg,Pleine,0.9,0.6020365168539326
images23_jpg.rf.OqnliEVq71gmI96lbaFx.jpg,Pleine,0.9,0.3954891304347826
images23_jpg.rf.oVLcUQ2w9Es8ojq2rcu3.jpg,Pleine,0.9,0.22307881860104903
images23_jpg.rf.vcsvyAyEzbomGVBlt59T.jpg,Pleine,0.9,0.3954891304347826
images24-jpg_aug_png_jpg.rf.8BFAGkEPnNpv5BkbFTL5.jpg,Pleine,0.9,1.0
images24_jpg.rf.MEft0phMQjdgftmg6P4i.jpg,Pleine,0.9,0.28450415642196464
images25-jpg_aug_png_jpg.rf.yePfEaXTJlPi5eDREydl.jpg,Pleine,0.9,1.0
images25-jpg_cloud_affine_aug_png_jpg.rf.t5lburLeCuXP4wSbmicr.jpg,Pleine,0.9,0.12156525330396475
images25-jpg_dropout_aug_png_jpg.rf.zD2TCax95l6DMTliAUCH.jpg,Semi-cerclée,0.8,0.0692741935483871
images25-jpg_flip_aug_png_jpg.rf.ao7YLGITYRPRUAazyIvz.jpg,Semi-cerclée,0.8,0.07376815352697096
images25-jpg_shear_aug_png_jpg.rf.0cIbrohHelZjJV4kybxI.jpg,Semi-cerclée,0.8,0.10688244047619047
images25_jpg.rf.JZS6ScOuGFevMwSjA5qW.jpg,Semi-cerclée,0.8,0.07005413385826771
images25_jpg.rf.KpEEUQijBAVQ6IUOG8bZ.jpg,Pleine,0.9,0.2298477564102564
images25_jpg.rf.lB87PZrcrKgGVusMWArC.jpg,Semi-cerclée,0.8,0.07005413385826771
images25_jpg.rf.Puei98GrJ9cXS5JCsdQD.jpg,Pleine,0.9,0.2298477564102564
images26-jpg_aug_png_jpg.rf.F8v55Yy8OOcgK4nNjDwl.jpg,Pleine,0.9,0.6530013758269096
images26_jpg.rf.qUje0l5cTd3dH1tyVXlP.jpg,Pleine,0.9,0.28256394453004624
images26_jpg.rf.wvBeV5nmRO6RwbSzYboF.jpg,Pleine,0.9,0.2826009244992296
images27-jpg_aug_png_jpg.rf.dU0i8dauuCwwvNp5LwbA.jpg,Pleine,0.9,0.14107694003527338
images27_jpg.rf.Ak6O9Z5XnVNeOxeV1I5H.jpg,Pleine,0.9,0.16469983552631579
images27_jpg.rf.MKGUxw1aohcXYZEZVrmg.jpg,Pleine,0.9,0.23529433139534883
images27_jpg.rf.rZIQ0jUmFFq5oPZUmafo.jpg,Pleine,0.9,0.23529433139534883
images27_jpg.rf.U9vlyNC7vYBtc5ztwrtM.jpg,Pleine,0.9,0.16470668859649124
images28-jpg_cloud_affine_aug_png_jpg.rf.j3CSaLQutVV8THSQVUuu.jpg,Semi-cerclée,0.8,0.07049740268981712
images28-jpg_dropout_aug_png_jpg.rf.0EEHc42G9DlnRvuQ7EXN.jpg,Pleine,0.9,0.15607294617563738
images28-jpg_flip_aug_png_jpg.rf.974k02ulfUn0lLHUUAh3.jpg,Pleine,0.9,0.14084022038567492
images28-jpg_shear_aug_png_jpg.rf.7dMg55w8ulu2kUNBtgTF.jpg,Pleine,0.9,0.185559874092055
images28_jpg.rf.8xSPvNuyvaN5CA00Kx5S.jpg,Pleine,0.9,0.1628219436813187
images28_jpg.rf.Cqg0z9IdTVvv9bYM4Sjk.jpg,Pleine,0.9,0.1628219436813187
images28_jpg.rf.fOY4j2swzdxkD5ckRDIT.jpg,Pleine,0.9,0.509335553997195
images28_jpg.rf.VKHmkngjiXCGRosUaXj5.jpg,Pleine,0.9,0.5093389254504261
images29-jpg_aug_png_jpg.rf.KP0OsI5tufo6uZR9TnMi.jpg,Pleine,0.9,0.43605224609375
images29-jpg_aug_png_jpg.rf.QuBQnEr41IodWzW7bVBc.jpg,Pleine,0.9,0.6020820691747573
images29_jpg.rf.Tw9CIqb5t4cuZ3LPNYJO.jpg,Pleine,0.9,0.4531057098765432
images29_jpg.rf.uS31h7danREn0NEzLGye.jpg,Pleine,0.9,0.3727980692675159
images29_jpg.rf.x3cmE75MXazAyPzsiGKp.jpg,Pleine,0.9,0.3727980692675159
images29_jpg.rf.zscpA3CID2ZEneBuAfkE.jpg,Pleine,0.9,0.4531057098765432
images2_jpg.rf.eZyYrBzKkLgxaNutjsc6.jpg,Pleine,0.9,0.40026601615965385
images2_jpg.rf.fJEdcdcNlTgHaruUOkp8.jpg,Pleine,0.9,0.29772697411641047
images2_jpg.rf.h5KgSzuSDk9B80LYMVVU.jpg,Pleine,0.9,0.29772697411641047
images2_jpg.rf.wDzWaylnvvcWLVHGd1JJ.jpg,Pleine,0.9,0.40026601615965385
images3-jpg_aug_png_jpg.rf.KVydq85TeEmER5mutYUn.jpg,Pleine,0.9,0.2974865723018487
images30-jpg_aug_png_jpg.rf.Ej2zCg6eP7y2zrOMtJoU.jpg,Pleine,0.9,1.0
images30_jpg.rf.ccvycnsaTEmLE9XUthwe.jpg,Semi-cerclée,0.8,0.05491222667077302
images30_jpg.rf.LXWnMKgzNL6IBIunDfUs.jpg,Semi-cerclée,0.8,0.0655406746031746
images30_jpg.rf.oDn7kKIGXaCAyq7P8GpV.jpg,Semi-cerclée,0.8,0.05491222667077302
images31-jpg_aug_png_jpg.rf.6gO82S4F2BydjgdiFcJ9.jpg,Pleine,0.9,0.2176025917926566
images31-jpg_cloud_affine_aug_png_jpg.rf.FvcXZcxzlLsCxKFQiS5d.jpg,Pleine,0.9,0.1558304641417781
images31-jpg_dropout_aug_png_jpg.rf.eTP8qqcm3Kv20V5EbXmt.jpg,Pleine,0.9,0.2621069729667015
images31-jpg_flip_aug_png_jpg.rf.QhNtOK2Yt2dM1SoTnKaP.jpg,Pleine,0.9,0.19087517253278122
images31-jpg_shear_aug_png_jpg.rf.bwcb8Tq8LQK9HCQfJCDt.jpg,Pleine,0.9,0.20949352423717033
images31_jpg.rf.pguAlw0c4pemu35x46lJ.jpg,Pleine,0.9,0.2760430858310627
images31_jpg.rf.Q17E19AEAsuljQIE3mjr.jpg,Pleine,0.9,0.2760473433242507
images31_jpg.rf.rvd4vFRCjE4VJ61U6EV8.jpg,Pleine,0.9,0.22972207072813405
images32-jpg_aug_png_jpg.rf.KYNjfOorjVbdlGuYXRzr.jpg,Pleine,0.9,0.5924420248868778
images32-jpg_flip_aug_png_jpg.rf.dvbNBoY9VSeiwo0d7Dsz.jpg,Semi-cerclée,0.8,0.08174398625429553
images32_jpg.rf.A0KeHBdHxLF0puQWCFkG.jpg,Semi-cerclée,0.8,0.08839946546052632
images32_jpg.rf.FXzQvkEXTeaRa4hmdlkr.jpg,Semi-cerclée,0.8,0.08839946546052632
images32_jpg.rf.lHTF4bQMYNp9sFLaz2Ht.jpg,Pleine,0.9,0.23113584474885845
images33_jpg.rf.Spdo3efckW7zaXztSgUN.jpg,Pleine,0.9,0.23835838607594936
images34-jpg_aug_png_jpg.rf.lD8GAfhvsyKC2xHYQiEn.jpg,Pleine,0.9,0.9986991808252427
images34_jpg.rf.E1vWlYoXGu0GPxcwaHTx.jpg,Pleine,0.9,0.12784511552632485
images34_jpg.rf.ex0orApiaORpLGEatp5d.jpg,Pleine,0.9,0.12784511552632485
images34_jpg.rf.khRNni3X3S1x8VP9YyhO.jpg,Semi-cerclée,0.8,0.10478204617834395
images34_jpg.rf.va149YenxYMxhWm6OOQx.jpg,Pleine,0.9,0.25511679644048946
images34_jpg.rf.viZWpzpnMkAAMH1gG08d.jpg,Semi-cerclée,0.8,0.10478204617834395
images35-jpg_aug_png_jpg.rf.j6dGYpXU6ntUd4YsP2uv.jpg,Pleine,0.9,1.0
images35-jpg_aug_png_jpg.rf.Qf1JT7nd4sy7ivGSHtpT.jpg,Pleine,0.9,1.0
images35_jpg.rf.ifZiHDte1KQSBGKBLlbD.jpg,Semi-cerclée,0.8,0.09164117132867133
images35_jpg.rf.Xu7kChKJRBk4fX49q74g.jpg,Pleine,0.9,0.26830985915492955
images36-jpg_cloud_affine_aug_png_jpg.rf.NTjbX8w4x9Cd8CdXw7O0.jpg,Semi-cerclée,0.8,0.07539563301282051
images36-jpg_dropout_aug_png_jpg.rf.d5qBCcxniBvY1IM7iMqD.jpg,Pleine,0.9,0.33307845744680853
images36-jpg_flip_aug_png_jpg.rf.Gohm0dD19R3sJEJ20hx6.jpg,Pleine,0.9,0.3122744278169014
images36-jpg_shear_aug_png_jpg.rf.uwvuAxSBeOFTFI4r3QLi.jpg,Pleine,0.9,0.24913066789215688
images36_jpg.rf.7OLcd9tMxaDKfkebHfjC.jpg,Pleine,0.9,0.4846367385786802
images36_jpg.rf.DijpkLhK5ZpLQPVMHvhp.jpg,Pleine,0.9,0.29463247508305646
images36_jpg.rf.uKi8ZUM4GScDFidJ2J3t.jpg,Pleine,0.9,0.4846526015228426
images37-jpg_aug_png_jpg.rf.gn062EV2UP8bYGoBYLtd.jpg,Percée,0.75,0.048991039557077294
images37-jpg_aug_png_jpg.rf.TdCgPwnBtajsSittx0oz.jpg,Pleine,0.9,0.9999906015037594
images37_jpg.rf.ouCTumD8yfHiAUHMoHsH.jpg,Semi-cerclée,0.8,0.07157598499061914
images37_jpg.rf.QgbPV6DEpdsSgA0kexP8.jpg,Pleine,0.9,0.6880908789173331
images37_jpg.rf.U2o87HXSr7lGvkHieYV2.jpg,Semi-cerclée,0.8,0.07157598499061914
images37_jpg.rf.xFmgW3idf4PsJtwtJjDh.jpg,Pleine,0.9,0.6880908789173331
images38_jpg.rf.CJSDsJ5Tv9PooZhArH4x.jpg,Pleine,0.9,0.6621205357142858
images38_jpg.rf.Kq3kSFOC6DzLSkcABL2J.jpg,Pleine,0.9,0.3658092570754717
images38_jpg.rf.Ku0852JwIEfAHhlQeXLu.jpg,Pleine,0.9,0.6621205357142858
images38_jpg.rf.PLt5BXZZ2jin6LrYR6hB.jpg,Pleine,0.9,0.20144451342307285
images38_jpg.rf.tVawJaSjGIu5qlwiGAhA.jpg,Pleine,0.9,0.20144451342307285
images38_jpg.rf.zlhgGAxwZdL3VPRqPLPd.jpg,Pleine,0.9,0.3658092570754717
images39-jpg_aug_png_jpg.rf.lE2CbEzs32pSEj4oDIUN.jpg,Pleine,0.9,0.9943740727082494
images39_jpg.rf.jKkDjlSMChulr7kDyb9H.jpg,Pleine,0.9,0.4862420127795527
images39_jpg.rf.kJwgzwoqefpogoP4Dpie.jpg,Semi-cerclée,0.8,0.1179525030430166
images39_jpg.rf.xDxL6T4UogZvCGEnYThi.jpg,Pleine,0.9,0.4862420127795527
images3_jpg.rf.8gCMLCmJ7NnXgRRyUhk5.jpg,Pleine,0.9,0.28281958616780045
images3_jpg.rf.kygani94Re9SR65BQxdN.jpg,Pleine,0.9,0.28282312925170067
images4-jpg_aug_png_jpg.rf.BYn6ND5J6rrWksdt8kZz.jpg,Pleine,0.9,0.23492024739583334
images4-jpg_aug_png_jpg.rf.WQ631l1fiyrBayj6Gzwa.jpg,Pleine,0.9,1.0
images40-jpg_aug_png_jpg.rf.FqeF5QO0UMropMq5ZFg0.jpg,Pleine,0.9,0.2653957007528932
images40_jpg.rf.IBj1SFkhkl8khV1M1bPs.jpg,Pleine,0.9,0.19519200344007853
images40_jpg.rf.OAf5zxxrNFrVEhOZnNiV.jpg,Pleine,0.9,0.19519200344007853
images40_jpg.rf.Ob7c0PygHTdJiKLecTIo.jpg,Semi-cerclée,0.8,0.07283024017467249
images41-jpg_cloud_affine_aug_png_jpg.rf.EuRm97ZmFxk7xnJV0dwz.jpg,Semi-cerclée,0.8,0.08101019321466606
images41-jpg_dropout_aug_png_jpg.rf.upkqc18xsXnY6C4vRGKW.jpg,Pleine,0.9,0.37155700237826167
images41-jpg_flip_aug_png_jpg.rf.pgbMD6aeaSRxd45Gbgnw.jpg,Pleine,0.9,0.3959814213309482
images41-jpg_shear_aug_png_jpg.rf.0KLBZknwsLP17Ct4DaF1.jpg,Pleine,0.9,0.4621865135498617
images41_jpg.rf.0D6S7nPrZLSAMdL7DgpM.jpg,Pleine,0.9,0.34390862944162437
images41_jpg.rf.3RU1afEhpzxPxiqJfkc8.jpg,Pleine,0.9,0.34390862944162437
images42-jpg_cloud_affine_aug_png_jpg.rf.HU73wosfqNla4szkaKbE.jpg,Percée,0.75,0.02619470818521352
images42_jpg.rf.IVDrHnaKhoY6P4Nz4qeV.jpg,Pleine,0.9,0.4315027120315582
images42_jpg.rf.n6tLe0o89Yje7GiPVGeT.jpg,Pleine,0.9,0.33022803114571747
images42_jpg.rf.PQFueUWQ3wCnFrBZ03XI.jpg,Pleine,0.9,0.4326218011811024
images42_jpg.rf.re479FvV9ZjDPCb2aZwZ.jpg,Pleine,0.9,0.33022803114571747
images43_jpg.rf.nofkWPa7H1GZKxaEHMRC.jpg,Pleine,0.9,0.14332873774509805
images43_jpg.rf.weZbRwXn6zoD45IVsywb.jpg,Pleine,0.9,0.532132716502668
images43_jpg.rf.yjXIymOcwd3ZFYghtUJa.jpg,Pleine,0.9,0.532132716502668
images44-jpg_aug_png_jpg.rf.kGUA9yZCzF288e9BauNm.jpg,Pleine,0.9,0.33805823332677554
images44_jpg.rf.hKvOkcVPqglZCTV7C2mq.jpg,Pleine,0.9,0.3641518737672584
images44_jpg.rf.L5NaEyx8oAm3c39Bf8uU.jpg,Pleine,0.9,0.7687731764614518
images44_jpg.rf.qVNKFRAF83rw3l36SqxR.jpg,Pleine,0.9,0.7687731764614518
images44_jpg.rf.zpoZqDC04TufjguDOiK4.jpg,Pleine,0.9,0.36414201183431955
images45-jpg_aug_png_jpg.rf.Ch7tqXKkOPNktWHuh94X.jpg,Pleine,0.9,0.2659008498853178
images45-jpg_dropout_aug_png_jpg.rf.R782Hl3sQAv6ljIuvqZT.jpg,Pleine,0.9,0.2823329520220712
images45-jpg_flip_aug_png_jpg.rf.6JERDIOb66zY8pnqfa0w.jpg,Pleine,0.9,0.22715394038383013
images45-jpg_shear_aug_png_jpg.rf.orwGfrWy8C1fihcogqCT.jpg,Pleine,0.9,0.25484777517564405
images45_jpg.rf.G4qkY60rowhSvYB7svyf.jpg,Pleine,0.9,0.1535052118933698
images45_jpg.rf.NRCm0WQiBHhE7Trpsyrf.jpg,Pleine,0.9,0.2550978728752317
images45_jpg.rf.QQD4o5fbJpW96gr3g61L.jpg,Pleine,0.9,0.1535052118933698
images45_jpg.rf.y4hzyV4XrYsoq6EjINsh.jpg,Pleine,0.9,0.2550978728752317
images46-jpg_aug_png_jpg.rf.vZrCEPCF0MCAimQQJdsv.jpg,Pleine,0.9,0.3478676470588235
images46_jpg.rf.QfyZkAJlyCrMCLc1BKDW.jpg,Pleine,0.9,0.3418920718155655
images46_jpg.rf.qWzw5diX9tLncjTaFZ2k.jpg,Pleine,0.9,0.3418869509110089
images46_jpg.rf.SIH0desSL5uoNqQKoNiM.jpg,Pleine,0.9,0.3211258192732943
images47-jpg_cloud_affine_aug_png_jpg.rf.sjbNDvYBuR4GXjWKVQSf.jpg,Pleine,0.9,0.34933349609375
images47-jpg_dropout_aug_png_jpg.rf.BpMxEuyGCiQNK8pXSlrN.jpg,Pleine,0.9,0.4194528875379939
images47-jpg_flip_aug_png_jpg.rf.KbvovyyesCy5cpCP3oDV.jpg,Pleine,0.9,0.4446138211382114
images47_jpg.rf.16JlhN9nnyeNwyol7NZQ.jpg,Pleine,0.9,0.2856941838649156
images47_jpg.rf.eG8b0GDTDuUwA90Jm8A6.jpg,Pleine,0.9,0.2856941838649156
images47_jpg.rf.i3ESBYX8gdx0hBJvxvRq.jpg,Pleine,0.9,0.4854218594396698
images47_jpg.rf.uVaEEiR2viI2EDSoHHnj.jpg,Pleine,0.9,0.4854218594396698
images48_jpg.rf.dJdSs0wYkezomkEaCROK.jpg,Percée,0.75,0.04435402853124372
images48_jpg.rf.EXkGBIHJwadV0ZNbIWcZ.jpg,Semi-cerclée,0.8,0.11508833118507847
images49-jpg_aug_png_jpg.rf.6N79z9Yt0TgwjZueGUn6.jpg,Pleine,0.9,0.8967352350917431
images49_jpg.rf.BIEBCDE9uFzLErGdANog.jpg,Pleine,0.9,0.5557244318181818
images49_jpg.rf.cAMcl0ziC4iJSMpZFF72.jpg,Pleine,0.9,0.40221604567307695
images49_jpg.rf.vOrS13mf7ZaaVVpbjpQG.jpg,Pleine,0.9,0.40221604567307695
images49_jpg.rf.wEjYiMjpObPj3ZsxCk60.jpg,Pleine,0.9,0.5557244318181818
images4_jpg.rf.CjjOPGEsSShIkjnah3oH.jpg,Pleine,0.9,0.206453747143029
images4_jpg.rf.N8xCOkI38oUR4Tnp27Fo.jpg,Pleine,0.9,0.40309115523465705
images4_jpg.rf.v2ZQTlfnuTPLS3fIeLUf.jpg,Pleine,0.9,0.40309115523465705
images4_jpg.rf.VCWYwjgeuQeajKmOOTfK.jpg,Pleine,0.9,0.206453747143029
images5-jpg_aug_png_jpg.rf.BlnKgy5D3hkVMSbfZfWH.jpg,Pleine,0.9,0.9999971412235563
images5-jpg_cloud_affine_aug_png_jpg.rf.whwel54EtA2X8i1zkivd.jpg,Pleine,0.9,0.1681689453125
images5-jpg_dropout_aug_png_jpg.rf.q6JCkncZ744pO0337k2H.jpg,Pleine,0.9,0.24570997807017544
images5-jpg_flip_aug_png_jpg.rf.I1Ldz7Yx8Oh0XBYraGWR.jpg,Pleine,0.9,0.1793154761904762
images5-jpg_shear_aug_png_jpg.rf.wjLyx9J71UyOvDX9Yjep.jpg,Pleine,0.9,0.23106060606060605
images50-jpg_aug_png_jpg.rf.69skMSlVMkSPNA2v84I1.jpg,Pleine,0.9,0.31578683133770113
images50_jpg.rf.N8TmZiK1XRF6XCsYqlhN.jpg,Pleine,0.9,0.27821782178217824
images50_jpg.rf.X8KACubjn9UDRvBILbnP.jpg,Pleine,0.9,0.27789449112978526
images51-jpg_aug_png_jpg.rf.bPk74jgal0gd8cy2Ni8U.jpg,Pleine,0.9,0.20135372211369773
images51_jpg.rf.5jdlCEDJRyJrFirHQBFu.jpg,Pleine,0.9,0.14308763586956522
images51_jpg.rf.DQgAEcnAQLrtnxpIo8pN.jpg,Pleine,0.9,0.14308763586956522
images51_jpg.rf.ugk00fv1gVyGgxW9Lr0D.jpg,Pleine,0.9,0.21458753360215055
images51_jpg.rf.yyJvE0pVKL96bynroRI2.jpg,Pleine,0.9,0.21458753360215055
images52_jpg.rf.J4HOOKVQOjDLw38ZcKKm.jpg,Semi-cerclée,0.8,0.10992932372505543
images52_jpg.rf.U8vCEd7NQ3EtYyXPQNUa.jpg,Semi-cerclée,0.8,0.10992932372505543
images53-jpg_aug_png_jpg.rf.20Nkbf2epCUqNyk08swi.jpg,Pleine,0.9,0.6423996891370676
images53-jpg_aug_png_jpg.rf.ahiaCr35hd49aFDBf7LD.jpg,Pleine,0.9,0.27281543887147336
images53_jpg.rf.1VY4898gARpr5zXTFF3a.jpg,Semi-cerclée,0.8,0.0893334290477216
images53_jpg.rf.cYD2F2ycZ5RXpRqSVCAt.jpg,Pleine,0.9,0.25350326006940793
images53_jpg.rf.m8dZNfQpzm3Peb137yqM.jpg,Pleine,0.9,0.25350326006940793
images53_jpg.rf.SD4U3YIIZMGyob7L2z7U.jpg,Semi-cerclée,0.8,0.0893334290477216
images54-jpg_aug_png_jpg.rf.VVTEOnRhSWitsmcxtJJC.jpg,Pleine,0.9,0.39606204495093383
images54-jpg_aug_png_jpg.rf.YYU9xN9OGNGXPGHj7yrM.jpg,Pleine,0.9,1.0
images54_jpg.rf.Bm938vklAW0yM89bktlX.jpg,Semi-cerclée,0.8,0.06691100823045268
images54_jpg.rf.BWqDryLeY3wm4XI2x7gu.jpg,Pleine,0.9,0.29459623557984216
images54_jpg.rf.f0eir3RxwUQBXQpkxCyv.jpg,Pleine,0.9,0.5113499121651296
images54_jpg.rf.mFhNJJTMgsgJBXu9nkYH.jpg,Pleine,0.9,0.29459623557984216
images54_jpg.rf.OIP45MgmLYQx9lwe0shC.jpg,Pleine,0.9,0.5113499121651296
images55-jpg_aug_png_jpg.rf.4CCWLURbm1tFd8TyKUSU.jpg,Pleine,0.9,0.19179443359375
images55-jpg_aug_png_jpg.rf.rxDOSvZMx7DmxTaFw8f9.jpg,Pleine,0.9,1.0
images55_jpg.rf.3E6XkFGordGRpvaDzlHg.jpg,Semi-cerclée,0.8,0.10048776455026455
images56-jpg_aug_png_jpg.rf.6NuixvSfXNboSVz6BmXj.jpg,Pleine,0.9,1.0
images56_jpg.rf.bTU3CIwe4b98uMFvjez0.jpg,Pleine,0.9,0.1276685554029304
images56_jpg.rf.dZSzNyXWyckjDGTERiHM.jpg,Pleine,0.9,0.20213401845637585
images56_jpg.rf.wq1TReZca8gFlaRKxx49.jpg,Pleine,0.9,0.20213401845637585
images57-jpg_aug_png_jpg.rf.Ec1GjUtYt9VDffoicy4K.jpg,Pleine,0.9,0.32281064918636077
images57_jpg.rf.2X207i5QZdTBU0X59a9n.jpg,Pleine,0.9,0.40404631474103586
images57_jpg.rf.8ovMwXlz3OXirylkwNUk.jpg,Pleine,0.9,0.40404631474103586
images57_jpg.rf.8sgvJ1zJybgw0pojZHNj.jpg,Pleine,0.9,0.3394808397088379
images57_jpg.rf.xlXx2iRW1WEdomInNM2c.jpg,Pleine,0.9,0.3394808397088379
images58_jpg.rf.sW2aklHdytsc14mdaQj7.jpg,Pleine,0.9,0.17479517790262172
images58_jpg.rf.xuSRKIsYUVuUwZ9RmlfR.jpg,Pleine,0.9,0.17479517790262172
images59-jpg_aug_png_jpg.rf.SHxxM92MiriPG19KVoya.jpg,Pleine,0.9,0.38082326151690316
images59-jpg_aug_png_jpg.rf.vgBgf8VR4Bmx3Bt33Q9H.jpg,Pleine,0.9,0.45571463684404573
images59_jpg.rf.2ubnFfopPJ2YxBWMHh79.jpg,Pleine,0.9,0.38898380626949935
images59_jpg.rf.7akJoDy5Se16xs6iqGel.jpg,Pleine,0.9,0.38898380626949935
images59_jpg.rf.C1gkNptnRR0V6xkQVF6b.jpg,Percée,0.75,0.02712055019680782
images59_jpg.rf.lPkTq4YTX1UwWqAWQzpG.jpg,Percée,0.75,0.02712055019680782
images5_jpg.rf.1Yl8rnjes0ySODL54RIr.jpg,Pleine,0.9,0.22804312227074236
images5_jpg.rf.Bq1WFEbGPpGuJypKkKkn.jpg,Percée,0.75,0.006401546822742475
images5_jpg.rf.CBfeS0jIlRgS0gg70FzL.jpg,Percée,0.75,0.006401546822742475
images6-jpg_aug_png_jpg.rf.RTxW97q8NmSjbqrtjmTA.jpg,Semi-cerclée,0.8,0.11874627976190476
images60_jpg.rf.BmFzQmsvIBm2G84YecGt.jpg,Pleine,0.9,0.3472988162562788
images60_jpg.rf.Q9TMbmjykWZVURYzN5Ar.jpg,Pleine,0.9,0.6236020280696598
images60_jpg.rf.SwqyoOfPQ97RCgJ2gtUn.jpg,Pleine,0.9,0.3472988162562788
images60_jpg.rf.vyxV1wrSyPkZ3AGf2fou.jpg,Pleine,0.9,0.6236020280696598
images61-jpg_aug_png_jpg.rf.0UxxLtd6ll4KykQB7nXh.jpg,Pleine,0.9,0.3022498254335334
images61_jpg.rf.DdlZCehMjh1uD7gmhNpy.jpg,Pleine,0.9,0.12107007575757575
images62-jpg_aug_png_jpg.rf.CANpXroe78ra0frAkv3T.jpg,Pleine,0.9,1.0
images62_jpg.rf.GLOUnL8fD1AQCGbkWjzS.jpg,Pleine,0.9,0.23364319620253166
images62_jpg.rf.KTSOiG0r0MCBG4OBkbh9.jpg,Pleine,0.9,0.23364319620253166
images62_jpg.rf.PrPuOVpJbHkxRnsLNYNw.jpg,Pleine,0.9,0.24048694779116467
images63-jpg_aug_png_jpg.rf.ybmB0HwBZbRMgG5CRa2E.jpg,Pleine,0.9,0.3376502660838164
images63_jpg.rf.KurBUfwkwXN4ZDJKQUJB.jpg,Pleine,0.9,0.18867539800799937
images63_jpg.rf.mhLvInk9zQAm8E3RYQjs.jpg,Pleine,0.9,0.18867539800799937
images63_jpg.rf.nHrplDfZk71l3o3cvcB3.jpg,Pleine,0.9,0.2095357142857143
images63_jpg.rf.z0Q0bP52UjJmVChLCAJ4.jpg,Pleine,0.9,0.2095357142857143
images64-jpg_aug_png_jpg.rf.aSmQTrfcCydjbgoscTJj.jpg,Pleine,0.9,1.0
images64-jpg_aug_png_jpg.rf.PkRdtOUL3xZSmc66G2Se.jpg,Pleine,0.9,0.439328902427767
images64_jpg.rf.1AELen1pQkFolJLG64np.jpg,Pleine,0.9,0.2808876811594203
images64_jpg.rf.UukSoIZnKObatLZswSM7.jpg,Pleine,0.9,0.8969824830584324
images64_jpg.rf.VAEoBlO7z7wE86tj6Elt.jpg,Pleine,0.9,0.2808876811594203
images64_jpg.rf.zOnjOeLvfHjO0ymcOWla.jpg,Pleine,0.9,0.8969824830584324
images65-jpg_aug_png_jpg.rf.a1dwcd8rGq97c420VAt6.jpg,Pleine,0.9,0.12219222152007812
images65-jpg_aug_png_jpg.rf.YhM1Yfm6hLJxqsbUMztV.jpg,Pleine,0.9,0.3053468801313629
images65_jpg.rf.7wkSOcBO6WY6tsebJQag.jpg,Pleine,0.9,0.25779017857142855
images65_jpg.rf.9oMsjClVRK1TmIAs5Fnr.jpg,Pleine,0.9,0.15974751655629138
images65_jpg.rf.BBeprxRhbYJTOM5T2Dj2.jpg,Semi-cerclée,0.8,0.07939583333333333
images65_jpg.rf.i3C1MdW5TvaIaBukh2SA.jpg,Pleine,0.9,0.17892945544554456
images65_jpg.rf.mBVQUzwpDRZ4kbBN8uaj.jpg,Semi-cerclée,0.8,0.07939583333333333
images65_jpg.rf.wRshIMb8FYKciBeX30jG.jpg,Semi-cerclée,0.8,0.07994330752212389
images65_jpg.rf.ZzcRZxhz6MI5tudYnD8v.jpg,Pleine,0.9,0.25779017857142855
images66-jpg_aug_png_jpg.rf.Zxo0c7jqjx6c3BV0ia36.jpg,Pleine,0.9,0.12544371196754564
images66_jpg.rf.Pe4pTAXxvdgIBiB8K1AX.jpg,Pleine,0.9,0.1988717872086073
images66_jpg.rf.rzO3dNoxktBerWF3ihYl.jpg,Semi-cerclée,0.8,0.09386219276442971
images66_jpg.rf.RzWO88mOKXp01pgWSYa4.jpg,Pleine,0.9,0.1988717872086073
images67-jpg_aug_png_jpg.rf.9Q2mBj1vb03K8fyGNUnw.jpg,Pleine,0.9,0.5388220492254463
images67_jpg.rf.bf245OrTlszHIh8M2aVW.jpg,Pleine,0.9,0.4419431956040819
images67_jpg.rf.HCzkUmSUKuusv86ow3KA.jpg,Pleine,0.9,0.44193605937343894
images67_jpg.rf.Pm0uJJ5uo8B99oxXZxV4.jpg,Semi-cerclée,0.8,0.10059121621621622
images68-jpg_aug_png_jpg.rf.g3vbyiTZw65hXNeRXumL.jpg,Pleine,0.9,0.40587320826306916
images68_jpg.rf.5UtWR8KzHD6flgAR7nhL.jpg,Pleine,0.9,0.2270753707384192
images68_jpg.rf.Eedu1Ps0bID2LnhmDK4d.jpg,Pleine,0.9,0.25409276562412575
images68_jpg.rf.Gk6yPTqT044ayPEdqbHV.jpg,Pleine,0.9,0.2270753707384192
images68_jpg.rf.poAfpDvcSrSVpvurp3Ck.jpg,Semi-cerclée,0.8,0.059901094276094274
images68_jpg.rf.SEIHshUo8hGTJHv9aLmf.jpg,Semi-cerclée,0.8,0.059901094276094274
images69_jpg.rf.4TAO0CcZKpqWTEVhCKoB.jpg,Pleine,0.9,0.15367716493054706
images69_jpg.rf.5jPu0NxozIFbNK0SnXop.jpg,Pleine,0.9,0.15367716493054706
images69_jpg.rf.eR7ClDZh0ToVKw6dHl60.jpg,Pleine,0.9,0.24406499656353053
images6_jpg.rf.kg25UfViV0MAHOgN4jWw.jpg,Pleine,0.9,0.18818460051546393
images70-jpg_aug_png_jpg.rf.2TVpP5PXQgFcejWg4MPU.jpg,Pleine,0.9,1.0
images70_jpg.rf.bsOdMiZj6cW2aXZxFF4e.jpg,Pleine,0.9,0.23672569969589047
images70_jpg.rf.gMzimhSGpltd2BWirNjb.jpg,Pleine,0.9,0.23672569969589047
images70_jpg.rf.R6AovxUbod4PTkuM3xac.jpg,Pleine,0.9,0.1499010180995475
images70_jpg.rf.uzbe6zrUAoLWW8v7NoKi.jpg,Pleine,0.9,0.1499010180995475
images71-jpg_aug_png_jpg.rf.MuYCI444XUgdOPyNoYEK.jpg,Pleine,0.9,1.0
images71_jpg.rf.gKITTR8LXn5IAi9oCN8P.jpg,Pleine,0.9,0.2784983407079646
images71_jpg.rf.J3xuIGikEnuLtuxEmg6T.jpg,Semi-cerclée,0.8,0.08638954402515724
images71_jpg.rf.ZnawFngvR5en538SaZZd.jpg,Pleine,0.9,0.27850525442477875
images72_jpg.rf.htuSLvoR72gt3sd2EXLe.jpg,Pleine,0.9,0.5262809187279152
images72_jpg.rf.N76hWnEqkPJb4nzAxhwp.jpg,Pleine,0.9,0.6034779614325069
images72_jpg.rf.s0WAcT1RuixjHsfIPAJc.jpg,Pleine,0.9,0.5262809187279152
images72_jpg.rf.S1M2aOFWgMVY2zdz1l5b.jpg,Pleine,0.9,0.6034779614325069
images73-jpg_aug_png_jpg.rf.ll1VcFvbRdasREAJuX15.jpg,Semi-cerclée,0.8,0.11881110981262903
images73_jpg.rf.E5znbLb5wdKLDE48McxR.jpg,Semi-cerclée,0.8,0.1163623595505618
images74-jpg_aug_png_jpg.rf.ew3wMhK62wRtQpqpBoBD.jpg,Pleine,0.9,1.0
images74_jpg.rf.CBjVLKY1MeVPayEjuGKt.jpg,Pleine,0.9,0.30977777777777776
images74_jpg.rf.dZmrTOovTjb9PYK2P5up.jpg,Pleine,0.9,0.30977777777777776
images74_jpg.rf.of6HVoNaxw1TjdtosKkW.jpg,Pleine,0.9,0.14528994445565796
images74_jpg.rf.yHNFAKZxd5nfso2iztdg.jpg,Pleine,0.9,0.14528994445565796
images75-jpg_aug_png_jpg.rf.kurOEuhNDzvuuzF4E0M1.jpg,Pleine,0.9,0.4694914164469877
images75_jpg.rf.2DScjlaoLw3dpWHlSyiL.jpg,Pleine,0.9,0.22694196428571428
images75_jpg.rf.C0BHZb4freUr7EZW8E6y.jpg,Pleine,0.9,0.22723534688995214
images75_jpg.rf.rCo0qFk4Ej2ojP1YrZBs.jpg,Pleine,0.9,0.16631010021393988
images75_jpg.rf.w54gn8OSFGEUliaCH5Ma.jpg,Pleine,0.9,0.16631010021393988
images76-jpg_aug_png_jpg.rf.nBRB4FevDoyFdLU3sD9Y.jpg,Pleine,0.9,0.27220693779904304
images76_jpg.rf.nfzUHj9goAbuRrtWgB1W.jpg,Pleine,0.9,0.2848713202890887
images76_jpg.rf.oD4ARYgWP0QI7btl0xk2.jpg,Pleine,0.9,0.37520583190394513
images76_jpg.rf.SWcuynufcO4N5BSSvt6S.jpg,Pleine,0.9,0.37520583190394513
images76_jpg.rf.TWMKl2etT6oeYJe2RL6J.jpg,Pleine,0.9,0.2848669134496739
images77-jpg_aug_png_jpg.rf.0vAh63LxF9Rl9DY4HiUz.jpg,Pleine,0.9,0.4779798422436459
images77_jpg.rf.2gWfibrt2Yyq8GE61S98.jpg,Pleine,0.9,0.31317424500015456
images77_jpg.rf.rAohb8SL7fhjAHxfOVA8.jpg,Pleine,0.9,0.31317424500015456
images77_jpg.rf.yUqktcrSbBikIu44rl02.jpg,Pleine,0.9,0.308039700255102
images78-jpg_aug_png_jpg.rf.9kvPlnIQ9TEftkN8IdFP.jpg,Pleine,0.9,1.0
images78_jpg.rf.0sYIWI7gpXkcCsJbWwVM.jpg,Pleine,0.9,0.5492572827670635
images78_jpg.rf.3VeS47xKmLW10ZoT1ubS.jpg,Pleine,0.9,0.5492572827670635
images78_jpg.rf.OQ4aaJji0LpY7Qzhaxmk.jpg,Percée,0.75,0.03645870258773484
images78_jpg.rf.sEH6RwAfDO8LmmqpyvKN.jpg,Percée,0.75,0.03653900810004263
images79_jpg.rf.Bjren5FTkiqzz2iKAOj3.jpg,Semi-cerclée,0.8,0.10974451013513513
images79_jpg.rf.Dn21r6YU5UfQyINmJkeM.jpg,Pleine,0.9,0.14349093264248705
images79_jpg.rf.FTOcNm0sktG17zb4Aucc.jpg,Pleine,0.9,0.14349093264248705
images7_jpg.rf.6u3g0fwzUyH8fZFGXyRb.jpg,Pleine,0.9,0.3310285762032086
images7_jpg.rf.bhfEBzBrSou7PJ1qchxW.jpg,Pleine,0.9,0.3310285762032086
images7_jpg.rf.juNSrXl1FDbYsni3KaLR.jpg,Pleine,0.9,0.2564724919093851
images7_jpg.rf.r1lol8QAOLMoVWnK33Qv.jpg,Pleine,0.9,0.2564641510692957
images80-jpg_aug_png_jpg.rf.31RxHU4llcZ5gk7cmKdV.jpg,Pleine,0.9,0.39624155405405403
images80-jpg_aug_png_jpg.rf.4d0wNC8FGE3yEn3Lh23s.jpg,Pleine,0.9,1.0
images80_jpg.rf.jwAN6WydwD16G8MkEH3b.jpg,Pleine,0.9,0.3507289558077649
images80_jpg.rf.ycbd2I54o4YJlcP7RfAk.jpg,Pleine,0.9,0.3507289558077649
images80_jpg.rf.zbOjJnB8QZ202nl1nbkP.jpg,Pleine,0.9,0.262625
images81-jpg_aug_png_jpg.rf.98qzspZlrP2jhbQAyuqm.jpg,Pleine,0.9,0.31692893026004726
images81_jpg.rf.dX9q2qezMmQuQDs19SSC.jpg,Pleine,0.9,0.36346714509979816
images81_jpg.rf.wyqDTiiZAUuLWJdZ85dD.jpg,Semi-cerclée,0.8,0.10638177710843373
images81_jpg.rf.WytDyTpNmarx8QwqDZMA.jpg,Pleine,0.9,0.36346714509979816
images82-jpg_aug_png_jpg.rf.9Qq6M3a4FFb9UVyXZop3.jpg,Pleine,0.9,0.6026020328969958
images82_jpg.rf.nWGtfJM0eXhb22mH71h7.jpg,Pleine,0.9,0.2876870314728823
images82_jpg.rf.SNpAf1YcvQTAqfPcS2mM.jpg,Percée,0.75,0.0
images82_jpg.rf.vxwn91cuU9QTna6cj7YY.jpg,Percée,0.75,0.0
images82_jpg.rf.Yexz9LxcUw62LMfsauls.jpg,Pleine,0.9,0.2875393796195323
images83-jpg_aug_png_jpg.rf.iwca3Traa9ioNANVLBis.jpg,Pleine,0.9,0.6859075176401328
images83_jpg.rf.bS5PI20XVJxXLbdLhMYQ.jpg,Pleine,0.9,0.48168349326415155
images83_jpg.rf.EHkAq97Ng48uHt2ujV2b.jpg,Pleine,0.9,0.48168349326415155
images8_jpg.rf.2d95nGTR8gp1024p4Mjy.jpg,Pleine,0.9,0.2207970112079701
images8_jpg.rf.3TiqIftcGEbsuKcM4YCS.jpg,Semi-cerclée,0.8,0.10242735239852399
images8_jpg.rf.dr65iohMrgbbRCYtWgSi.jpg,Semi-cerclée,0.8,0.10242735239852399
images9-jpg_aug_png_jpg.rf.rh6UmjvqbVFGEv3mGkwR.jpg,Semi-cerclée,0.8,0.07708780418904942
images9-jpg_aug_png_jpg.rf.S182CY9149EEc5LaZFvG.jpg,Pleine,0.9,1.0
images9_jpg.rf.1o3kMx0Z3tsAlM90cF6g.jpg,Pleine,0.9,0.658820564516129
images9_jpg.rf.LazbDbTTEOMnrCxv3kaK.jpg,Pleine,0.9,0.658820564516129
images9_jpg.rf.lpH6DpoGGHq0mUpkb97e.jpg,Pleine,0.9,0.19523093208535294
images_jpeg_jpg.rf.ASWkzhsqB0STYyrSAiiu.jpg,Pleine,0.9,0.1318176807760141
images_jpeg_jpg.rf.BLco2mr6p9ljA0Z53VLZ.jpg,Pleine,0.9,0.13099407327586207
images_jpeg_jpg.rf.ndnaKc1ECQEW58VCWrb9.jpg,Percée,0.75,0.010656767139479906
images_jpg.rf.4hnSpXP5mmQBc2zQOot6.jpg,Pleine,0.9,0.22112983770287142
images_jpg.rf.6WCh7zIohz5zoCg94WW4.jpg,Pleine,0.9,0.22112983770287142
images_jpg.rf.7vgKjoALUG4iL91ObxEz.jpg,Pleine,0.9,0.37352661248993335
images_jpg.rf.7XNqbIAZiaw6DxLPoWAy.jpg,Pleine,0.9,0.32393465909090907
images_jpg.rf.aE2C6LfKWYql3tOtiEsd.jpg,Pleine,0.9,0.37352661248993335
images_jpg.rf.CQHiWzDyYGmhBYuTxGMk.jpg,Pleine,0.9,0.18199502268145162
images_jpg.rf.Ez1HuFFzs0VmgCXRpvG0.jpg,Pleine,0.9,0.183959001446268
images_jpg.rf.iHDjm8aQGySyGhCgeOZN.jpg,Pleine,0.9,0.175051466272023
images_jpg.rf.MYQiW2FVwbt5GrjUeKXR.jpg,Pleine,0.9,0.32393465909090907
images_jpg.rf.nv4RBuM4Mn6GqPFSll4K.jpg,Pleine,0.9,0.12843601895734597
images_jpg.rf.rHqgEqKGOasbvU7N5fWW.jpg,Pleine,0.9,0.17534425903524617
Install-2-generic-nosepads-1_jpg.rf.issHS0wmyTAj3GzONZdB.jpg,Semi-cerclée,0.8,0.0693498452012384
Install-2-generic-nosepads-1_jpg.rf.lAYuGBEOkdHoV0xJQcGF.jpg,Semi-cerclée,0.8,0.06934017027863777
iStock-496108007-scaled-e1617951942931-1024x576_jpg.rf.1WzNcTlYVlMecenjJCEh.jpg,Pleine,0.9,0.4136819556451613
iStock-496108007-scaled-e1617951942931-1024x576_jpg.rf.BH93rboJ93fVcZsx7eXh.jpg,Pleine,0.9,0.16424623246597486
iStock-496108007-scaled-e1617951942931-1024x576_jpg.rf.bTZZUWqLFsdqAy4FfOxY.jpg,Pleine,0.9,0.24203324044585986
iStock-496108007-scaled-e1617951942931-1024x576_jpg.rf.C1Lkkdzow1F6wbzgyUQu.jpg,Pleine,0.9,0.23495787617554859
iStock-496108007-scaled-e1617951942931-1024x576_jpg.rf.cuiLKUCcGx5RYABPMYuC.jpg,Pleine,0.9,0.13000660211267606
iStock-496108007-scaled-e1617951942931-1024x576_jpg.rf.rg0GKQuZqWqNx1QQ2XKB.jpg,Pleine,0.9,0.24587890625
iStock-496108007-scaled-e1617951942931-1024x576_jpg.rf.U9MyxeXlM6LoCANyelKB.jpg,Pleine,0.9,0.2635318899317406
iStock_42197314_LARGE_jpg.rf.0vj79Bhg46TwshwLjWB8.jpg,Pleine,0.9,0.40574807081984116
iStock_42197314_LARGE_jpg.rf.3qOGfKebb9uT67Ze2Akj.jpg,Pleine,0.9,0.284991042916115
iStock_42197314_LARGE_jpg.rf.nyUPk6KMVcMJh4Ko7IHE.jpg,Pleine,0.9,0.2575976337293829
istockphoto-1097322006-612x612_jpg.rf.44eK2M66APKWIItoDA2f.jpg,Pleine,0.9,0.17773248304811107
istockphoto-1097322006-612x612_jpg.rf.8vBzARsUDxyN3h6XHgK4.jpg,Semi-cerclée,0.8,0.11087868843886049
istockphoto-1097322006-612x612_jpg.rf.BfKARAMpIIhuXmqDx4WW.jpg,Pleine,0.9,0.17719801049343403
istockphoto-1097322006-612x612_jpg.rf.bVn11cOE6dHB7aDUrSiW.jpg,Percée,0.75,0.032210078931390405
istockphoto-1097322006-612x612_jpg.rf.ehjS8kEpDnItVlX6TP5J.jpg,Pleine,0.9,0.18780428432327168
istockphoto-1097322006-612x612_jpg.rf.ffdaKh7xy7nK2LQo4etb.jpg,Pleine,0.9,0.18236407344892844
istockphoto-1097322006-612x612_jpg.rf.frWm0bLxnSi7rjRYdqNb.jpg,Percée,0.75,0.026747762863534676
istockphoto-1097322006-612x612_jpg.rf.kBwg7urVDdRQF5hBwtwb.jpg,Pleine,0.9,0.3372584861946564
istockphoto-1097322006-612x612_jpg.rf.MJcD5lVdF7UOsIH8X9p7.jpg,Percée,0.75,0.021576551467855816
istockphoto-1097322006-612x612_jpg.rf.mNwut65K0ipfzzNDmWLv.jpg,Percée,0.75,0.01392931392931393
istockphoto-1097322006-612x612_jpg.rf.pELgCd4M10SCSxJ38thM.jpg,Semi-cerclée,0.8,0.1090884705423332
istockphoto-1097322006-612x612_jpg.rf.u7AOa2S6WTzP0jqFrOPU.jpg,Pleine,0.9,0.20350443648816938
istockphoto-1097322006-612x612_jpg.rf.uN8RrSlyKEAVkZQgblLT.jpg,Percée,0.75,0.028781359097182754
istockphoto-1097322006-612x612_jpg.rf.W2UepddbuovS1dlUOTWP.jpg,Pleine,0.9,0.23165084265505065
istockphoto-1097322006-612x612_jpg.rf.zH8lHGV0PFRDZmQnsmrw.jpg,Percée,0.75,0.027203597325548546
istockphoto-1097322006-612x612_jpg.rf.zkaL6T8qICXanIv2WUy7.jpg,Semi-cerclée,0.8,0.11960070400773871
istockphoto-1189984971-612x612_jpg.rf.6S483zt9xsycgzV7SyD2.jpg,Pleine,0.9,0.21637793707686181
istockphoto-1189984971-612x612_jpg.rf.BtpqLtFzw4lyT3lRsUfI.jpg,Pleine,0.9,0.21077871660196393
istockphoto-1189984971-612x612_jpg.rf.D4QbNVwWPchEF8U5p6Zc.jpg,Semi-cerclée,0.8,0.05559515324305061
istockphoto-1189984971-612x612_jpg.rf.uuKsPXbTJuqdMhVyM6J7.jpg,Pleine,0.9,0.21908319817065064
istockphoto-1189984971-612x612_jpg.rf.vvHljbbtAMaJWIhHHpPj.jpg,Pleine,0.9,0.1449260523321957
istockphoto-1210948217-612x612_jpg.rf.11cGNgSe4X84Rr98qona.jpg,Pleine,0.9,0.2887780379381723
istockphoto-1210948217-612x612_jpg.rf.BzjhRoMwYgN7d0l6c1fY.jpg,Pleine,0.9,0.2767243333081514
istockphoto-1210948217-612x612_jpg.rf.ftT3S8LX3GhFWilFhnO7.jpg,Percée,0.75,0.0
istockphoto-1210948217-612x612_jpg.rf.nLwCb7UwlwmlVhI4bBfi.jpg,Pleine,0.9,0.26293436293436295
istockphoto-1210948217-612x612_jpg.rf.pr7Vp71UPhv0FC6R37wU.jpg,Percée,0.75,0.0
istockphoto-1210948217-612x612_jpg.rf.qXC8P73MfOv9h8S4DTCw.jpg,Percée,0.75,0.0
istockphoto-1210948217-612x612_jpg.rf.s0NFipRbzZSpes0Yk7BB.jpg,Pleine,0.9,0.2529109074519231
istockphoto-1210948217-612x612_jpg.rf.vKVgtgngTuiz43JG2Ts5.jpg,Pleine,0.9,0.1838635450527777
istockphoto-1210948217-612x612_jpg.rf.YVwi37sUcCg1FKGcdmV5.jpg,Pleine,0.9,0.21219808295131276
istockphoto-535407036-612x612_jpg.rf.0wxcPc3AzBRkShuhAmfk.jpg,Percée,0.75,0.019057772362676414
istockphoto-535407036-612x612_jpg.rf.deHNtwsSmUy4MeSF4Lz6.jpg,Semi-cerclée,0.8,0.09857574951804826
istockphoto-535407036-612x612_jpg.rf.HSXyjJ5jUgdVoBVrGISy.jpg,Pleine,0.9,0.2826596069646676
istockphoto-535407036-612x612_jpg.rf.hW0USxlF6BXmjCyZYIAz.jpg,Pleine,0.9,0.19842417010597793
istockphoto-535407036-612x612_jpg.rf.KKG6luKQZWiYE9F1QBSx.jpg,Semi-cerclée,0.8,0.10771317488907438
istockphoto-535407036-612x612_jpg.rf.OJbo3uzCSbQ99AZHYtfC.jpg,Percée,0.75,0.047462060616542005
istockphoto-825337010-612x612_jpg.rf.6eR7at7Chhr5JLCqipqI.jpg,Percée,0.75,0.015749223896418568
istockphoto-825337010-612x612_jpg.rf.DsIjxVtvrXhm3udMvUc2.jpg,Semi-cerclée,0.8,0.11491805394244418
istockphoto-825337010-612x612_jpg.rf.FFevIyCXqS03J9jy8NzO.jpg,Percée,0.75,0.007725279106858054
istockphoto-825337010-612x612_jpg.rf.fobn9KsoNpRGMXkPTef9.jpg,Semi-cerclée,0.8,0.09022956326987681
istockphoto-825337010-612x612_jpg.rf.kOm4sDoF1nwHhO1TqtEt.jpg,Semi-cerclée,0.8,0.08855613425925926
istockphoto-825337010-612x612_jpg.rf.lbdfHotXbxpzd2JDluwr.jpg,Semi-cerclée,0.8,0.10651720542231491
istockphoto-825337010-612x612_jpg.rf.NTy9M1sYUrLoxcOG5YZl.jpg,Semi-cerclée,0.8,0.07711416302920615
istockphoto-825337010-612x612_jpg.rf.q9mjAo8yMs1rdZLayNAd.jpg,Percée,0.75,0.00902155887230514
istockphoto-825337010-612x612_jpg.rf.yOyLCMHBAFImje7iZUYS.jpg,Pleine,0.9,0.1479976124833016
istockphoto-842597194-170667a_jpg.rf.31KdgcKjVFBu3N77mtSg.jpg,Semi-cerclée,0.8,0.07108964492330555
istockphoto-842597194-170667a_jpg.rf.5LTU7GIB8wdI3veFRMNu.jpg,Semi-cerclée,0.8,0.06074761630317186
istockphoto-842597194-170667a_jpg.rf.A7VPLDLCEH7iC3Oq8Rl8.jpg,Semi-cerclée,0.8,0.07878825119823031
istockphoto-842597194-170667a_jpg.rf.ff17BDXYOgNvGXBud5VA.jpg,Semi-cerclée,0.8,0.0797573083287369
istockphoto-842597194-170667a_jpg.rf.PyKBHiGLtenJc9yOjrUb.jpg,Pleine,0.9,0.1417613949895155
istockphoto-842597194-170667a_jpg.rf.tGJ4mmvoOzvjwuY4ZEXL.jpg,Pleine,0.9,0.5740200007633879
istockphoto-842597194-170667a_jpg.rf.zrBvpcVk5CZzY9iXXpDj.jpg,Semi-cerclée,0.8,0.10304952271125632
k-uv400-11_jpg.rf.2xhDJCVndIHwx0jgtpWF.jpg,Pleine,0.9,0.2623415389150943
k-uv400-11_jpg.rf.tIKeC74Uz4M9BNZJlrIk.jpg,Pleine,0.9,0.26234522405660377
KateSpade-Eye-Jayla-0003_jpg.rf.cRGiRYM9l9BWxOBoX88a.jpg,Pleine,0.9,0.1578190928270042
KateSpade-Eye-Jayla-0003_jpg.rf.ECur7LRL3hwZEC3Fle7g.jpg,Pleine,0.9,0.1578190928270042
lost-your-glasses-here-are-tips-and-a-life-hack-to-find-lost-glasses_jpg.rf.CtnCq9faLQbkY5QX5bvV.jpg,Pleine,0.9,0.3502855977152183
lost-your-glasses-here-are-tips-and-a-life-hack-to-find-lost-glasses_jpg.rf.EuGS4VjZwsx1z30qiL1r.jpg,Pleine,0.9,0.5077825479233227
lost-your-glasses-here-are-tips-and-a-life-hack-to-find-lost-glasses_jpg.rf.hIXJxIcUtcOBdZn5Uw3T.jpg,Pleine,0.9,0.44240453879008096
lost-your-glasses-here-are-tips-and-a-life-hack-to-find-lost-glasses_jpg.rf.K1PwyoxDJIPY7BoK9lHs.jpg,Pleine,0.9,0.3139296629291149
lost-your-glasses-here-are-tips-and-a-life-hack-to-find-lost-glasses_jpg.rf.LDLUratrVItTL1d7Zaas.jpg,Percée,0.75,0.00775915184736652
lost-your-glasses-here-are-tips-and-a-life-hack-to-find-lost-glasses_jpg.rf.lGvfuGNfFJ1hsEMlXiOc.jpg,Percée,0.75,0.014248157021299342
lost-your-glasses-here-are-tips-and-a-life-hack-to-find-lost-glasses_jpg.rf.lu4bPevKfASfgIw7Phva.jpg,Pleine,0.9,0.4378159223300971
lost-your-glasses-here-are-tips-and-a-life-hack-to-find-lost-glasses_jpg.rf.pB6CjIPw19wJI6MWVO8r.jpg,Percée,0.75,0.01763610829876874
lost-your-glasses-here-are-tips-and-a-life-hack-to-find-lost-glasses_jpg.rf.T7bx5V8kIEU3DVRgQiGd.jpg,Pleine,0.9,0.48232078853046595
m_5aa98cf8077b97674aa6b5bf_jpg.rf.BCP7lNJ8g7js88zo2yqh.jpg,Pleine,0.9,0.25732421875
m_5aa98cf8077b97674aa6b5bf_jpg.rf.wu4vPpetIu5nCPIbQkFc.jpg,Pleine,0.9,0.25732421875
m_5bafdf3d03087c68dd2297c5_jpg.rf.Omx5miX69wfIt98DLsR5.jpg,Pleine,0.9,0.2162709497206704
m_5bafdf3d03087c68dd2297c5_jpg.rf.qsDRYy6Qx1tWedPFiSFw.jpg,Pleine,0.9,0.21626658519553071
m_5cdb5a567f617f5b3ce3cf3d_jpg.rf.ote2BUQiEeoiaiXqReB8.jpg,Pleine,0.9,0.45967116013071896
m_5cdb5a567f617f5b3ce3cf3d_jpg.rf.ZiVSShYoD33mzYUjJoQW.jpg,Pleine,0.9,0.4596813725490196
m_5cfaa3aaabe1ce90b73a030e_jpg.rf.SEZzYAknfNjYss4wefpc.jpg,Pleine,0.9,0.23803300233644858
m_5cfaa3aaabe1ce90b73a030e_jpg.rf.XqYxA0thR3JbJyQDsWFC.jpg,Pleine,0.9,0.23803300233644858
m_5e48ab6d10f00f81a1b75c72_jpg.rf.pRHRuZcSG5oOQSRcAG1o.jpg,Pleine,0.9,0.6009149398395722
m_5e48ab6d10f00f81a1b75c72_jpg.rf.Yt6WufQMo1OMryxjyppX.jpg,Pleine,0.9,0.6009024064171123
m_5ebd82c460fded92fb899b8a-jpg_aug_png_jpg.rf.3fpD8wWlIdVmelNgBhj6.jpg,Pleine,0.9,1.0
m_5ebd82c460fded92fb899b8a_jpg.rf.Jmj7i0Oxa2HmwaDpLOzz.jpg,Pleine,0.9,0.2433127866972477
m_5f3403f267bd919ade027360_jpg.rf.3vyvpnLZN0WwHvUi2KJx.jpg,Pleine,0.9,0.29176053779069766
m_5f3403f267bd919ade027360_jpg.rf.FQUKtov5Q30RjukKmC0U.jpg,Pleine,0.9,0.29176053779069766
m_5f78d6a8cb692ce944350ea4-jpg_cloud_affine_aug_png_jpg.rf.0MPCv7u0wx3KjqG7QxqS.jpg,Pleine,0.9,0.1645343513946568
m_5f78d6a8cb692ce944350ea4-jpg_dropout_aug_png_jpg.rf.cxbd8Capyd46foDTbkIr.jpg,Pleine,0.9,0.2569288704492786
m_5f78d6a8cb692ce944350ea4-jpg_shear_aug_png_jpg.rf.rx75OXAUQgt3NvRtm87X.jpg,Pleine,0.9,0.2745090501713382
m_5f78d6a8cb692ce944350ea4_jpg.rf.ndiWS1cY4WlBqPYZa3xA.jpg,Pleine,0.9,0.2728749157320586
m_5f78d6a8cb692ce944350ea4_jpg.rf.TfFboqtJzhPHNtVLcK0e.jpg,Pleine,0.9,0.2728800228800229
mainoptics-round-sun_jpg.rf.2FcQRGte6OFzaVEo7PyK.jpg,Percée,0.75,0.0
mainoptics-round-sun_jpg.rf.dBoDCMMKV2dBsihd5V2h.jpg,Percée,0.75,0.0
mainoptics-round-sun_jpg.rf.DC681MtxXtHkLvOZ70Q8.jpg,Percée,0.75,0.0
mainoptics-round-sun_jpg.rf.ebFoomIx26qx7We6hO0C.jpg,Pleine,0.9,0.15539008246527777
mainoptics-round-sun_jpg.rf.kZtJRzAcSK6qe2xwjTWJ.jpg,Percée,0.75,0.0006921966037547931
mainoptics-round-sun_jpg.rf.lRPvy5S7Bamo1fPsfL7Y.jpg,Semi-cerclée,0.8,0.06219317739525657
mainoptics-round-sun_jpg.rf.Y0t1Zw83SrVL2AaRGmyv.jpg,Pleine,0.9,0.5209751148668659
mainoptics-round-sun_jpg.rf.ZEefvj1x3kFR4XzwMbh2.jpg,Pleine,0.9,0.45011592652042093
mainoptics-round-sun_jpg.rf.ZzETjKtA7yFafNmyG09H.jpg,Pleine,0.9,0.3378961038961039
manish_arora_eyeglasses_with_blue_filter_lenses_no_grade_1559307375_2d19a9b9_progressive_jpg.rf.e4xx9IDBXF45y91y17kO.jpg,Pleine,0.9,0.24578640089638498
manish_arora_eyeglasses_with_blue_filter_lenses_no_grade_1559307375_2d19a9b9_progressive_jpg.rf.rGeF0fe4vvNhK9QcS931.jpg,Pleine,0.9,0.24579229816594916
Maui-Jim-Cruzem-1_jpg.rf.DiGOLDClYe6BAR8EVLYK.jpg,Pleine,0.9,0.40946133005854757
Maui-Jim-Cruzem-1_jpg.rf.FHlSWFJ1Zqza7LB8DcDY.jpg,Pleine,0.9,0.20011496455259628
Maui-Jim-Cruzem-1_jpg.rf.mca53lnoTHPCbKklo7ex.jpg,Pleine,0.9,0.13624919847457054
Maui-Jim-Cruzem-1_jpg.rf.Pp8vcYgddswWWxjLvDT4.jpg,Pleine,0.9,0.14399831368387386
Maui-Jim-Cruzem-1_jpg.rf.xheLrMIWD0GQY58SlaqJ.jpg,Pleine,0.9,0.12276572010786027
maxresdefault_jpg.rf.5scmHAUYCGVdQ3yEuxBq.jpg,Pleine,0.9,0.31728738584474886
maxresdefault_jpg.rf.DhTcAD5cJkPxFll0BkSQ.jpg,Pleine,0.9,0.44845005740528127
maxresdefault_jpg.rf.f5QL8uBWlLOFuQjIbQuJ.jpg,Pleine,0.9,0.33418586231931885
maxresdefault_jpg.rf.zibrlREc5JctYNMnbt2M.jpg,Pleine,0.9,0.3172802511415525
MAYBACH-6-731x411_jpg.rf.EAQzhzQuTm5z26iCgrsD.jpg,Pleine,0.9,0.922527703608071
MAYBACH-6-731x411_jpg.rf.wyBk2ThKehYRkduOtavN.jpg,Pleine,0.9,0.9225179229873928
Maybach-Eyewear-Luxury-Aviator-Sunglasse-The-Monarch-Special-jpg_aug_png_jpg.rf.SiUdTt2s4FGWI6uY47Ou.jpg,Pleine,0.9,1.0
Maybach-Eyewear-Luxury-Aviator-Sunglasse-The-Monarch-Special_jpg.rf.2ITMjsZHlB7LbdfSawFp.jpg,Pleine,0.9,0.5662019230769231
Maybach-Eyewear-Luxury-Aviator-Sunglasse-The-Monarch-Special_jpg.rf.hpgBJfTBkXT4f1CiWxaG.jpg,Pleine,0.9,0.5661971153846154
Maybach-Eyewear-THE-OBSERVER-II-CHG-WI-Z57_jpg.rf.eDlh1PMofLBpatBGqFWN.jpg,Percée,0.75,0.017708333333333333
Maybach-Eyewear-THE-OBSERVER-II-CHG-WI-Z57_jpg.rf.gInJ8uTUbnbSkmH4lWhu.jpg,Percée,0.75,0.017703125
maybach-replica-sunglasses-designers-village-783999_jpg.rf.BPto0877T0WsBCfp8haI.jpg,Pleine,0.9,0.30954720954720955
maybach-replica-sunglasses-designers-village-783999_jpg.rf.Nqt1zAJXE4Q5BM9sZwL3.jpg,Pleine,0.9,0.30954720954720955
maybach-the-premier-i-1_min_jpg.rf.eeDj1QyAmuvaqAMWpNKc.jpg,Semi-cerclée,0.8,0.05429978287841191
Mens-Maybach-Sunglasses-The-Observer-2-CHG-HAX-Z58-jpg_aug_png_jpg.rf.fByELamgGge2kjp06RCU.jpg,Pleine,0.9,0.9895068341516622
Mens-Maybach-Sunglasses-The-Observer-2-CHG-HAX-Z58_jpg.rf.tGalKH7U4mL91knKx2Kf.jpg,Pleine,0.9,0.20177482578397213
Mens-Maybach-Sunglasses-The-Observer-2-CHG-HAX-Z58_jpg.rf.XqvKaNb66dLPjwAlG1W2.jpg,Pleine,0.9,0.20177482578397213
minimal-office-desk-table-top-view-with-keyboard-computer-mouse-glasses-coffee-cup-on-a-white-table-with-copy-space-white-color-workplace-composition-flat-lay-free-photo_jpg.rf.at4x8p20D9nJ1ySYn3wQ.jpg,Pleine,0.9,0.1558405524555292
minimal-office-desk-table-top-view-with-keyboard-computer-mouse-glasses-coffee-cup-on-a-white-table-with-copy-space-white-color-workplace-composition-flat-lay-free-photo_jpg.rf.AZlcynFprgPZxeAceHlS.jpg,Pleine,0.9,0.1590772590772591
minimal-office-desk-table-top-view-with-keyboard-computer-mouse-glasses-coffee-cup-on-a-white-table-with-copy-space-white-color-workplace-composition-flat-lay-free-photo_jpg.rf.b5R8njvq23rdTqEcGsot.jpg,Pleine,0.9,0.13142665837677556
minimal-office-desk-table-top-view-with-keyboard-computer-mouse-glasses-coffee-cup-on-a-white-table-with-copy-space-white-color-workplace-composition-flat-lay-free-photo_jpg.rf.D5D6xe6Td1FvpMMYuP62.jpg,Pleine,0.9,0.14263151957281991
minimal-office-desk-table-top-view-with-keyboard-computer-mouse-glasses-coffee-cup-on-a-white-table-with-copy-space-white-color-workplace-composition-flat-lay-free-photo_jpg.rf.Mg3jNARt9qYnpCPvcOk5.jpg,Pleine,0.9,0.18450337216431636
minimal-office-desk-table-top-view-with-keyboard-computer-mouse-glasses-coffee-cup-on-a-white-table-with-copy-space-white-color-workplace-composition-flat-lay-free-photo_jpg.rf.PhMw7f5SpvPwHvh0dqgS.jpg,Pleine,0.9,0.20364153283126152
minimal-office-desk-table-top-view-with-keyboard-computer-mouse-glasses-coffee-cup-on-a-white-table-with-copy-space-white-color-workplace-composition-flat-lay-free-photo_jpg.rf.SAMJQoBmriVkLhutObLX.jpg,Pleine,0.9,0.138717397336293
minimal-office-desk-table-top-view-with-keyboard-computer-mouse-glasses-coffee-cup-on-a-white-table-with-copy-space-white-color-workplace-composition-flat-lay-free-photo_jpg.rf.sXnfyIBlSQC9eB8YcJPW.jpg,Percée,0.75,0.02392665474060823
minimal-office-desk-table-top-view-with-keyboard-computer-mouse-glasses-coffee-cup-on-a-white-table-with-copy-space-white-color-workplace-composition-flat-lay-free-photo_jpg.rf.xzCCgsKqfKZLeaeM50IY.jpg,Pleine,0.9,0.12793798143393245
navarro-sunglasses_jpg.rf.7YOj0DSa4u3x331F4FRc.jpg,Pleine,0.9,0.18864729391045182
navarro-sunglasses_jpg.rf.APndSxdQ5s8gKzzvzfqq.jpg,Pleine,0.9,0.45259704674609075
navarro-sunglasses_jpg.rf.bPunP6wvjBVoikRSn4Y7.jpg,Pleine,0.9,0.29552373581011354
navarro-sunglasses_jpg.rf.pyKIyFavowN54TmKJsm4.jpg,Pleine,0.9,0.4523449705085286
navarro-sunglasses_jpg.rf.PzYLEbs0fyXlOPiXJXvQ.jpg,Pleine,0.9,0.37572956509420596
navarro-sunglasses_jpg.rf.qGNGbzhOXgkVLC6dk84m.jpg,Pleine,0.9,0.37416682536659684
navarro-sunglasses_jpg.rf.SMEiU6SicVx6bTnzJzmo.jpg,Pleine,0.9,0.47245495495495493
Nayanam-Opticals-Eye-Clinic-Best-Optical-Shop-in-Kannur_jpg.rf.DQg2eQXJwb5we1JlfWtF.jpg,Semi-cerclée,0.8,0.08464289952364
Nayanam-Opticals-Eye-Clinic-Best-Optical-Shop-in-Kannur_jpg.rf.fQYYlIwmrufOWBtSReD7.jpg,Pleine,0.9,0.35902269059960873
Nayanam-Opticals-Eye-Clinic-Best-Optical-Shop-in-Kannur_jpg.rf.iJsSv5QJrGJJWHsAirf6.jpg,Pleine,0.9,0.2762457916784457
Nayanam-Opticals-Eye-Clinic-Best-Optical-Shop-in-Kannur_jpg.rf.MHfIisevtxHdZ3pW2S2X.jpg,Percée,0.75,0.04391310481026943
Nayanam-Opticals-Eye-Clinic-Best-Optical-Shop-in-Kannur_jpg.rf.RU2c1NHebFXmryR5qFkS.jpg,Percée,0.75,0.03574663561076605
Nayanam-Opticals-Eye-Clinic-Best-Optical-Shop-in-Kannur_jpg.rf.V9mfk2h24ESxKeFrO8Sb.jpg,Semi-cerclée,0.8,0.08910984848484849
Nayanam-Opticals-Eye-Clinic-Best-Optical-Shop-in-Kannur_jpg.rf.xWIhYWGnSHiKiuA0aTA8.jpg,Pleine,0.9,0.24025563070050257
No-MOQ-Ready-Stock-Optical-Square-Glasses-Frames_jpg.rf.6HFRp4cUDikCntMPe0x7.jpg,Pleine,0.9,0.2624184326311986
No-MOQ-Ready-Stock-Optical-Square-Glasses-Frames_jpg.rf.fukcdfm0AncQIKQWbmKo.jpg,Pleine,0.9,0.32570392749244714
No-MOQ-Ready-Stock-Optical-Square-Glasses-Frames_jpg.rf.rCCgL2MlpfJ8lwZYM3G1.jpg,Pleine,0.9,0.24132612387785518
No-MOQ-Ready-Stock-Optical-Square-Glasses-Frames_jpg.rf.UthUJPeayrnOb0IPZV41.jpg,Pleine,0.9,0.24896265560165975
No-MOQ-Ready-Stock-Optical-Square-Glasses-Frames_jpg.rf.W0ToiMYAkix3ngLkubBw.jpg,Pleine,0.9,0.2812115033346077
No-MOQ-Ready-Stock-Optical-Square-Glasses-Frames_jpg.rf.WpCXnIuhIpxWqKyuW9SC.jpg,Pleine,0.9,0.12415320479416363
No-MOQ-Ready-Stock-Optical-Square-Glasses-Frames_jpg.rf.y6SIiERRxeOXtkHjRN6k.jpg,Pleine,0.9,0.2080357142857143
OP_HP_SS2022_Eyeglasses_D_jpg.rf.5QfDMF0vbyck4Hi9vSo5.jpg,Pleine,0.9,0.8264156879194631
OP_HP_SS2022_Eyeglasses_D_jpg.rf.AdHDJzDOkcAZ6aioqfxY.jpg,Pleine,0.9,0.708757558404752
OP_HP_SS2022_Eyeglasses_D_jpg.rf.e8d2zJGx0b483VDlwD19.jpg,Pleine,0.9,0.7198966456417567
OP_HP_SS2022_Eyeglasses_D_jpg.rf.HpFUFH5buHuEuDqb7kxS.jpg,Pleine,0.9,0.19820960450601804
OP_HP_SS2022_Eyeglasses_D_jpg.rf.JmoUfVYx9gVCDe1ZVfgB.jpg,Semi-cerclée,0.8,0.11955219519322083
OP_HP_SS2022_Eyeglasses_D_jpg.rf.jMW8SjSZzT0U5cXFUJ99.jpg,Pleine,0.9,0.7313949257177274
OP_HP_SS2022_Eyeglasses_D_jpg.rf.m4QJNTdmadi04IJ8lp2Z.jpg,Pleine,0.9,0.14404018666658674
P8_jpg.rf.mSOasH7aOJCa58JV4DMu.jpg,Semi-cerclée,0.8,0.08225308641975308
pair-of-reading-glasses-on-a-table_jpg.rf.BgcpGLQbkGmx4ruVUs9t.jpg,Pleine,0.9,0.5558302733578131
pair-of-reading-glasses-on-a-table_jpg.rf.Q1a2yBm8hKY87IH21Cun.jpg,Semi-cerclée,0.8,0.05088916459884202
pair-of-reading-glasses-on-a-table_jpg.rf.qBqQuUrdaj3OQFy3mxUu.jpg,Semi-cerclée,0.8,0.0660901467505241
pair-of-reading-glasses-on-a-table_jpg.rf.T1wRkmy0YtyYe49oMmYc.jpg,Pleine,0.9,0.21712359406952966
pair-of-reading-glasses-on-a-table_jpg.rf.TmxZpCo95OOjp3LWpSo8.jpg,Pleine,0.9,0.18268935573001185
pair-of-reading-glasses-on-a-table_jpg.rf.TrYIM81kuaqrxGxGDKPw.jpg,Semi-cerclée,0.8,0.06919618177127483
pair-of-reading-glasses-on-a-table_jpg.rf.WduAcarnhEdYUga3cpB9.jpg,Pleine,0.9,0.4780526336069048
pair-of-reading-glasses-on-a-table_jpg.rf.zutIJIJ49qMy4bEa7o2N.jpg,Pleine,0.9,0.23937118126272913
picking-out-the-right-glasses-for-your-face-04_jpg.rf.4drc1sMeqjp2crPA0MP3.jpg,Pleine,0.9,0.14684335272570567
picking-out-the-right-glasses-for-your-face-04_jpg.rf.4UM07piSTVlrlKzLMgvv.jpg,Pleine,0.9,0.2135678391959799
picking-out-the-right-glasses-for-your-face-04_jpg.rf.CFmUrBodxS5yK9UMKgQj.jpg,Pleine,0.9,0.4316902609585536
picking-out-the-right-glasses-for-your-face-04_jpg.rf.E4ehV4fRr3dhPsn5rDt9.jpg,Pleine,0.9,0.25149782135076254
picking-out-the-right-glasses-for-your-face-04_jpg.rf.qpUPeYcvN7DVIwqw4U9N.jpg,Pleine,0.9,0.18806346916696717
picking-out-the-right-glasses-for-your-face-04_jpg.rf.rWyWpEjli1Q6zd5Bw0cn.jpg,Pleine,0.9,0.2342144978336011
Progressive-Lenses-1024x576_jpg.rf.dFfx4pfbbrrSeIzCfxKt.jpg,Pleine,0.9,0.3931114783653846
Progressive-Lenses-1024x576_jpg.rf.yqaPvU4Ien2Ps4BK8C7c.jpg,Pleine,0.9,0.3931114783653846
Progressive-Lenses_jpg.rf.9WJqeUOLRF6QNqoGqC0v.jpg,Pleine,0.9,0.3992945995145631
Progressive-Lenses_jpg.rf.banVQKj2DpjXIbaUoA4T.jpg,Pleine,0.9,0.3992945995145631
rBVaV1zmRi2AHEGbAAKJLcm71mo099-jpg_aug_png_jpg.rf.YuDaIA0kfcmK9lHU0Z6V.jpg,Pleine,0.9,0.26350325379609546
rBVaV1zmRi2AHEGbAAKJLcm71mo099_jpg.rf.DoWjWcdWVr6L4RD1TGjb.jpg,Semi-cerclée,0.8,0.09224609375
rBVaV1zmRi2AHEGbAAKJLcm71mo099_jpg.rf.mbRI63qVWpjCCCU0SZbd.jpg,Semi-cerclée,0.8,0.09224609375
rBVaVF3JIOiADOqTAAI333BgS2g291_jpg.rf.DQjstedtWiLZQQt0FaQO.jpg,Pleine,0.9,0.35260087025316456
rBVaVF3JIOiADOqTAAI333BgS2g291_jpg.rf.GuZCNtawlL2nlG16FXk1.jpg,Pleine,0.9,0.35260087025316456
rBVaVFzmRjiAbr6jAAKObGwyV0E072-jpg_aug_png_jpg.rf.Z7gnVYgYsM3oCX9IDdmk.jpg,Pleine,0.9,0.362360987544484
rBVaVFzmRjiAbr6jAAKObGwyV0E072_jpg.rf.LeoFMCfHFxWGiDxm7YCp.jpg,Semi-cerclée,0.8,0.10134747706422019
rBVaVFzmRjiAbr6jAAKObGwyV0E072_jpg.rf.yRAucHTwbcjKraZwwgYJ.jpg,Semi-cerclée,0.8,0.10134747706422019
rBVaVVzmQsCAQqAaAAFS6j05jmQ952_jpg.rf.JfsiTIoad7bUhhpk7yZ6.jpg,Pleine,0.9,0.284750306372549
rBVaVVzmQsCAQqAaAAFS6j05jmQ952_jpg.rf.lLI37E4pSvZ8QeJ7jREf.jpg,Pleine,0.9,0.2847579656862745
rBVaWFzmRnSAIrS4AAGDJ4PW8FM806_jpg.rf.E2WRaYrRAaUCLwEfeaMg.jpg,Pleine,0.9,0.24689321095571096
rBVaWFzmRnSAIrS4AAGDJ4PW8FM806_jpg.rf.YZOohD0ZGN4fb6KcN59R.jpg,Pleine,0.9,0.24688956876456877
reading-eyeglasses-book-eyewear_jpg.rf.55yRBBXRxJTfhWTRKuxL.jpg,Pleine,0.9,0.5702724358974359
reading-eyeglasses-book-eyewear_jpg.rf.FpDRlfoMPnkaWBqQBVer.jpg,Pleine,0.9,0.5255104713021227
reading-eyeglasses-book-eyewear_jpg.rf.gNQGWLQqttZsIJ0VnSH2.jpg,Pleine,0.9,0.6410141283524904
reading-eyeglasses-book-eyewear_jpg.rf.ih5Jw6zeLbtz3TK3PN68.jpg,Pleine,0.9,0.5789872073300255
reading-eyeglasses-book-eyewear_jpg.rf.KwhKvFeD0Tvk0GAsgSOy.jpg,Pleine,0.9,0.5218675059952038
reading-eyeglasses-book-eyewear_jpg.rf.MfCMx39yPm41pFEvzGt6.jpg,Pleine,0.9,0.5435742811501597
reading-eyeglasses-book-eyewear_jpg.rf.wzgrtUaPykuorzKrNxKN.jpg,Pleine,0.9,0.5487442507389084
reading-eyeglasses-book-eyewear_jpg.rf.ZfacEeXFghfEnBPp4SXk.jpg,Pleine,0.9,0.5727249078027208
reading-eyeglasses-book-eyewear_jpg.rf.ZQx4OmZG1xPb9O8tFiW4.jpg,Pleine,0.9,0.6043827098211116
Redex-Rectangle-Spectacle-Frame-Blue-SDL523019202-1-32586_jpeg_jpg.rf.BsGGZn5bwbBcUnqsiCVA.jpg,Pleine,0.9,0.21678559633302977
Redex-Rectangle-Spectacle-Frame-Blue-SDL523019202-1-32586_jpeg_jpg.rf.pzKcWKNNIUpdLryA0im6.jpg,Pleine,0.9,0.2172879785712847
reflection-of-building-on-sunglasses-FETGFN_jpg.rf.cgnRAHMvSCJACG7UTyRb.jpg,Pleine,0.9,0.17136726408249586
reflection-of-building-on-sunglasses-FETGFN_jpg.rf.oX2R31AVLqRxrTAM1OkI.jpg,Pleine,0.9,0.17136726408249586
round-face-transparent-glasses-660x440-compressor_jpg.rf.5uqUngwhNC2UDMVZvPP5.jpg,Percée,0.75,3.715170278637771e-05
round-face-transparent-glasses-660x440-compressor_jpg.rf.a7O9SlfRfDYFNapiOpVf.jpg,Percée,0.75,0.0
round-face-transparent-glasses-660x440-compressor_jpg.rf.BXJEqyADdXmfuaifQr61.jpg,Percée,0.75,0.0
round-face-transparent-glasses-660x440-compressor_jpg.rf.C4RuDFEZf3gk8usggZ0a.jpg,Pleine,0.9,0.16227165435139573
round-face-transparent-glasses-660x440-compressor_jpg.rf.lHhgOzQ6rqm2M9suZ0Hu.jpg,Semi-cerclée,0.8,0.07682036860091045
round-face-transparent-glasses-660x440-compressor_jpg.rf.oDaNvmkAYeAibYfb6eWg.jpg,Percée,0.75,0.00072611352165058
round-face-transparent-glasses-660x440-compressor_jpg.rf.skFlWSdWzAkbOMl9UxQZ.jpg,Percée,0.75,0.03786330020255311
round-face-transparent-glasses-660x440-compressor_jpg.rf.tQCPIPwrPseFIRWcgZiW.jpg,Semi-cerclée,0.8,0.10083272224729242
round-face-transparent-glasses-660x440-compressor_jpg.rf.WuJjB3lz5CpFH4eGyU4T.jpg,Semi-cerclée,0.8,0.09708001516875236
rubber-reading-eye-glasses-frame-250x250_jpg.rf.kc9du3zoEbCULyPMbDNl.jpg,Pleine,0.9,0.12179188356253075
s-l160010_jpg.rf.MbqYNwk55Qv6rK9MlNMy.jpg,Pleine,0.9,0.3091499813456038
s-l160010_jpg.rf.WFWYJTJYc9tiHXyqj8Zh.jpg,Pleine,0.9,0.3091499813456038
s-l16003_jpg.rf.ANEJPicLo9mKOGFryZQE.jpg,Pleine,0.9,0.507262323943662
s-l16003_jpg.rf.LgavJU6vTilNUapmTcP0.jpg,Pleine,0.9,0.507262323943662
s-l16003_jpg.rf.RBFMxzMgmDMVvH8juvQ7.jpg,Pleine,0.9,0.8032700421940928
s-l16003_jpg.rf.zDFyiNkYPJW8t0RC9gGP.jpg,Pleine,0.9,0.8035689062573568
s-l16005-jpg_aug_png_jpg.rf.fizPZpsaKGNl16OZibIm.jpg,Percée,0.75,0.0420002942227266
s-l16005_jpg.rf.NLa9LJsdMv5cPgBNP2HZ.jpg,Semi-cerclée,0.8,0.10498263888888888
s-l16005_jpg.rf.VdxPlXuNrSS0JyMrHVUj.jpg,Semi-cerclée,0.8,0.10498842592592593
s-l16006-jpg_aug_png_jpg.rf.UqS0FSwpbGd54DFkWMuy.jpg,Pleine,0.9,0.4807384838998211
s-l16006_jpg.rf.eecz4sX6mjmnhuZ3uEFi.jpg,Pleine,0.9,0.4173117444826439
s-l16006_jpg.rf.G8TqzycFEoKAtID9vyyk.jpg,Pleine,0.9,0.4173172895641566
s-l16007_jpg.rf.HyROlutH8QRsoDkzR9Ei.jpg,Pleine,0.9,0.3829256221719457
s-l16007_jpg.rf.mwxl5kyPGrD1hMv42pxi.jpg,Pleine,0.9,0.3962171052631579
s-l16008_jpg.rf.sm0P2U0zJUju5zdWBxNq.jpg,Pleine,0.9,0.352963620230701
s-l16008_jpg.rf.TaclWilSMlw2XNTBEEUw.jpg,Pleine,0.9,0.352963620230701
s-l16009_jpg.rf.6EOjcooGjzsfbVDvtkET.jpg,Pleine,0.9,0.6538793103448276
s-l16009_jpg.rf.7R2OtWZwmkIbCnnUxIMX.jpg,Pleine,0.9,0.6538947044334975
s-l1600_jpg.rf.iVNS9ijrDKdeXKUyk2WM.jpg,Pleine,0.9,0.13456960450143374
s-l1600_jpg.rf.J6WSH4UOed3jpMuKgTSG.jpg,Pleine,0.9,0.2273799189814815
s-l1600_jpg.rf.yEM6pRysdNqnePeRGnyf.jpg,Pleine,0.9,0.13457636747281285
s-l1600_jpg.rf.YJq1i9uG4p5JbAPZ6ubF.jpg,Pleine,0.9,0.2273654513888889
s-l225_jpg.rf.knHgaad7d8Y4lJrfDYqI.jpg,Pleine,0.9,0.4036852589641434
s-l225_jpg.rf.WhcvgMaU7uCApQwxPvUe.jpg,Pleine,0.9,0.4036852589641434
s-l30016_jpg.rf.koY4HjgQR2kCq93TxWBN.jpg,Pleine,0.9,0.32568581500226473
s-l30016_jpg.rf.uM6JFOHJo8lIEiUV2suO.jpg,Pleine,0.9,0.3269329035808341
s-l30020_jpg.rf.4UWvKTMvXrN5OMCtRmIc.jpg,Percée,0.75,0.0009350163627863488
s-l30020_jpg.rf.lWsCKa20ylzzN5QKT2Ys.jpg,Percée,0.75,0.0009350163627863488
s-l3002_jpg.rf.4ko8WS22QwNF3sOGDzBE.jpg,Semi-cerclée,0.8,0.08723265153637808
s-l3002_jpg.rf.A6vuB5nIt3wbEL71pmDD.jpg,Semi-cerclée,0.8,0.08723265153637808
s-l3002_jpg.rf.jWunggSkEWSPoEGTCAk1.jpg,Percée,0.75,0.008643728956228957
s-l3002_jpg.rf.kRVSsAU7GbbVCPtuvBvP.jpg,Pleine,0.9,0.49192811264822134
s-l3002_jpg.rf.UwFulS0grwprvjgUFLHh.jpg,Percée,0.75,0.008643728956228957
s-l3002_jpg.rf.vuCSEIRVy7sPNPpgw2be.jpg,Pleine,0.9,0.49192811264822134
s-l3003_jpg.rf.lSXVg6ohHBBLn7hXryih.jpg,Semi-cerclée,0.8,0.0709180216802168
s-l3003_jpg.rf.NYNGm9O5WtWwibJzznsV.jpg,Pleine,0.9,0.15043555443290216
s-l3003_jpg.rf.xuf40O55PvoJGjiHDGZv.jpg,Semi-cerclée,0.8,0.0709180216802168
s-l3003_jpg.rf.ZjBr0mjOTwCsrmm7wQMJ.jpg,Pleine,0.9,0.15043555443290216
s-l3004_jpg.rf.7xOoJBC1EgrRlGZa6wCA.jpg,Semi-cerclée,0.8,0.05843959030100335
s-l3004_jpg.rf.pGqn9r5b6lihnwnqZ4OL.jpg,Pleine,0.9,0.3576110444177671
s-l3004_jpg.rf.rN9WWJ9oaW2dLDOlyPVR.jpg,Pleine,0.9,0.35762304921968785
s-l3005_jpg.rf.0MY4tMeyKLXQkjM6b5Vn.jpg,Semi-cerclée,0.8,0.09397432625844604
s-l3005_jpg.rf.CZjUp1U0Rhis1E19VKfw.jpg,Pleine,0.9,0.24316609717476456
s-l3005_jpg.rf.rvOOJeWvKwoACd8eIBgK.jpg,Semi-cerclée,0.8,0.09397432625844604
s-l3005_jpg.rf.UgWma41FxNMOefw0y2r6.jpg,Pleine,0.9,0.24243053392850963
s-l3006_jpg.rf.PwFVivmo86mKlwnTOHVM.jpg,Pleine,0.9,0.2566912091522214
s-l3006_jpg.rf.pYdVVLVhkylAsuXqORdR.jpg,Pleine,0.9,0.2566912091522214
s-l3007_jpg.rf.bZ3nrbQMs85TjN2eKh2O.jpg,Pleine,0.9,0.22756460970464135
s-l3009_jpg.rf.pUdd9MXeO9xpWzdQAiM9.jpg,Pleine,0.9,0.5498669226406039
s-l3009_jpg.rf.u6wkfGQIEVUpBgGkIest.jpg,Pleine,0.9,0.5498756490248266
s-l300_jpg.rf.A6nuDRWSOwCyZR5slIVr.jpg,Pleine,0.9,0.5136342083710504
s-l300_jpg.rf.eIBs1w4Pc8AwieTiUgjF.jpg,Pleine,0.9,0.5136342083710504
s-l300_jpg.rf.to3jq96VB7fqLadbyz70.jpg,Pleine,0.9,0.239443359375
s-l300_jpg.rf.X2vL0aIabSTsrEBH2Qf4.jpg,Pleine,0.9,0.3400175460584033
s-l40010_jpg.rf.Ek0cuXIAjnL09xHXrwPt.jpg,Pleine,0.9,0.23357438016528925
s-l40010_jpg.rf.z8bKzXEGw2lC41wbQYbr.jpg,Pleine,0.9,0.23357438016528925
s-l40011_jpg.rf.yMrK4OC1DQbYDHBm3UJk.jpg,Pleine,0.9,0.2703807043650794
s-l4002_jpg.rf.3bB9WH04oezMeKm74bUJ.jpg,Pleine,0.9,0.721802555693769
s-l4002_jpg.rf.JAAPHIbNmu9gqIhHZtGv.jpg,Semi-cerclée,0.8,0.07314268867924528
s-l4002_jpg.rf.LKKLlUsjrFL6EO5LyktN.jpg,Semi-cerclée,0.8,0.07314268867924528
s-l4003_jpg.rf.BoI0755lM4E0naKrMQie.jpg,Pleine,0.9,0.15349369988545247
s-l4003_jpg.rf.NBhFcR9LALZ3AegTKZ0J.jpg,Pleine,0.9,0.24989163586498223
s-l4003_jpg.rf.pyV8BAM8GNNJcxrXOMcL.jpg,Pleine,0.9,0.24989163586498223
s-l4003_jpg.rf.rSmJEEtyQdzzxDqCSyyG.jpg,Pleine,0.9,0.15349369988545247
s-l4004_jpg.rf.7Qfdoajoz9TaIrYkfpah.jpg,Percée,0.75,0.04863685728195334
s-l4004_jpg.rf.Bjx9qA4PkCsceJnaQg9z.jpg,Pleine,0.9,0.21632663106342137
s-l4004_jpg.rf.gwR5WsqyXqC5tN5AihTI.jpg,Pleine,0.9,0.21632663106342137
s-l4004_jpg.rf.xxBhpSLo29FEqg9beqYZ.jpg,Percée,0.75,0.04863685728195334
s-l4005_jpg.rf.9UzD9LNwc2S5fwmCrzyd.jpg,Percée,0.75,0.00888728323699422
s-l4005_jpg.rf.jxGpgHHiOPsppAzS5yia.jpg,Percée,0.75,0.008896315028901734
s-l4005_jpg.rf.yuBCx07Ft21rA3I3afQ9.jpg,Pleine,0.9,0.2148014440433213
s-l4006_jpg.rf.2yRURIDKJccTYmhmmU2v.jpg,Pleine,0.9,0.42204192476883023
s-l4006_jpg.rf.kZ7Vh9uVUvKt7hF2dQEr.jpg,Pleine,0.9,0.28794540125475376
s-l4006_jpg.rf.Oes0PEsmsojGCbORKdRW.jpg,Pleine,0.9,0.42203070293563155
s-l4006_jpg.rf.x8lLTX0v3OyklBo6Zu5a.jpg,Pleine,0.9,0.28794540125475376
s-l4007_jpg.rf.AHqLv6Zl7ACUGs3prBfz.jpg,Pleine,0.9,0.25559239087536506
s-l4007_jpg.rf.arUCWEQw0hcMyALkpNPq.jpg,Pleine,0.9,0.29927884615384615
s-l4007_jpg.rf.HMdLmAmrKGVEuVKn8iah.jpg,Pleine,0.9,0.25559239087536506
s-l4008_jpg.rf.546oKXDkxr9WyT33RtLp.jpg,Pleine,0.9,0.3956912878787879
s-l4008_jpg.rf.AmoUCMgNvf3ejuELpnvD.jpg,Pleine,0.9,0.6039427211302212
s-l4008_jpg.rf.LF0LX3be7SFIV9sRqYTB.jpg,Pleine,0.9,0.3956912878787879
s-l4009-jpg_cloud_affine_aug_png_jpg.rf.hPtZoFfmC7bledr3aIxT.jpg,Percée,0.75,0.04865737936604078
s-l4009-jpg_dropout_aug_png_jpg.rf.ifjLiNXZaI1HnmedreYs.jpg,Pleine,0.9,0.18842136932135642
s-l4009-jpg_flip_aug_png_jpg.rf.yWLAsyXlV8fuFI7LjL3p.jpg,Pleine,0.9,0.16881930854533594
s-l4009-jpg_shear_aug_png_jpg.rf.y8biwPtFItOswxtXkwBl.jpg,Pleine,0.9,0.16793221229637414
s-l4009_jpg.rf.3PH1Vh3VZeOBeCjfXu59.jpg,Percée,0.75,0.047267259414225944
s-l4009_jpg.rf.bAAfMbtMxlGoHilirzyg.jpg,Pleine,0.9,0.31023244373385805
s-l4009_jpg.rf.EA6xjV8Sy79KbvJWOBKB.jpg,Pleine,0.9,0.31023244373385805
s-l4009_jpg.rf.JSzWyD5hxiAZr1MeczQt.jpg,Pleine,0.9,0.17328539671213328
s-l4009_jpg.rf.Nd6mieds0yVvB0vhbOQp.jpg,Percée,0.75,0.047267259414225944
s-l4009_jpg.rf.nqlK3V1EdM3QjGJpOuQy.jpg,Pleine,0.9,0.17328539671213328
s-l400_jpg.rf.OuhXo0ThQFfxnj4vQSdb.jpg,Pleine,0.9,0.2800095419847328
s-l400_jpg.rf.WcHqBBmsKsWYgmNErWON.jpg,Pleine,0.9,0.37801398202311315
s-l400_jpg.rf.wRqXeOrXwmwNkfVqw1Ux.jpg,Pleine,0.9,0.37803436398100404
s-l400_jpg.rf.YWGigDdCSFl8jf78Ry1f.jpg,Pleine,0.9,0.2800095419847328
s-l50010_jpg.rf.FBJPy5hLxXnvouGCDj1h.jpg,Pleine,0.9,0.34265288223881785
s-l50011_jpg.rf.bBUxjTj9m7ybpvzmvv0o.jpg,Pleine,0.9,0.3783577824347495
s-l50012_jpg.rf.g56GND704Ld6zuZ9QGtJ.jpg,Pleine,0.9,0.3058919601861268
s-l50012_jpg.rf.NZfTauAwFUsroo8F3lgb.jpg,Pleine,0.9,0.3058919601861268
s-l50013_jpg.rf.Et9S97C8DQRXSSEvjhX6.jpg,Pleine,0.9,0.4964264264264264
s-l50013_jpg.rf.r8k1zmAK1MiE2fg06PLv.jpg,Pleine,0.9,0.4964264264264264
s-l5002_jpg.rf.cHnSeOqgRISnysXiOUty.jpg,Pleine,0.9,0.28856872294372293
s-l5002_jpg.rf.DWwA1XODgVy746vd8Ge6.jpg,Pleine,0.9,0.22095128373930217
s-l5002_jpg.rf.fFTTX4G3pyw35CI8Luae.jpg,Pleine,0.9,0.28856872294372293
s-l5002_jpg.rf.h6tzcWafjIQBP86aSkPI.jpg,Pleine,0.9,0.22095128373930217
s-l5003_jpg.rf.iOh7BhBO35kpxcUEH70j.jpg,Pleine,0.9,0.2789852863029332
s-l5003_jpg.rf.j9OrejvrfWILvoTmcj1x.jpg,Pleine,0.9,0.21418863821690676
s-l5004_jpg.rf.6fo8cQZUdcUUhXycLzNi.jpg,Semi-cerclée,0.8,0.07763157894736843
s-l5004_jpg.rf.axpvWJORa06MFkIxiMov.jpg,Pleine,0.9,0.2480864037363778
s-l5004_jpg.rf.C66HQeQSpZ31yBs07HtS.jpg,Pleine,0.9,0.2479610066801305
s-l5004_jpg.rf.qfIO1mLGByUvWLLIBtAS.jpg,Semi-cerclée,0.8,0.07685461956521739
s-l5004_jpg.rf.uw2kRr4dboiBRJD9ltkR.jpg,Semi-cerclée,0.8,0.07685461956521739
s-l5004_jpg.rf.Y52Wgw9Xg8zldD6gmhxr.jpg,Semi-cerclée,0.8,0.08087691839485239
s-l5004_jpg.rf.YkhUUiQc9tTWO1ZJbOki.jpg,Pleine,0.9,0.2389938186813187
s-l5005_jpg.rf.6an3DCmd1kDOfDUr4Qn3.jpg,Pleine,0.9,0.4058163875598086
s-l5005_jpg.rf.9lxAbLkDR6VcVVuLFYjK.jpg,Pleine,0.9,0.5135799632352941
s-l5005_jpg.rf.B8rUlP1DoXc0xu4Gan0R.jpg,Pleine,0.9,0.5135799632352941
s-l5005_jpg.rf.uiV7OPZ22reDIRihSeAk.jpg,Pleine,0.9,0.40582386363636364
s-l5006_jpg.rf.fUKpBUx33vSxrVuhZwDM.jpg,Pleine,0.9,0.3136571158690176
s-l5006_jpg.rf.OyMJ0aZsTS9aZ0HcKr1j.jpg,Pleine,0.9,0.2068939393939394
s-l5006_jpg.rf.xeKLHKICi8cpApnz0P63.jpg,Pleine,0.9,0.20691919191919192
s-l5007_jpg.rf.5MSFbLLvJ5gXh8ljgZvp.jpg,Pleine,0.9,0.5183474824355971
s-l5007_jpg.rf.B1wrUZmKS1lxk2Zfk73M.jpg,Pleine,0.9,0.5901822916666667
s-l5007_jpg.rf.EgTDsT25hd6l1OwkZxG1.jpg,Pleine,0.9,0.5183474824355971
s-l5007_jpg.rf.YkAuA4vCzB7PJtovcRyj.jpg,Pleine,0.9,0.5901822916666667
s-l5008_jpg.rf.6z2ASJHw0VzTFEWlsI01.jpg,Pleine,0.9,0.36456328905993335
s-l5008_jpg.rf.h5hroSUsI4z6kr1Wvd7l.jpg,Pleine,0.9,0.6784958657587549
s-l5008_jpg.rf.H5rAiOltVZ3sGyL5F8YN.jpg,Pleine,0.9,0.678477626459144
s-l5008_jpg.rf.jsTLhxaamCXk2wPOY4hu.jpg,Pleine,0.9,0.36456328905993335
s-l5009_jpg.rf.SfhbYe7hxfXB9nMiQQyN.jpg,Pleine,0.9,0.2306531652360515
s-l500_jpg.rf.AAUyIMm4pVuYLkvHaWLZ.jpg,Pleine,0.9,0.26429717180244827
s-l500_jpg.rf.BUSx8kUTmq3q5kDyaY2B.jpg,Pleine,0.9,0.2485448883161512
s-l500_jpg.rf.fgLghSpW8K18WHPbDm07.jpg,Pleine,0.9,0.26427184466019416
s-l500_jpg.rf.HsWRMtsSIzYXjUfRjK2y.jpg,Pleine,0.9,0.24853951890034365
s-l6402_jpg.rf.6fHKtX4rfi1T6WSUSWX6.jpg,Pleine,0.9,0.5943886348718975
s-l6402_jpg.rf.KKMvclCMs0ktNID6izBU.jpg,Pleine,0.9,0.5944108845353714
s-l640_jpg.rf.svKjG5uFFfZzpEBkqjIw.jpg,Pleine,0.9,0.2788280798149219
s-l640_jpg.rf.XMjVu43fYc7MrBuut8Ql.jpg,Pleine,0.9,0.2788280798149219
s_5a931f678af1c53c07c3b9a0_jpg.rf.YUGaeMA2OFux0WsDF7ld.jpg,Pleine,0.9,0.2858168859649123
s_5bdc5ee55c4452f015642c13_jpg.rf.s2tBZmQBdxiHkGzCoTuL.jpg,Pleine,0.9,0.19632975260416666
s_5e48ab6d10f00f81a1b75c72_jpg.rf.9utE1QsbntLkaio0ulgB.jpg,Pleine,0.9,0.6392403017241379
s_5e48ab6d10f00f81a1b75c72_jpg.rf.migsvnA8KZGOdjBJE7gC.jpg,Pleine,0.9,0.6392403017241379
s_5e82241eb3e917b3b62a979d_jpg.rf.4f9l4urCCpOa1V6Qmm3K.jpg,Semi-cerclée,0.8,0.11027573529411765
s_5f4db6919c337859426a773b_jpg.rf.1NQ92tQ77XCM30rOKl33.jpg,Pleine,0.9,0.16739449786324787
s_5f4db6919c337859426a773b_jpg.rf.a1e8xDutycBLYGJ3etD1.jpg,Pleine,0.9,0.16738114316239316
s_5f6b58399e1559bc10cb9345_jpeg_jpg.rf.DZ2VojB5bLMsKqoLMvWQ.jpg,Pleine,0.9,0.1317626953125
s_5fd52def633cfc9271f31f25_jpg.rf.F6L7CayWjBXFRZEsibKe.jpg,Percée,0.75,0.04137919198160162
s_5fd52def633cfc9271f31f25_jpg.rf.JZxuABcjEmombW54QeSv.jpg,Percée,0.75,0.04137919198160162
s_600cf80ae13164edf68ac01b_jpg.rf.XZ1tGXRCEzOamcpGGXTK.jpg,Pleine,0.9,0.13
s_6140e55d67bd915ba9e82850_jpg.rf.Qb5tSiBg0W9ug4844gtU.jpg,Pleine,0.9,0.1498222748815166
s_6140e55d67bd915ba9e82850_jpg.rf.WBbyXIRcbNtGIFTmwYL0.jpg,Pleine,0.9,0.14981486966824645
s_6186ee4b3cda884999409391_jpg.rf.7GczMKaVPMXtYHkGQ3Cm.jpg,Pleine,0.9,0.12438675496688742
s_6186ee4b3cda884999409391_jpg.rf.d0xnSq8l9FN7TCqEmGee.jpg,Pleine,0.9,0.12438675496688742
s_630f91a97dfcc20848bcedaa_jpg.rf.4dnwVD1E7grjqGnMoNIQ.jpg,Pleine,0.9,0.3032859610552764
small_round_eyeglasses_never_used_1530435915_4cea0024_progressive_jpg.rf.EjSoYZuUNzqfx0idYyln.jpg,Pleine,0.9,0.6688985507246377
small_round_eyeglasses_never_used_1530435915_4cea0024_progressive_jpg.rf.j7CTTQfdHcMAvH2tQGxK.jpg,Pleine,0.9,0.2870738636363636
small_round_eyeglasses_never_used_1530435915_4cea0024_progressive_jpg.rf.KfzvvCbYj0KYWI7FbSvp.jpg,Pleine,0.9,0.2697061004060589
small_round_eyeglasses_never_used_1530435915_4cea0024_progressive_jpg.rf.pvcefeTWLYhMnw0tpq2R.jpg,Semi-cerclée,0.8,0.07155157930107527
small_round_eyeglasses_never_used_1530435915_4cea0024_progressive_jpg.rf.sX8M5nThJ3Yo6CFZdwZq.jpg,Percée,0.75,0.03439153439153439
small_round_eyeglasses_never_used_1530435915_4cea0024_progressive_jpg.rf.vR9diYSVepmwFTMVLoX6.jpg,Pleine,0.9,0.2469873046875
small_round_eyeglasses_never_used_1530435915_4cea0024_progressive_jpg.rf.vUEheRP18HKpP0CR5EWL.jpg,Pleine,0.9,0.43524931426332286
Spectacles-Repaint-Before-After-03-2970x1100_jpg.rf.fqwuufOEFVwPhsBfNBAy.jpg,Percée,0.75,0.04642622950819672
Spectacles-Repaint-Before-After-03-2970x1100_jpg.rf.NgD2XPSh8vQobevOIFri.jpg,Percée,0.75,0.0464408014571949
spectacles__glasses_frame_1641711696_25e2e470_jpg.rf.DgRLE1CzHUkhSrafED8x.jpg,Pleine,0.9,0.32404738773747843
spectacles__glasses_frame_1641711696_25e2e470_jpg.rf.f2e4FdUztTxcfuRWB0uG.jpg,Pleine,0.9,0.21383072250639387
spectacles__glasses_frame_1641711696_25e2e470_jpg.rf.JIAoBKXfW6PBIne5OaxH.jpg,Pleine,0.9,0.33002685546875
spectacles__glasses_frame_1641711696_25e2e470_jpg.rf.MG8IDXovXnxmhtvUmOxx.jpg,Semi-cerclée,0.8,0.11115317793847306
spectacles__glasses_frame_1641711696_25e2e470_jpg.rf.OtSQ6t0KvWcynrl19roI.jpg,Percée,0.75,0.03055378158927105
spectacles__glasses_frame_1641711696_25e2e470_jpg.rf.R4o0zWr3Cd9jbSW75Blj.jpg,Pleine,0.9,0.22928530092592592
spectacles__glasses_frame_1641711696_25e2e470_jpg.rf.Xh7pY7of3mTMTFd4nLck.jpg,Percée,0.75,0.02135748630213575
spectacles__glasses_frame_1641711696_25e2e470_jpg.rf.YxkHTDRXl8DtFTYhKBhQ.jpg,Pleine,0.9,0.43234160324206783
spectacleshero-1024x683-1_jpg.rf.01VUeV2YIS5paLTc0Jjx.jpg,Pleine,0.9,0.26616074129065964
spectacleshero-1024x683-1_jpg.rf.9jA1BMqpp5Fp6Dr62YxB.jpg,Percée,0.75,0.021805331027482236
spectacleshero-1024x683-1_jpg.rf.aYvqbXWiwCEymyrXDUpf.jpg,Semi-cerclée,0.8,0.07007211851388997
spectacleshero-1024x683-1_jpg.rf.MOZyfXZYokgug425GbyR.jpg,Pleine,0.9,0.16833830223171015
spectacleshero-1024x683-1_jpg.rf.Sy672LejjPCC4mwrZX1f.jpg,Pleine,0.9,0.2731198726486095
spectacleshero-1024x683-1_jpg.rf.uCAtIhbDyNOo9d00j0Fu.jpg,Pleine,0.9,0.24636507434356217
spectacleshero-1024x683-1_jpg.rf.vyPXMZpv49IguV9MLjH8.jpg,Pleine,0.9,0.22083966659712495
stephanie-hau-P4TPjOXKqY8-unsplash_jpg.rf.2xas7Uy5loXVdwFsAblg.jpg,Pleine,0.9,0.2452486566410617
stephanie-hau-P4TPjOXKqY8-unsplash_jpg.rf.bwesRouQYlii23WbRJOG.jpg,Pleine,0.9,0.2729615701242329
stephanie-hau-P4TPjOXKqY8-unsplash_jpg.rf.DkrL4SO55jIj4w9Wz0Li.jpg,Pleine,0.9,0.3532761093392127
stephanie-hau-P4TPjOXKqY8-unsplash_jpg.rf.IkhW2swSZor20xkzEEhG.jpg,Pleine,0.9,0.30222583093569627
stephanie-hau-P4TPjOXKqY8-unsplash_jpg.rf.kHZfiM4nH0PneOHFHH7n.jpg,Pleine,0.9,0.43828264758497315
stephanie-hau-P4TPjOXKqY8-unsplash_jpg.rf.LqnpARJiGIYXu8hIoLWy.jpg,Pleine,0.9,0.3383354211995341
stephanie-hau-P4TPjOXKqY8-unsplash_jpg.rf.OoqTsax5BRmGdKrU6uaa.jpg,Pleine,0.9,0.2813184757629202
stephanie-hau-P4TPjOXKqY8-unsplash_jpg.rf.wWd6lFE3uETGQMJoVo0L.jpg,Pleine,0.9,0.33526106642887443
stephanie-hau-P4TPjOXKqY8-unsplash_jpg.rf.yfJzvC7SWolehx65PXqQ.jpg,Pleine,0.9,0.26379096604969293
stock-photo-hand-camera-cafe-coffee-fashion-sunglasses-table-hipster-top-view-4d7d4bbf-c436-49ba-810c-3911ecc1ee8f_jpg.rf.1lWMaEMZYsdwwXAUuZuN.jpg,Pleine,0.9,0.28140532307198973
stock-photo-hand-camera-cafe-coffee-fashion-sunglasses-table-hipster-top-view-4d7d4bbf-c436-49ba-810c-3911ecc1ee8f_jpg.rf.9NrMLoaetVqa6qIkE6ZV.jpg,Pleine,0.9,0.1350311638831863
stock-photo-hand-camera-cafe-coffee-fashion-sunglasses-table-hipster-top-view-4d7d4bbf-c436-49ba-810c-3911ecc1ee8f_jpg.rf.bwvj5SZaijUnuy58lXWH.jpg,Pleine,0.9,0.4078295449606676
stock-photo-hand-camera-cafe-coffee-fashion-sunglasses-table-hipster-top-view-4d7d4bbf-c436-49ba-810c-3911ecc1ee8f_jpg.rf.eMWpAQOFxhEGZMWAB26V.jpg,Pleine,0.9,0.1299317814192278
stock-photo-hand-camera-cafe-coffee-fashion-sunglasses-table-hipster-top-view-4d7d4bbf-c436-49ba-810c-3911ecc1ee8f_jpg.rf.h3n8WOR5RDN6cUr07Nrq.jpg,Pleine,0.9,0.12909278076642094
stock-photo-hand-camera-cafe-coffee-fashion-sunglasses-table-hipster-top-view-4d7d4bbf-c436-49ba-810c-3911ecc1ee8f_jpg.rf.OlzYJ6KWSNKYoyPvvHGh.jpg,Pleine,0.9,0.23393393393393394
stock-photo-hand-camera-cafe-coffee-fashion-sunglasses-table-hipster-top-view-4d7d4bbf-c436-49ba-810c-3911ecc1ee8f_jpg.rf.xYeN5JLFtRpk91rHuuRy.jpg,Pleine,0.9,0.13119552813931565
stock-photo-hand-camera-cafe-coffee-fashion-sunglasses-table-hipster-top-view-4d7d4bbf-c436-49ba-810c-3911ecc1ee8f_jpg.rf.Y9ZExX4LVqVDrm1WM0Ct.jpg,Pleine,0.9,0.2842646541274
stock-photo-hand-camera-cafe-coffee-fashion-sunglasses-table-hipster-top-view-4d7d4bbf-c436-49ba-810c-3911ecc1ee8f_jpg.rf.ydkGFlCP7fGsUHQ4maXc.jpg,Pleine,0.9,0.170120320855615
sun-glasses-beach-near-sea-yellow-sunglasses-background-wave-shore-tropical-island-120120985_jpg.rf.2xYrSNh6UNjHqn9SYmlN.jpg,Semi-cerclée,0.8,0.05758853929168567
sun-glasses-beach-near-sea-yellow-sunglasses-background-wave-shore-tropical-island-120120985_jpg.rf.aN5XlbQrY25iX6lPjx6s.jpg,Semi-cerclée,0.8,0.05758853929168567
sunglasses-2-1625071474_jpg.rf.1hHcgmeaL15aAZvXs20r.jpg,Pleine,0.9,0.26493660430540067
sunglasses-2-1625071474_jpg.rf.8tMyvm1RwKy1QeB2OEHf.jpg,Pleine,0.9,0.2499491793909965
sunglasses-2-1625071474_jpg.rf.Ca5bYhVbN8VzWrgGrfFw.jpg,Percée,0.75,0.007266525785044303
sunglasses-2-1625071474_jpg.rf.cpKhakh30ZWHIyZjKyUq.jpg,Percée,0.75,0.012337337337337337
sunglasses-2-1625071474_jpg.rf.mBTzBkPJcPnO5CWiKucj.jpg,Percée,0.75,0.047505393281512175
sunglasses-2-1625071474_jpg.rf.NmsiQpK3s6k9Sg0zBvxD.jpg,Percée,0.75,0.017212768949514835
sunglasses-2-1625071474_jpg.rf.rUsjm7B2HnZHGQw5fThy.jpg,Percée,0.75,0.00962480458572173
sunglasses-2-1625071474_jpg.rf.WonKGPNprxzPY95TIHJu.jpg,Pleine,0.9,0.2457387692480401
sunglasses-2-1625071474_jpg.rf.WzR4f29upsyhuLOePJYR.jpg,Percée,0.75,0.015343215938060617
sunglasses-on-a-table-2HAJF28_jpg.rf.3zlrExUc6fsV015z0ikp.jpg,Pleine,0.9,0.19619893716279257
sunglasses-on-a-table-2HAJF28_jpg.rf.MCi16HQG91W433q5d6fy.jpg,Pleine,0.9,0.19558636556275352
sunglasses-summer-fashion-accessories-objects-bedroom-royalty-free-thumbnail_jpg.rf.Azth0hlt6nP1ROse3NJf.jpg,Pleine,0.9,0.24908405172413794
sunglasses-summer-fashion-accessories-objects-bedroom-royalty-free-thumbnail_jpg.rf.RSb6lejKTtEGOGN7e7uU.jpg,Pleine,0.9,0.24908405172413794
sunglasses_phone_table-1024x683_jpg.rf.9Ftx9CVWJZvMNYe1OCZ4.jpg,Semi-cerclée,0.8,0.053275724237694624
sunglasses_phone_table-1024x683_jpg.rf.9ztN2b4dz47AOMibbLf2.jpg,Pleine,0.9,0.684756121146482
sunglasses_phone_table-1024x683_jpg.rf.aBDYiwe4vi57rTmyVEmn.jpg,Pleine,0.9,0.6182111032572799
sunglasses_phone_table-1024x683_jpg.rf.hF0d9xUBFShPVBQwkr9l.jpg,Percée,0.75,0.03499496475327291
sunglasses_phone_table-1024x683_jpg.rf.KGbg7Rhd9cXQcfd3Dl5Q.jpg,Pleine,0.9,0.7097698029208969
sunglasses_phone_table-1024x683_jpg.rf.lEEgW7BVmOloX9Faxa6l.jpg,Pleine,0.9,0.6529061956693536
sunglasses_phone_table-1024x683_jpg.rf.oL7r3AThv4evDLfGnDF9.jpg,Pleine,0.9,0.6157264929282347
sunglasses_phone_table-1024x683_jpg.rf.XMkZ1ffmjstbjs1u4Sup.jpg,Percée,0.75,0.03358282208588957
sunglasses_phone_table-1024x683_jpg.rf.Z5DwvzJXkWP0C3Rf5UtK.jpg,Pleine,0.9,0.6658219018832829
swatch_spectacles_frame_1478357369_3927b900_jpg.rf.8iQATMYxRmUHIoT6hK5y.jpg,Pleine,0.9,0.2230496453900709
T492_jpg.rf.r3GZxyhOY4VVKdi2jdGY.jpg,Semi-cerclée,0.8,0.08640637242099765
the-most-common-problems-youll-encounter-as-a-glasses-wearer_jpg.rf.4CSU7hH7sIGXmPfNgYBL.jpg,Pleine,0.9,0.2170774031266915
the-most-common-problems-youll-encounter-as-a-glasses-wearer_jpg.rf.bchA1LcVMZ0yDWqZtyWg.jpg,Pleine,0.9,0.21762740183792814
the-most-common-problems-youll-encounter-as-a-glasses-wearer_jpg.rf.eewZpoCf3i3dowPz1FWu.jpg,Pleine,0.9,0.2294092553678922
the-most-common-problems-youll-encounter-as-a-glasses-wearer_jpg.rf.G8oe7feUBKEeVTup6rmv.jpg,Pleine,0.9,0.568680240058332
the-most-common-problems-youll-encounter-as-a-glasses-wearer_jpg.rf.HNpClIPlO1M3h2vKOrAS.jpg,Pleine,0.9,0.1852513518161148
the-most-common-problems-youll-encounter-as-a-glasses-wearer_jpg.rf.J6D1NQfc92IpgcsmMbOF.jpg,Pleine,0.9,0.5643440445857005
the-most-common-problems-youll-encounter-as-a-glasses-wearer_jpg.rf.OAj5EOqoIA1mELZbrmje.jpg,Semi-cerclée,0.8,0.10532594086021506
the-most-common-problems-youll-encounter-as-a-glasses-wearer_jpg.rf.xe3xo2wASklrBdchL1Pj.jpg,Pleine,0.9,0.5657513999625289
the-most-common-problems-youll-encounter-as-a-glasses-wearer_jpg.rf.zaWpoiRmdHaSQPHDpgBW.jpg,Pleine,0.9,0.368294755786632
THE-OBSERVER-I-THE-OBSERVER-I-R-WI-Z22_front-scaled-e1607004875894_jpg.rf.MSxRTqdSmBKLowbSrwJs.jpg,Semi-cerclée,0.8,0.06500997340425532
THE-OBSERVER-I-THE-OBSERVER-I-R-WI-Z22_front-scaled-e1607004875894_jpg.rf.O1VqAyvZBGMEb0g3KPMX.jpg,Semi-cerclée,0.8,0.06500443262411347
THE-OBSERVER-II-CHG-WI-Z57_front-e1522922536334_jpg.rf.oBee0vmVVARC0neDBIkx.jpg,Percée,0.75,0.004854484732824427
THE-OBSERVER-II-CHG-WI-Z57_front-e1522922536334_jpg.rf.Vi14tMBtx3YpEujMmy8k.jpg,Percée,0.75,0.004854484732824427
THE-OBSERVER-II-CHG-WI-Z57_front-scaled-e1589880174729-731x404_jpg.rf.uKt0nPFsS9niOiDETEYE.jpg,Percée,0.75,0.004414211026615969
THE-OBSERVER-II-CHG-WI-Z57_front-scaled-e1589880174729-731x404_jpg.rf.VUzpqw2fc78CFTMhHYGz.jpg,Percée,0.75,0.004414211026615969
THE-OBSERVER-II-R-HAG-Z06_front-e1522922035917_jpg.rf.DZfR108bpQwzFwAtIGgH.jpg,Percée,0.75,0.007640209125475285
THE-OBSERVER-II-R-HAG-Z06_front-e1522922035917_jpg.rf.vn32qWip27zLdqFEJS0e.jpg,Percée,0.75,0.007646150190114069
TheObserverIR-HAS-Z29GenfAutoShow_jpg.rf.Se1nNtfS1Butjwy1s0Qg.jpg,Pleine,0.9,0.30858626198083067
TheObserverIR-HAS-Z29GenfAutoShow_jpg.rf.TT3yRm3QRS92Jen9FYLA.jpg,Pleine,0.9,0.30860623003194887
top-10-optical-shops-in-singapore_jpg.rf.191WtBEFSfXZ00vPynfn.jpg,Pleine,0.9,0.23316847311375355
top-10-optical-shops-in-singapore_jpg.rf.1Ss9Vkwvn38WbNdjp5dV.jpg,Semi-cerclée,0.8,0.11687879236347491
top-10-optical-shops-in-singapore_jpg.rf.9GoDB3XwEOvGdhWnFOAr.jpg,Percée,0.75,0.0273224043715847
top-10-optical-shops-in-singapore_jpg.rf.AfwJ12P3vdV59pZzfkP1.jpg,Pleine,0.9,0.3291614202971544
top-10-optical-shops-in-singapore_jpg.rf.FD2iX2db266OeYRSz9cR.jpg,Pleine,0.9,0.16118499012508228
top-10-optical-shops-in-singapore_jpg.rf.Ld59rpcI3R1vB5CQi7Cr.jpg,Percée,0.75,0.022065560419423803
top-10-optical-shops-in-singapore_jpg.rf.Rt3gr1ivhhFU65LChZ0r.jpg,Pleine,0.9,0.15812474520994702
top-10-optical-shops-in-singapore_jpg.rf.RW1YV4pkOIgYFcMxvuvS.jpg,Pleine,0.9,0.1507260063746901
top-10-optical-shops-in-singapore_jpg.rf.XTS4FqdtXVXKGtXT7IK5.jpg,Semi-cerclée,0.8,0.09381880886059159
top-luxury-k-gold-men-eyewear-car-brand-maybach2_jpg.rf.fPjAltTlHUnQx7PQmC6f.jpg,Pleine,0.9,0.2277008410672854
top-luxury-k-gold-men-eyewear-car-brand-maybach2_jpg.rf.tB0DQpuRkUo9gBj1hL6x.jpg,Pleine,0.9,0.2277008410672854
top-luxury-k-gold-men-eyewear-car-brand-maybach_jpg.rf.9OupXGEfe7kJNl9HJWPL.jpg,Pleine,0.9,0.2623415389150943
top-luxury-k-gold-men-eyewear-car-brand-maybach_jpg.rf.odvZjYtLqiynYL2twfUb.jpg,Pleine,0.9,0.26234522405660377
Unknown_jpeg.rf.r6amIVcxEKcO601eXga7.jpg,Pleine,0.9,0.17642009987515606
unnamed_jpg.rf.7NviATamzx8elD5GYP0z.jpg,Semi-cerclée,0.8,0.06430265654648956
unnamed_jpg.rf.FVJViqjEgsuwRDqCH7eV.jpg,Semi-cerclée,0.8,0.08975328947368422
unnamed_jpg.rf.jhQK3XuLzvfbQoDzqcfR.jpg,Semi-cerclée,0.8,0.07620681205586866
unnamed_jpg.rf.KBPNYATZSvN4Do101kJk.jpg,Pleine,0.9,0.2123402042101229
unnamed_jpg.rf.oKKRyqt0OQ1Uje7BPeRA.jpg,Percée,0.75,0.034983463182527944
unnamed_jpg.rf.pwfdVBUrdoxnUJ8S4Aq6.jpg,Pleine,0.9,0.13278441011235956
vision-therapy-supporting-image-sunglasses_jpg.rf.tGgIVjt8fuZ8yYAvKRbD.jpg,Pleine,0.9,0.2863431527997997
woman-ophthalmologist-showing-camera-pair-eyeglasses_23-2148310022_jpg.rf.0Dcvr0r6RcQTZmHuB993.jpg,Pleine,0.9,0.1506759567387687
woman-ophthalmologist-showing-camera-pair-eyeglasses_23-2148310022_jpg.rf.3risLEUaICY5FmxuDejq.jpg,Semi-cerclée,0.8,0.10694029015179385
woman-ophthalmologist-showing-camera-pair-eyeglasses_23-2148310022_jpg.rf.6p4L0kHIj3POY59JUb7b.jpg,Pleine,0.9,0.14714074452944315
woman-ophthalmologist-showing-camera-pair-eyeglasses_23-2148310022_jpg.rf.c85gKRn8mq6Ds1cgTbiS.jpg,Pleine,0.9,0.12066718076590348
woman-ophthalmologist-showing-camera-pair-eyeglasses_23-2148310022_jpg.rf.erX5G6Z6nSchTcveNwRU.jpg,Percée,0.75,0.03206209709911362
woman-ophthalmologist-showing-camera-pair-eyeglasses_23-2148310022_jpg.rf.G0515nKKkjGV99SB7BNd.jpg,Percée,0.75,0.0294519285546731
woman-ophthalmologist-showing-camera-pair-eyeglasses_23-2148310022_jpg.rf.hmKz7pkRmMRc3NhM7eEr.jpg,Pleine,0.9,0.12102184340160747
woman-ophthalmologist-showing-camera-pair-eyeglasses_23-2148310022_jpg.rf.hpewwYyJzhKoSZqrZ9pJ.jpg,Pleine,0.9,0.12202938601885277
woman-ophthalmologist-showing-camera-pair-eyeglasses_23-2148310022_jpg.rf.QesyFwFAPM0mwWvbnXlu.jpg,Pleine,0.9,0.17676829268292682
women-with-glass_507-jpg_cloud_affine_aug_png_jpg.rf.9d2izlNUeclWcoI5ZEOA.jpg,Percée,0.75,0.0014848982686718058
women-with-glass_507-jpg_dropout_aug_png_jpg.rf.TpM8aNp7i9OTPRRfbq7M.jpg,Pleine,0.9,0.2763333333333333
women-with-glass_507-jpg_flip_aug_png_jpg.rf.uxuZVq4NagRuFiRJk5lZ.jpg,Pleine,0.9,0.21291989664082686
women-with-glass_507-jpg_shear_aug_png_jpg.rf.ElwSCHxBa2dJBhxMHdGd.jpg,Pleine,0.9,0.24163126593033135
women-with-glass_507_jpg.rf.0z7DwqV8JH44d6AJh4v5.jpg,Pleine,0.9,0.24391480730223122
women-with-glass_507_jpg.rf.iLO6bLUAtFjMJVURg9wB.jpg,Pleine,0.9,0.24391480730223122
women-with-glass_509-jpg_aug_png_jpg.rf.EmHxtESCN7gtsoXXzOOl.jpg,Percée,0.75,0.040901991409605626
women-with-glass_509-jpg_aug_png_jpg.rf.J81OO0Vs4Xg1a7VOt2Ct.jpg,Pleine,0.9,0.13153846153846155
women-with-glass_509_jpg.rf.1FaYAfR7xMvQnHno1bFW.jpg,Percée,0.75,0.02091982091982092
women-with-glass_509_jpg.rf.AIW5q2eDo0XEeUIP0SFW.jpg,Pleine,0.9,0.1363126402393418
women-with-glass_509_jpg.rf.blozNoGkU57hMyy8yvua.jpg,Pleine,0.9,0.1363126402393418
women-with-glass_509_jpg.rf.q3VlN7Nz8Phg4snjeYVA.jpg,Pleine,0.9,0.14266917293233083
women-with-glass_509_jpg.rf.SATlQV7yUAOZKsAfiCI8.jpg,Percée,0.75,0.02091982091982092
women-with-glass_509_jpg.rf.Sv9vNfsIXbPweRN6Zeo1.jpg,Pleine,0.9,0.14136125654450263
women-with-glass_513-jpg_aug_png_jpg.rf.jCqVLrxuB3X9RFPv4EH2.jpg,Pleine,0.9,0.20741784037558686
women-with-glass_514-jpg_aug_png_jpg.rf.9z2tysWrNx1vuBNlYJgr.jpg,Pleine,0.9,0.23412437171489178
women-with-glass_515_jpg.rf.dYGZusjmMmsDdMYhFxHQ.jpg,Pleine,0.9,0.2246594868546088
women-with-glass_515_jpg.rf.qNPwywyLslKCy1NsqP1I.jpg,Pleine,0.9,0.2246594868546088
women-with-glass_519-jpg_cloud_affine_aug_png_jpg.rf.CLdvihEJY0HjcC8gCmJc.jpg,Pleine,0.9,0.3138223938223938
women-with-glass_519-jpg_dropout_aug_png_jpg.rf.DNudXvpzQQpt93EAndLy.jpg,Pleine,0.9,0.40201200533570475
women-with-glass_519-jpg_shear_aug_png_jpg.rf.UeMxoKrIntXamINeXZen.jpg,Pleine,0.9,0.40931372549019607
women-with-glass_519_jpg.rf.5gQ7PZ2rNXqnBHaYL5S7.jpg,Pleine,0.9,0.37469135802469133
women-with-glass_519_jpg.rf.CVQCrFYVVI9mt0AOecIH.jpg,Pleine,0.9,0.37469135802469133
women-with-glass_52-jpg_aug_png_jpg.rf.irHdbO0ErdgE4hRFao7g.jpg,Pleine,0.9,1.0
women-with-glass_52-jpg_aug_png_jpg.rf.nLLvTqZHfRFJxfgGaVZm.jpg,Pleine,0.9,0.9999393130234252
women-with-glass_521_jpg.rf.6xcnhoNUzQpWBTEKH4lL.jpg,Pleine,0.9,0.5554006968641115
women-with-glass_521_jpg.rf.dPR2zc1jTFsQwNYtyIz1.jpg,Pleine,0.9,0.5545454545454546
women-with-glass_521_jpg.rf.F2teUziA4KzwA5DLpSpY.jpg,Pleine,0.9,0.2998455961331901
women-with-glass_521_jpg.rf.F7UgQwMaq2kog2q24CQ6.jpg,Pleine,0.9,0.2998455961331901
women-with-glass_521_jpg.rf.nnNJxHgnxqlRG0MnibsD.jpg,Pleine,0.9,0.16612794612794612
women-with-glass_521_jpg.rf.s5fBTw7YZM8DGwANI9QO.jpg,Pleine,0.9,0.16612794612794612
women-with-glass_523-jpg_aug_png_jpg.rf.gujrs20raykK7CrBYVxW.jpg,Pleine,0.9,0.5074062826871816
women-with-glass_523_jpg.rf.6Ju6fSFrmXGrScjlcQY1.jpg,Pleine,0.9,0.6584241546211846
women-with-glass_523_jpg.rf.70xtePJnfLi7ZU4zTSOv.jpg,Pleine,0.9,0.7174925484351714
women-with-glass_523_jpg.rf.8LrHZ4hMaOvF3FBtTX2z.jpg,Pleine,0.9,0.7164495418562613
women-with-glass_523_jpg.rf.Ov9Gg7JkFXothKqFcNEl.jpg,Pleine,0.9,0.40998650472334686
women-with-glass_523_jpg.rf.PC7SEmlDqW0ShP1m5My2.jpg,Pleine,0.9,0.6583912284745316
women-with-glass_523_jpg.rf.sxgt7O8ElfeVrNB6Tql9.jpg,Pleine,0.9,0.40998650472334686
women-with-glass_525_jpg.rf.G3jQ7OIycfGz2IMmMXI4.jpg,Pleine,0.9,0.33532934131736525
women-with-glass_525_jpg.rf.I9AhxqUbGJCRugYosYu8.jpg,Pleine,0.9,0.33522784938597383
women-with-glass_526-jpg_aug_png_jpg.rf.mde8hfi4VrMTZjGYfQGR.jpg,Pleine,0.9,0.2284127099015634
women-with-glass_526-jpg_aug_png_jpg.rf.tlCko4O2p6pd6jKjKgS7.jpg,Pleine,0.9,0.2899177686642116
women-with-glass_526_jpg.rf.0hMYXYLd85dAIpuXEfCY.jpg,Pleine,0.9,0.345019279445509
women-with-glass_526_jpg.rf.6UeYFWWiPV0mvzOhpzk2.jpg,Pleine,0.9,0.21143904194751653
women-with-glass_526_jpg.rf.74Fo5BlwOzq0rDeRSe2h.jpg,Pleine,0.9,0.21150448269092337
women-with-glass_526_jpg.rf.7Kbl2dg7TdP10CxHzlDp.jpg,Pleine,0.9,0.19430045098750712
women-with-glass_526_jpg.rf.eKGjT0CHfLEMIolTVv2F.jpg,Pleine,0.9,0.19437820745425327
women-with-glass_526_jpg.rf.vEXCbYXwXRzZJtFQkVP7.jpg,Pleine,0.9,0.345019279445509
women-with-glass_52_jpg.rf.0q4dtmSKqGP8MBj6C7cJ.jpg,Percée,0.75,0.03471650838982286
women-with-glass_52_jpg.rf.L4J1XXCjlfPZu9FeSjoc.jpg,Percée,0.75,0.03478551673983321
women-with-glass_52_jpg.rf.NBOGo5bKE2mHKyWY5223.jpg,Semi-cerclée,0.8,0.09184109635884183
women-with-glass_52_jpg.rf.okDUoWCtYnQeJTOfmAJv.jpg,Pleine,0.9,0.2380900699172874
women-with-glass_52_jpg.rf.SDRr5GDsMAlWiZymptEx.jpg,Pleine,0.9,0.23821573824429923
women-with-glass_52_jpg.rf.WXAUsNBIpvJjtNyur7Hi.jpg,Semi-cerclée,0.8,0.09182794426141108
women-with-glass_54-jpg_aug_png_jpg.rf.9Urd7PisGHrr6PJAfam0.jpg,Pleine,0.9,1.0
women-with-glass_54-jpg_aug_png_jpg.rf.N94pgaJz5kVUbdJU9WAu.jpg,Percée,0.75,0.003328846800942172
women-with-glass_54-jpg_aug_png_jpg.rf.UUUFBkHgx59F0OZATjcZ.jpg,Pleine,0.9,1.0
women-with-glass_54_jpg.rf.1NhWAqre123j89lt36EN.jpg,Pleine,0.9,0.18110456966638633
women-with-glass_54_jpg.rf.gtHfYh67ya6YrUs5LQGA.jpg,Percée,0.75,0.03874740614978306
women-with-glass_54_jpg.rf.pgTmILafIA0cXhYl9K3D.jpg,Percée,0.75,0.03625703564727955
women-with-glass_54_jpg.rf.S4V9dC6Pvazdyw9qCOux.jpg,Percée,0.75,0.03625703564727955
women-with-glass_54_jpg.rf.TISudJmlecGdXoBGPOes.jpg,Pleine,0.9,0.1811512942715634
women-with-glass_54_jpg.rf.zzkmwmxrLJNIvaz94Xls.jpg,Percée,0.75,0.03844718178424785
women-with-glass_55_jpg.rf.QUxaEqxbAbeJLJu9l1Uv.jpg,Percée,0.75,0.009907495006832755
women-with-glass_55_jpg.rf.sTlG24beQ2TOJaxRojBn.jpg,Percée,0.75,0.009907495006832755
women-with-glass_56_jpg.rf.8WtGchBKiwEvUKnSbTeo.jpg,Semi-cerclée,0.8,0.08004171802408268
women-with-glass_56_jpg.rf.IeCcLYfyF4JkgMetLur5.jpg,Semi-cerclée,0.8,0.08004171802408268
women-with-glass_57_jpg.rf.cjvV8dsKJAW7iAwL4g04.jpg,Pleine,0.9,0.4072200263504611
women-with-glass_57_jpg.rf.sKKAGBwFgDXbVa7zJbo0.jpg,Pleine,0.9,0.4072200263504611
women-with-glass_59-jpg_aug_png_jpg.rf.Ajmr03FRenYMWS7G3E91.jpg,Pleine,0.9,0.8772358105253274
women-with-glass_59-jpg_aug_png_jpg.rf.NLzdBIFlGMHn6yJxbn6f.jpg,Pleine,0.9,0.1524875131440589
women-with-glass_59-jpg_aug_png_jpg.rf.SPs1o5mgKMr4ssISEYV6.jpg,Pleine,0.9,0.2602004387285475
women-with-glass_59_jpg.rf.4TgSqTm6l2TT8xCeJzF7.jpg,Pleine,0.9,0.312344595582858
women-with-glass_59_jpg.rf.CciqKuOE79VhfVZF75Tf.jpg,Pleine,0.9,0.21703139526567974
women-with-glass_59_jpg.rf.lcglOQMtZxSoHsX5jsD4.jpg,Pleine,0.9,0.2166874665715814
women-with-glass_59_jpg.rf.ngaiXG48f8OEYR8nB0tQ.jpg,Pleine,0.9,0.19403265505514533
women-with-glass_59_jpg.rf.paB8Hxy4x0mya8aSabqD.jpg,Pleine,0.9,0.19405144392461907
women-with-glass_59_jpg.rf.uaxLaryHJRQ5ZyF5m8uV.jpg,Pleine,0.9,0.3123994442006728
women-with-glass_6-jpg_aug_png_jpg.rf.I3UgHDmp5mhe15JgfT58.jpg,Pleine,0.9,0.37742605707664495
women-with-glass_6-jpg_aug_png_jpg.rf.NCS2nQ6G3HyhxAfj3TrT.jpg,Pleine,0.9,0.2935639561328145
women-with-glass_61-jpg_aug_png_jpg.rf.ar0HqIYJP9lHAsjhnVGu.jpg,Pleine,0.9,0.6274398981053972
women-with-glass_61-jpg_aug_png_jpg.rf.Kdcik4at8DPdig6tSyIN.jpg,Pleine,0.9,0.5528394612304331
women-with-glass_61_jpg.rf.2iXrSn0pGc7hIrgc3kAf.jpg,Pleine,0.9,0.3137923736726132
women-with-glass_61_jpg.rf.MOajEtm6Xx5cEGTmFxRq.jpg,Pleine,0.9,0.5576962173668664
women-with-glass_61_jpg.rf.OwHc3CUnLEgIPU5rZz4X.jpg,Pleine,0.9,0.3137799245583677
women-with-glass_61_jpg.rf.V84T1XzmFZNZZUOqd4tH.jpg,Pleine,0.9,0.5563436055652091
women-with-glass_62_jpg.rf.2gEZigWh1l04h96ed8tp.jpg,Pleine,0.9,0.4042932176295958
women-with-glass_62_jpg.rf.t5fs8nQan8pgvXUBnvUc.jpg,Pleine,0.9,0.4042703813656086
women-with-glass_65-jpg_aug_png_jpg.rf.zJpMODjCWIDQYfc5uuZg.jpg,Pleine,0.9,1.0
women-with-glass_65_jpg.rf.AuaF6DrEiJz3vNukrARI.jpg,Semi-cerclée,0.8,0.06254089097722002
women-with-glass_65_jpg.rf.QdnBVTKhBeS9Gr59YFub.jpg,Semi-cerclée,0.8,0.06257062986974365
women-with-glass_67-jpg_aug_png_jpg.rf.biA42sewi4AcsLAirIvf.jpg,Semi-cerclée,0.8,0.06095438175270108
women-with-glass_67-jpg_aug_png_jpg.rf.NbQ1AkUaZ5EFJm4clabt.jpg,Pleine,0.9,1.0
women-with-glass_67-jpg_aug_png_jpg.rf.NxnzgQ2mpqVgK3NcKoJl.jpg,Percée,0.75,0.046339786917172644
women-with-glass_67_jpg.rf.2z9bJIChpsKWM6vfBRZS.jpg,Semi-cerclée,0.8,0.05715600023000403
women-with-glass_67_jpg.rf.7lbd8QeMB79ThYDmpSrM.jpg,Semi-cerclée,0.8,0.05727100224253925
women-with-glass_67_jpg.rf.V8T9FQ7p1vqQRVGkvGwB.jpg,Percée,0.75,0.03655190962883271
women-with-glass_67_jpg.rf.wK6WYPoXERPnGBr5GoW5.jpg,Percée,0.75,0.03652501344809037
women-with-glass_67_jpg.rf.xHPRYmzNVgQmtHmgfXyP.jpg,Semi-cerclée,0.8,0.0705039297272307
women-with-glass_67_jpg.rf.y94fGVHwB4qEQKoyNQsL.jpg,Semi-cerclée,0.8,0.07077235183306767
women-with-glass_69-jpg_aug_png_jpg.rf.VPStffhJFJVKHh2COkNW.jpg,Pleine,0.9,0.4844132006349063
women-with-glass_69-jpg_aug_png_jpg.rf.Yfhaz3CmF2W362IhQU1p.jpg,Pleine,0.9,0.193118651241535
women-with-glass_69_jpg.rf.8Vs9vQlO0BhKDeIPjDY3.jpg,Pleine,0.9,0.4425329539398936
women-with-glass_69_jpg.rf.aU6dudc4SZtk9qxldf9l.jpg,Pleine,0.9,0.21723541306205832
women-with-glass_69_jpg.rf.ax6JOD7NSkhETs2L5KPu.jpg,Pleine,0.9,0.4324593716143012
women-with-glass_69_jpg.rf.Fd6AtRUPL8hUoAyjnFug.jpg,Pleine,0.9,0.4416385037295955
women-with-glass_69_jpg.rf.K8VL5e9YeLA3lzMpAOwQ.jpg,Pleine,0.9,0.43162212081703605
women-with-glass_69_jpg.rf.Vnf9bwRxBJOpQlJUfj5w.jpg,Pleine,0.9,0.21758176350194228
women-with-glass_6_jpg.rf.3VmsLabr4mx7x1daSvDE.jpg,Pleine,0.9,0.2703002070393375
women-with-glass_6_jpg.rf.4qwNfImHct636R97FWmg.jpg,Pleine,0.9,0.41956383922911117
women-with-glass_6_jpg.rf.fNICVO6TujRM6lkuubAM.jpg,Pleine,0.9,0.4197477409638554
women-with-glass_6_jpg.rf.kbEih6MS1hgW8NASquDN.jpg,Pleine,0.9,0.49991586998087956
women-with-glass_6_jpg.rf.mgipB78QdJD51FDpPMeg.jpg,Pleine,0.9,0.49996460642342855
women-with-glass_6_jpg.rf.udMvfVGc0artrhn0A3aw.jpg,Pleine,0.9,0.27030538302277435
women-with-glass_7-jpg_aug_png_jpg.rf.rEQ6WGmRfE0L70dsZEo4.jpg,Pleine,0.9,0.25059375863021266
women-with-glass_70-jpg_aug_png_jpg.rf.71OOiKVwKWipqSAshPiV.jpg,Pleine,0.9,1.0
women-with-glass_70-jpg_aug_png_jpg.rf.B5VDt67YISoJ7UP59dZb.jpg,Semi-cerclée,0.8,0.10735613837135702
women-with-glass_70-jpg_aug_png_jpg.rf.f4YbAvST17GqTynNjRhi.jpg,Pleine,0.9,0.7714219160760041
women-with-glass_70_jpg.rf.6gBmCNkOYGd5gjMoUPHc.jpg,Semi-cerclée,0.8,0.061316770186335405
women-with-glass_70_jpg.rf.aMIHhYh0UAZHVYgxJenz.jpg,Pleine,0.9,0.1379481174563142
women-with-glass_70_jpg.rf.QXsDbimTWIPpvhNAwLKx.jpg,Semi-cerclée,0.8,0.061366459627329194
women-with-glass_70_jpg.rf.RlV0xF2wIUBjAxKG07TF.jpg,Percée,0.75,0.024138259379165874
women-with-glass_70_jpg.rf.ThUhZBVXx2NZsxJksHdc.jpg,Percée,0.75,0.02423347933726909
women-with-glass_70_jpg.rf.yyFmG2cemxlx938e5IH5.jpg,Pleine,0.9,0.1379481174563142
women-with-glass_72_jpg.rf.jC2uL8iaiA2nI2r9I1mo.jpg,Percée,0.75,0.03923922510180543
women-with-glass_72_jpg.rf.SaEpDKGquRud0qUtNYPT.jpg,Percée,0.75,0.03928630275639668
women-with-glass_73-jpg_cloud_affine_aug_png_jpg.rf.osr6wnKdyWD0B9tajqBG.jpg,Percée,0.75,0.027578551912568305
women-with-glass_73-jpg_dropout_aug_png_jpg.rf.8lqiCoAlPUpZiiuVCoBS.jpg,Pleine,0.9,0.5114333333333333
women-with-glass_73-jpg_flip_aug_png_jpg.rf.TBKW4s20QoBKfIiJqOZg.jpg,Pleine,0.9,0.520237470480189
women-with-glass_73-jpg_shear_aug_png_jpg.rf.dXG8G81K5NR4N5n1UEVv.jpg,Pleine,0.9,0.5188397129186603
women-with-glass_73_jpg.rf.IbCWFR7GsVnCgVgk8TkP.jpg,Pleine,0.9,0.5047368421052632
women-with-glass_73_jpg.rf.M8WvDGtaOFlowbI59agv.jpg,Pleine,0.9,0.5047368421052632
women-with-glass_74-jpg_aug_png_jpg.rf.UD5MBNqjv2ncuFxPjX2A.jpg,Pleine,0.9,0.27299043062200956
women-with-glass_74_jpg.rf.e12LLXIq6k8SvJ1l4ctA.jpg,Pleine,0.9,0.2720587002096436
women-with-glass_74_jpg.rf.fUV7M9rErZyfN3xa0oiK.jpg,Pleine,0.9,0.2721174004192872
women-with-glass_74_jpg.rf.KSQYUABRSbliMLFnwiA5.jpg,Pleine,0.9,0.2930378994891291
women-with-glass_74_jpg.rf.VF4Bh8c42bcGu4O27eD1.jpg,Pleine,0.9,0.2930378994891291
women-with-glass_75-jpg_aug_png_jpg.rf.ORpkGhfEkf5S5FtHoIEB.jpg,Pleine,0.9,0.23682328541800757
women-with-glass_75-jpg_aug_png_jpg.rf.wtzUNndLNNe6hcI1ztVp.jpg,Pleine,0.9,0.14636948529411764
women-with-glass_75_jpg.rf.7RseLP4qf1HaKG6VHJwU.jpg,Pleine,0.9,0.3395680406549972
women-with-glass_75_jpg.rf.e7nyK4qjQY9FD9XAZB20.jpg,Pleine,0.9,0.16515151515151516
women-with-glass_75_jpg.rf.mXDwUQkoTNTtH3qtQaHo.jpg,Pleine,0.9,0.36562203228869894
women-with-glass_75_jpg.rf.OuZh1q95iTv0IlWR8wmf.jpg,Pleine,0.9,0.3678959077732084
women-with-glass_75_jpg.rf.SdyRkdlF60gMd3ix5oAk.jpg,Pleine,0.9,0.16536796536796536
women-with-glass_75_jpg.rf.SROPnYC69SMV1ixaRdhZ.jpg,Pleine,0.9,0.339356295878035
women-with-glass_79_jpg.rf.KagAGKrSVXw4qxPoXF1X.jpg,Pleine,0.9,0.15825436011786254
women-with-glass_7_jpg.rf.25Z2pskKG89ZtOgSzQ1D.jpg,Percée,0.75,0.026656157070688975
women-with-glass_7_jpg.rf.AqN9r4iLo97sjV9l2yFG.jpg,Percée,0.75,0.026656157070688975
women-with-glass_7_jpg.rf.flJb5V7yRtRVs1A6HfN1.jpg,Semi-cerclée,0.8,0.05865768658469731
women-with-glass_7_jpg.rf.mlJxUY8SguxbZhxe0aiF.jpg,Pleine,0.9,0.32749917245945054
women-with-glass_7_jpg.rf.V0X7qCqLIGdKVpDQtiuo.jpg,Pleine,0.9,0.32725091029460446
women-with-glass_7_jpg.rf.VGHzp2LrlCAamznC67Ou.jpg,Semi-cerclée,0.8,0.058672176523332426
women-with-glass_81_jpg.rf.0L6XbviODwxuo7tECX9z.jpg,Pleine,0.9,0.17341705913134484
women-with-glass_81_jpg.rf.OD6b39CDxzGsojufmmjf.jpg,Pleine,0.9,0.17341705913134484
women-with-glass_86_jpg.rf.62sDNPmC2GVlz2X4T6Cz.jpg,Pleine,0.9,0.2965169490061994
women-with-glass_86_jpg.rf.EulDe56rJeYomlkIqHe1.jpg,Pleine,0.9,0.31938038741690256
women-with-glass_86_jpg.rf.KVW9GRE04iyNhVXENb1a.jpg,Pleine,0.9,0.3193962912306371
women-with-glass_86_jpg.rf.MtDMzdZR3y7lXE0nrWES.jpg,Pleine,0.9,0.29663782831684193
women-with-glass_86_jpg.rf.wItPdsIUSEyL2o3pHcs3.jpg,Pleine,0.9,0.38544245195669014
women-with-glass_86_jpg.rf.yGEc1dudOkTg6o53zkpM.jpg,Pleine,0.9,0.38544245195669014
women-with-glass_87-jpg_aug_png_jpg.rf.3e4hfWPJE0if0Duu4Brz.jpg,Pleine,0.9,0.33683035714285714
women-with-glass_87-jpg_aug_png_jpg.rf.Zs2TC3UcyJmad6KcZ5VP.jpg,Pleine,0.9,0.5728732046532787
women-with-glass_87_jpg.rf.7OLAJnkVsC4pi69HYUJ3.jpg,Pleine,0.9,0.28698939644758625
women-with-glass_87_jpg.rf.lsjzNmNltUTVXSzF5rzy.jpg,Pleine,0.9,0.28701176681132834
women-with-glass_87_jpg.rf.NKQEyidoyrzeTDdQRueq.jpg,Pleine,0.9,0.23281557152524895
women-with-glass_87_jpg.rf.TDEHGN0iVUF5ErV7Olm3.jpg,Pleine,0.9,0.23279945860591023
women-with-glass_88-jpg_aug_png_jpg.rf.IlPisXZe9XI5Fcum6rmL.jpg,Percée,0.75,0.0449908750360196
women-with-glass_88_jpg.rf.1AAZCFYe5gGgSYvyiblO.jpg,Pleine,0.9,0.3783225806451613
women-with-glass_88_jpg.rf.iPXAnuVhIK8ygQts4B0Z.jpg,Semi-cerclée,0.8,0.0902374874294113
women-with-glass_88_jpg.rf.KiUnzsbA3fXceCaZTmZZ.jpg,Pleine,0.9,0.1212212389380531
women-with-glass_88_jpg.rf.QRzaiXHas28u283VmPtc.jpg,Pleine,0.9,0.37806095716390026
women-with-glass_88_jpg.rf.UGeswAuaElfuFEloBHAe.jpg,Pleine,0.9,0.1212212389380531
women-with-glass_88_jpg.rf.xI6WtTkXyielWhGkxEuu.jpg,Semi-cerclée,0.8,0.09022781774580335
women-with-glass_89-jpg_cloud_affine_aug_png_jpg.rf.ZKOmjTSZiNI54XbTysXQ.jpg,Pleine,0.9,0.3436071228042031
women-with-glass_89-jpg_dropout_aug_png_jpg.rf.7NhGtEw0YCMPkuORNvZg.jpg,Pleine,0.9,0.5220963259322603
women-with-glass_89-jpg_flip_aug_png_jpg.rf.NfeQ5kFCjM4z8EH91e8a.jpg,Pleine,0.9,0.5050818746470921
women-with-glass_89-jpg_shear_aug_png_jpg.rf.9LgnxxbQRcMyU0vIrJoy.jpg,Pleine,0.9,0.5222842472909639
women-with-glass_89_jpg.rf.MF79rfecbtNUXBaPvVl5.jpg,Pleine,0.9,0.5222795712060593
women-with-glass_90-jpg_cloud_affine_aug_png_jpg.rf.05NMe7VPcjaXAb1gxRA4.jpg,Semi-cerclée,0.8,0.05775337991107885
women-with-glass_90-jpg_dropout_aug_png_jpg.rf.ukYNKX00zigR3Vio1zKE.jpg,Pleine,0.9,0.19105496538743738
women-with-glass_90-jpg_flip_aug_png_jpg.rf.DgeJAAmBmLjPsVqOYPA7.jpg,Pleine,0.9,0.1502395902181097
women-with-glass_90-jpg_shear_aug_png_jpg.rf.PoBt9PN5ftpJ9Gw6PAkb.jpg,Pleine,0.9,0.14742453539585348
women-with-glass_90_jpg.rf.9s8nusiNJZl1D9ZTuqh0.jpg,Pleine,0.9,0.16755161366872331
women-with-glass_90_jpg.rf.KphhNfKrL8oTxr9kQk24.jpg,Pleine,0.9,0.16755161366872331
women-with-glass_91-jpg_aug_png_jpg.rf.oOyVG53p05Qo86txdMAl.jpg,Pleine,0.9,0.3301089324618736
women-with-glass_91-jpg_aug_png_jpg.rf.x8E2N4lCN6QUunj2zu8v.jpg,Pleine,0.9,0.21437685155310474
women-with-glass_91_jpg.rf.fGlgyUEaXaR815CXsFaK.jpg,Pleine,0.9,0.19703670942061036
women-with-glass_91_jpg.rf.Iq17YUcoVgjhIg7lDLiV.jpg,Pleine,0.9,0.34115507582201626
women-with-glass_91_jpg.rf.pvGZUAra1FlBwdqWBr6l.jpg,Pleine,0.9,0.40021661697875144
women-with-glass_91_jpg.rf.qmVE343oeWksVuLs4Qo8.jpg,Pleine,0.9,0.4001161245659286
women-with-glass_91_jpg.rf.W981x7etEBSpZ1LStpEy.jpg,Pleine,0.9,0.34330869834771743
women-with-glass_91_jpg.rf.YLsBUrRhrNZdfv9ZhVhW.jpg,Pleine,0.9,0.19703670942061036
women-with-glass_92-jpg_aug_png_jpg.rf.aCK1UydofL1Z6Re5ueme.jpg,Pleine,0.9,0.7093015992003998
women-with-glass_92-jpg_aug_png_jpg.rf.GMmtNXDtYPfWODXnuriU.jpg,Pleine,0.9,1.0
women-with-glass_92-jpg_aug_png_jpg.rf.HhyzGHsDsxEeACZ4PdDt.jpg,Pleine,0.9,0.4736238532110092
women-with-glass_92_jpg.rf.ay21xNlFlEIjZwo8sfbp.jpg,Percée,0.75,0.04865938430983118
women-with-glass_92_jpg.rf.b10uTfJDI4PcUrdF31y7.jpg,Pleine,0.9,0.1522474855808189
women-with-glass_92_jpg.rf.ibgJPdfMvCWAd0TOkdcB.jpg,Percée,0.75,0.04854904556989959
women-with-glass_92_jpg.rf.JZkuZAYb7PoMKpqvJEfJ.jpg,Pleine,0.9,0.4626432391138274
women-with-glass_92_jpg.rf.Q4PxVeDye2gpGxyJuvJq.jpg,Pleine,0.9,0.15248581915248582
women-with-glass_92_jpg.rf.UJp7UZ9KXbNf9rzlGOvK.jpg,Pleine,0.9,0.4596757852077001
women-with-glass_93-jpg_aug_png_jpg.rf.eiTl6Xbfq338OoLSJVDB.jpg,Pleine,0.9,0.15272799681401833
women-with-glass_95_jpg.rf.FLULqgPh3FpivQ7SvIYM.jpg,Percée,0.75,0.04558512523990563
women-with-glass_95_jpg.rf.QVGzICM69BvF0LBDBz74.jpg,Percée,0.75,0.04558512523990563
women-with-glass_97-jpg_aug_png_jpg.rf.4HnuehlSUVhjEWqt4BiM.jpg,Semi-cerclée,0.8,0.07763250490758918
women-with-glass_97-jpg_aug_png_jpg.rf.avTBrzD2tH9JgX8b51iI.jpg,Percée,0.75,0.04016870111290712
women-with-glass_97-jpg_aug_png_jpg.rf.v69DYq2BPwcE3iv3Kvnp.jpg,Semi-cerclée,0.8,0.09484295956618262
women-with-glass_97_jpg.rf.aODLnnbPoiUGkGezm3HM.jpg,Percée,0.75,0.016674440298507464
women-with-glass_97_jpg.rf.BM4IlOXzC8BX6mM7Ya4y.jpg,Percée,0.75,0.01737025397095048
women-with-glass_97_jpg.rf.cXkYchSzkp9vKiNnSQ7Y.jpg,Pleine,0.9,0.16624083769633508
women-with-glass_97_jpg.rf.e99B9o4pQRLUjbWYY9la.jpg,Percée,0.75,0.01655783582089552
women-with-glass_97_jpg.rf.qqtOQkfwI3tLJPnqpmck.jpg,Pleine,0.9,0.16607329842931937
women-with-glass_97_jpg.rf.rYW4HNvbWzkuGcO9grcs.jpg,Percée,0.75,0.01741272402955916
women-with-glass_98-jpg_aug_png_jpg.rf.DwxfEWvPx7170SkWuHoq.jpg,Percée,0.75,0.02064971040040292
women-with-glass_98-jpg_aug_png_jpg.rf.l2aKiDDRZQUmBcVY2rdT.jpg,Percée,0.75,0.0046455703120730175
women-with-glass_98_jpg.rf.cxNtv4WVuMJxrAPTKET8.jpg,Percée,0.75,0.031317695116667696
women-with-glass_98_jpg.rf.InDw5v5yimkdfp6E1t12.jpg,Percée,0.75,0.013833306345277475
women-with-glass_98_jpg.rf.jz3xvB6hciITi2YsYY1K.jpg,Percée,0.75,0.012673872967990616
women-with-glass_98_jpg.rf.nQwrTEQyLgeds3FnU78z.jpg,Percée,0.75,0.012571570823998008
women-with-glass_98_jpg.rf.r5xKpzO8kmgdwv6w2KWC.jpg,Percée,0.75,0.031317695116667696
women-with-glass_98_jpg.rf.UZGWJK11g7PpdqMVAYVI.jpg,Percée,0.75,0.01385643896458396
women-with-glass_99_jpg.rf.dv17CtbWm7dfEemMUxGN.jpg,Semi-cerclée,0.8,0.08220452900423948
women-with-glass_99_jpg.rf.KhDRpRZJ110A6hRx2w97.jpg,Percée,0.75,0.016081240188383045
women-with-glass_99_jpg.rf.lkjZhKpTEHQOEWGI6jtw.jpg,Percée,0.75,0.039336630782659296
women-with-glass_99_jpg.rf.LxKd6CP0901zBp7zTZyq.jpg,Percée,0.75,0.03946155264613682
women-with-glass_99_jpg.rf.WuUgbq6ISDHJjKBuYPek.jpg,Semi-cerclée,0.8,0.08256196161402449
women-with-glass_99_jpg.rf.xCeqbOBppHRgzx6R78nx.jpg,Percée,0.75,0.0160273585549071
women-with-glass_9_jpg.rf.76gamd4ASje7E4dNagZT.jpg,Semi-cerclée,0.8,0.1170839469808542
women-with-glass_9_jpg.rf.7XQggUu3hvvy5MJbD7xh.jpg,Semi-cerclée,0.8,0.1170839469808542
women-with-glass_9_jpg.rf.PJvwGvKktgzUlzFYyYHZ.jpg,Pleine,0.9,0.2563908418965206
women-with-glass_9_jpg.rf.pnvfFVUisH3wqFvt6igr.jpg,Pleine,0.9,0.25642689742202995
women-with-glass_9_jpg.rf.QzjglU5eIw1eUtzPT7uL.jpg,Pleine,0.9,0.2512916666666667
women-with-glass_9_jpg.rf.Vkdtn3kY2uyH6uOtywgD.jpg,Pleine,0.9,0.25263819095477386
zipangu_citizen_eyewear_1621531026_01e5d892_jpg.rf.Ix8VZjexuP8kuIU0AmDX.jpg,Pleine,0.9,0.7180298180592992
zipangu_citizen_eyewear_1621531026_01e5d892_jpg.rf.JfKs8vCD5KgNXukOYaYR.jpg,Pleine,0.9,0.7181014150943397
zoo_york_eyeglasses_frame_1518333833_4f7ba12f_jpg.rf.oAGqiyzgqcTQFkE5ED6K.jpg,Pleine,0.9,0.6723677884615384
